TF_Name,GSM_ID,Cluster_ID,Cluster_Type,TF_Count_in_Cluster,Single_ROC_AUC,MTL_ROC_AUC,Delta_ROC_AUC,Single_PR_AUC,MTL_PR_AUC,Delta_PR_AUC,Single_Accuracy,MTL_Accuracy,Delta_Accuracy,Single_Precision,MTL_Precision,Delta_Precision,Single_Recall,MTL_Recall,Delta_Recall,Single_F1,MTL_F1,Delta_F1,Single_MCC,MTL_MCC,Delta_MCC
AFF1,GSM2364545,333,MTL,2,0.977637888888889,0.9775876666666666,-5.022222222239581e-05,0.9765434907543544,0.97643291162872,-0.00011057912563439132,0.9301666666666667,0.9285,-0.0016666666666667052,0.9145518792161902,0.9255213505461768,0.010969471329986602,0.949,0.932,-0.016999999999999904,0.9314575494847047,0.9287493771798704,-0.002708172304834333,0.8609442944311807,0.8570209972716529,-0.003923297159527772
AFF4,GSM1405081,333,MTL,2,0.9553618888888891,0.9527631666666666,-0.0025987222222224604,0.9570503327895968,0.9530855971452478,-0.003964735644349071,0.8806666666666667,0.884,0.0033333333333332993,0.9210914454277286,0.9070671378091872,-0.014024307618541343,0.8326666666666667,0.8556666666666667,0.02300000000000002,0.8746498599439776,0.8806174957118353,0.0059676357678577485,0.7648659939230756,0.7692360442711393,0.004370050348063703
ARID1B,GSM2424019,326,MTL,2,0.9238270000000001,0.9203411111111112,-0.0034858888888888995,0.9308958318143857,0.9267950332324552,-0.004100798581930576,0.8466666666666667,0.8535,0.006833333333333358,0.9094488188976378,0.8748674443266172,-0.03458137457102062,0.77,0.825,0.05499999999999994,0.8339350180505415,0.8492022645393721,0.0152672464888306,0.7016304477063442,0.7081513277587411,0.006520880052396927
ARID3A,GSM2574781,407,MTL,2,0.9333793103448277,0.9319545376565448,-0.0014247726882828937,0.9050387712109992,0.8998272201056827,-0.005211551105316459,0.8620271090430912,0.8600040461258345,-0.002023062917256735,0.8706643151087595,0.8564102564102564,-0.014254058698503158,0.7622233659289758,0.7735460627895008,0.011322696860525006,0.8128430296377607,0.8128718226068145,2.879296905378137e-05,0.7082527454461742,0.7038216047390113,-0.004431140707162884
ARID3B,GSM5215174,407,MTL,2,0.9484352473278648,0.956290579169774,0.00785533184190923,0.9023242003091076,0.9253013988840236,0.02297719857491598,0.8970283344851416,0.9023266528449666,0.005298318359824972,0.8396656534954408,0.896969696969697,0.05730404347425622,0.8240119313944817,0.7725577926920209,-0.05145413870246085,0.8317651486639067,0.8301282051282052,-0.0016369435357015405,0.7576533801285938,0.7663031338714096,0.008649753742815736
ARID4A,GSM5215315,276,MTL,2,0.9729025555555555,0.9759825,0.0030799444444444823,0.9696775549627349,0.9719610582733024,0.0022835033105674807,0.9038333333333334,0.9186666666666666,0.014833333333333254,0.9294576391350585,0.9128862590401052,-0.016571380094953292,0.874,0.9256666666666666,0.05166666666666664,0.9008761381205979,0.9192320423700762,0.018355904249478305,0.8091082083841716,0.8374154040645946,0.028307195680422947
ARID4B,GSM2534717,276,MTL,2,0.9668463333333333,0.9722033888888888,0.0053570555555555455,0.9642958799531086,0.9710370473476496,0.006741167394541003,0.8956666666666667,0.9126666666666666,0.016999999999999904,0.926978417266187,0.8910296904611498,-0.035948726805037245,0.859,0.9403333333333334,0.08133333333333337,0.8916955017301038,0.9150178397664612,0.023322338036357415,0.7934697615399191,0.8265997357882635,0.03312997424834441
AR,GSM980658,405,MTL,4,0.9489004444444444,0.9585761111111112,0.009675666666666749,0.9504124732580893,0.9601320303469386,0.009719557088849307,0.877,0.8921666666666667,0.015166666666666662,0.8541014402003757,0.8752791068580542,0.021177666657678507,0.9093333333333333,0.9146666666666666,0.005333333333333301,0.880852437843074,0.8945395273023635,0.013687089459289536,0.755581492040547,0.7851286789685618,0.029547186928014724
ATF1,GSM1861935,226,MTL,3,0.9659127777777778,0.976754,0.010841222222222169,0.9618244639873004,0.9756959564451728,0.013871492457872447,0.8991666666666667,0.9213333333333332,0.022166666666666557,0.9049712546499831,0.9401114206128134,0.035140165962830316,0.892,0.9,0.008000000000000007,0.8984388114822898,0.9196185286103542,0.021179717128064435,0.7984153525454174,0.8434347294134938,0.045019376868076444
ATF3,GSM1917770,346,MTL,2,0.9847919444444444,0.9846710555555556,-0.00012088888888883709,0.9848293573013085,0.9846354947278368,-0.00019386257347164815,0.9375,0.9421666666666668,0.004666666666666819,0.9232505643340858,0.93278955954323,0.009538995209144141,0.9543333333333334,0.953,-0.0013333333333334085,0.9385346664481232,0.9427864798021436,0.004251813354020362,0.8754963038839771,0.8845409791300035,0.009044675246026368
ATF7,GSM2828822,347,MTL,3,0.9486081666666666,0.9486315555555556,2.33888888889755e-05,0.9524088782125577,0.953367575654765,0.0009586974422073347,0.8756666666666667,0.8866666666666667,0.01100000000000001,0.9368217054263566,0.901940401940402,-0.03488130348595453,0.8056666666666666,0.8676666666666667,0.062000000000000055,0.8663082437275985,0.8844716275908936,0.01816338386329508,0.7588064358159313,0.7738922854180035,0.015085849602072154
Arid1a,GSM3499207,326,MTL,2,0.9325931111111111,0.933848,0.0012548888888889165,0.9413987479097226,0.9422734120895384,0.0008746641798158539,0.8611666666666666,0.8621666666666666,0.0010000000000000009,0.9188248936992656,0.9046554934823092,-0.01416940021695634,0.7923333333333333,0.8096666666666666,0.01733333333333331,0.8509038840164668,0.8545294635004398,0.003625579483973018,0.7292770602161168,0.7283595433136598,-0.0009175169024570051
Atf2,GSM2824378,347,MTL,3,0.9931887222222221,0.9925114444444444,-0.0006772777777777073,0.9952247256773945,0.9947721813593318,-0.000452544318062742,0.981,0.9806666666666668,-0.0003333333333331856,0.9891525423728813,0.9851951547779272,-0.00395738759495412,0.9726666666666667,0.976,0.0033333333333332993,0.9808403361344538,0.9805760214333556,-0.0002643147010981117,0.9621336389532044,0.961375207476538,-0.0007584314766663214
BATF,GSM803538,150,MTL,2,0.9535002222222222,0.960347777777778,0.006847555555555829,0.9567131749288716,0.963909393884908,0.007196218956036393,0.8893333333333333,0.9,0.010666666666666713,0.899452804377565,0.907055630936228,0.007602826558662956,0.8766666666666667,0.8913333333333333,0.014666666666666606,0.8879135719108711,0.8991257565568258,0.011212184645954748,0.7789166524810908,0.8001202048646189,0.021203552383528113
BCL6B,GSM2827437,112,MTL,2,0.9010600255427843,0.908439974457216,0.007379948914431722,0.8975765721877128,0.9060189428416696,0.00844237065395681,0.828698752228164,0.83475935828877,0.006060606060605989,0.8425425841296219,0.865392965696917,0.02285038156729513,0.7770114942528735,0.7636015325670498,-0.013409961685823757,0.8084512656966315,0.8113169143089762,0.002865648612344729,0.6557383704011033,0.6694793645899687,0.01374099418886543
BCL6,GSM763404,112,MTL,2,0.9708852222222222,0.9681294444444444,-0.0027557777777778014,0.9641194733302623,0.9599197609330846,-0.004199712397177646,0.9215,0.9145,-0.007000000000000006,0.8962707615167659,0.895641107222399,-0.0006296542943668992,0.9533333333333334,0.9383333333333334,-0.015000000000000013,0.923921821999677,0.91649031417874,-0.007431507820936933,0.8447137385046141,0.8299433979890843,-0.014770340515529723
Batf3,GSM4815741,150,MTL,2,0.9641859999999999,0.9666779444444444,0.0024919444444445604,0.969776927169578,0.9716535494135864,0.001876622244008419,0.9126666666666666,0.9225,0.00983333333333336,0.9334733893557423,0.9336298323640096,0.00015644300826733737,0.8886666666666667,0.9096666666666666,0.020999999999999908,0.9105191256830601,0.9214924869154144,0.010973361232354262,0.826285763448931,0.8452784712066489,0.018992707757717886
Bcl11a,GSM803388,44,MTL,2,0.9517007777777777,0.9509041111111112,-0.0007966666666665567,0.9528052176821287,0.9528087145515616,3.49686943290628e-06,0.8805,0.8703333333333333,-0.010166666666666657,0.8504758980657047,0.920196671709531,0.06972077364382634,0.9233333333333333,0.811,-0.11233333333333329,0.885408342656225,0.8621545003543586,-0.023253842301866445,0.763807869176803,0.7459373495960598,-0.01787051958074315
Bhlhe40,GSM2828892,292,MTL,2,0.9625945555555555,0.9617584444444444,-0.0008361111111111486,0.9632307008771488,0.9621169229734328,-0.001113777903716029,0.9065,0.9045,-0.0020000000000000018,0.9079959852793577,0.928950159066808,0.020954173787450348,0.9046666666666666,0.876,-0.028666666666666618,0.9063282684922358,0.9016984045290788,-0.00462986396315701,0.8130054652217744,0.8103174316220956,-0.0026880335996788407
Bhlhe41,GSM2515691,292,MTL,2,0.9211925925925926,0.9120074074074076,-0.009185185185184963,0.7838609302935633,0.7609193534714772,-0.022941576822086085,0.9224691358024691,0.9441975308641976,0.02172839506172841,0.6096774193548387,0.8294117647058824,0.21973434535104375,0.84,0.6266666666666667,-0.21333333333333326,0.7065420560747664,0.7139240506329114,0.007381994558145033,0.6744802346594742,0.6919206327622955,0.017440398102821386
CDX2,GSM3175501,386,MTL,2,0.9607002222222221,0.9608453333333332,0.00014511111111115138,0.9622371769377325,0.9618420561048484,-0.0003951208328840661,0.8936666666666667,0.895,0.0013333333333332975,0.9019741320626277,0.8905735003295979,-0.011400631733029742,0.8833333333333333,0.9006666666666666,0.01733333333333331,0.8925564163017851,0.8955916473317865,0.003035231030001473,0.7875015266205752,0.7900507404436039,0.002549213823028751
CDX4,GSM5667453,386,MTL,2,0.9135590717299579,0.917731364275668,0.004172292545710166,0.7905104380809492,0.8014963711619898,0.010985933081040566,0.9349453080023028,0.9407023603914796,0.005757052389176787,0.7897196261682243,0.8366834170854272,0.04696379091720282,0.7130801687763713,0.7025316455696202,-0.010548523206751037,0.7494456762749445,0.7637614678899083,0.014315791614963769,0.7134025235355703,0.7337972720471881,0.020394748511617822
CEBPA,GSM3392789,343,MTL,3,0.9478951111111112,0.9533771111111112,0.005481999999999987,0.9567784407558929,0.9617907970725984,0.005012356316705491,0.8878333333333334,0.8941666666666667,0.006333333333333302,0.8964224872231686,0.8950885399264952,-0.0013339472966734656,0.877,0.893,0.016000000000000014,0.8866048862679022,0.8940430502252628,0.007438163957360522,0.7758487969979337,0.7883354793606148,0.012486682362681023
CEBPD,GSM5214881,343,MTL,3,0.9672530555555555,0.9682076666666668,0.0009546111111112809,0.9658241115745211,0.9677254245834538,0.0019013130089327035,0.9073333333333333,0.9001666666666667,-0.0071666666666666545,0.915929203539823,0.8694983071714374,-0.0464308963683856,0.897,0.9416666666666668,0.04466666666666674,0.9063657797238127,0.9041446631461034,-0.0022211165777092923,0.8148406990096044,0.8031044071937093,-0.011736291815895084
CREM,GSM2527443,226,MTL,3,0.9779438888888888,0.9838449444444444,0.005901055555555534,0.9759525042016218,0.9825747620241742,0.006622257822552324,0.93,0.9371666666666668,0.0071666666666667656,0.9488517745302714,0.9577661431064572,0.008914368576185883,0.909,0.9146666666666666,0.005666666666666598,0.9284984678243106,0.9357203751065644,0.007221907282253803,0.8607595249994179,0.8752199425986135,0.014460417599195585
CTCFL,GSM1817667,85,MTL,2,0.9950574444444445,0.9957332222222224,0.0006757777777778307,0.9954763079772971,0.9964719102090056,0.00099560223170847,0.969,0.9761666666666666,0.0071666666666666545,0.9553398058252427,0.9801680672268908,0.024828261401648066,0.984,0.972,-0.01200000000000001,0.9694581280788177,0.9760669456066946,0.006608817527876898,0.9384223851313566,0.9523664021853088,0.013944017053952207
Cebpb,GSM1684643,343,MTL,3,0.9867755555555555,0.9863685555555556,-0.0004069999999999352,0.9880177924791848,0.9871069349295228,-0.0009108575496619142,0.9588333333333333,0.958,-0.0008333333333333526,0.9741646572511196,0.9689419795221844,-0.005222677728935143,0.9426666666666667,0.9463333333333334,0.003666666666666707,0.9581568693884466,0.957504215851602,-0.0006526535368446273,0.9181467278667217,0.916249457421959,-0.001897270444762733
Creb1,GSM1861929,226,MTL,3,0.9762961666666666,0.9824846666666668,0.006188500000000152,0.97527064233785,0.981361829535434,0.006091187197584058,0.9141666666666667,0.9345,0.020333333333333314,0.9461400359066428,0.950882047734348,0.004742011827705284,0.8783333333333333,0.9163333333333332,0.03799999999999992,0.9109766637856526,0.933288066542183,0.02231140275653043,0.8304687687568777,0.8695741568034371,0.039105388046559386
Creb5,GSM4087688,347,MTL,3,0.9604121111111112,0.9621740555555556,0.00176194444444433,0.9562234378626813,0.96147112732882,0.0052476894661387385,0.8946666666666667,0.892,-0.002666666666666706,0.8954575818303273,0.8605150214592274,-0.034942560371099884,0.8936666666666667,0.9356666666666666,0.041999999999999926,0.8945612278945613,0.8965186841264772,0.0019574562319158995,0.789334912004736,0.787007039800454,-0.0023278722042821
Ctcf,GSM3094388,85,MTL,2,0.9875368333333333,0.9896093888888888,0.002072555555555522,0.9889856793760387,0.9905347721735792,0.0015490927975405633,0.952,0.9561666666666668,0.004166666666666874,0.9466403162055336,0.9681833732466644,0.021543057041130798,0.958,0.9433333333333334,-0.014666666666666606,0.952286282306163,0.9555968259328044,0.0033105436266414046,0.9040650950303476,0.9126339943560544,0.008568899325706814
DBP,GSM5331377,245,MTL,2,0.9682977893368011,0.9770852477965613,0.008787458459760145,0.9595845439713292,0.9702706207802912,0.010686076808962053,0.902016205012248,0.9206708121349162,0.0186546071226682,0.9153881915388191,0.9092881944444444,-0.006099997094374698,0.8534893801473775,0.9081057650628522,0.054616384915474714,0.8833557649170032,0.9086965950986772,0.02534083018167399,0.8005192980158214,0.838565601578918,0.03804630356309657
DLX4,GSM5213952,389,MTL,2,0.8968101152081126,0.9011862147031108,0.004376099494998176,0.6882680496938173,0.6968813316040139,0.008613281910196613,0.9325469959454479,0.9340213785477331,0.0014743826022852735,0.7219730941704036,0.8083832335329342,0.08641013936253061,0.5709219858156028,0.4787234042553192,-0.09219858156028365,0.6376237623762376,0.6013363028953229,-0.03628745948091472,0.6060304657187027,0.5911604190637875,-0.014870046654915203
DLX6,GSM5214395,389,MTL,2,0.9580163888888888,0.9576701111111112,-0.00034627777777762603,0.9516908122131624,0.9520368062538004,0.0003459940406379536,0.8933333333333333,0.8935,0.0001666666666666483,0.8823720025923526,0.8789727126805779,-0.003399289911774739,0.9076666666666666,0.9126666666666666,0.0050000000000000044,0.8948406178113704,0.8955028618152086,0.000662244003838186,0.7869900986148068,0.7875788644239005,0.0005887658090936165
E2F1,GSM2501567,284,MTL,5,0.9545632222222223,0.9591096666666664,0.0045464444444440755,0.9526176491588977,0.9618321071550184,0.00921445799612075,0.8921666666666667,0.895,0.0028333333333333544,0.8954621848739496,0.928416485900217,0.032954301026267396,0.888,0.856,-0.03200000000000003,0.8917154811715481,0.890738813735692,-0.0009766674358561156,0.7843605685481385,0.7924142016040873,0.00805363305594875
E2F2,GSM5213912,284,MTL,5,0.979126611111111,0.9821215,0.0029948888888889913,0.9780146011517866,0.981800855039066,0.0037862538872793783,0.9238333333333333,0.9325,0.008666666666666711,0.9398132134209616,0.9435897435897436,0.0037765301687819886,0.9056666666666666,0.92,0.01433333333333342,0.9224240366661008,0.9316455696202532,0.0092215329541524,0.8482267283280172,0.8652704392750148,0.017043710946997637
E2F3,GSM5214110,284,MTL,5,0.9642392835731416,0.9669322541966426,0.0026929706235010453,0.9568556380405251,0.9599402625563986,0.0030846245158735464,0.8987366003062787,0.9058192955589588,0.007082695252680127,0.9214321233217305,0.920388349514563,-0.0010437738071674696,0.83318345323741,0.8525179856115108,0.019334532374100766,0.8750885478158206,0.8851540616246498,0.010065513808829252,0.7931382022936423,0.8072315703015941,0.014093368007951801
E2F4,GSM5215179,284,MTL,5,0.982764388888889,0.9851673333333332,0.0024029444444442216,0.9808869175151483,0.9830386899313102,0.0021517724161618235,0.9371666666666667,0.9423333333333334,0.005166666666666653,0.9370209930023325,0.94650067294751,0.0094796799451774,0.9373333333333334,0.9376666666666666,0.0003333333333332966,0.9371771371438093,0.9420629604822504,0.004885823338441009,0.8743333819074114,0.8847052013324312,0.010371819425019857
E2F5,GSM5214544,284,MTL,5,0.9823302222222223,0.9845668888888888,0.0022366666666664425,0.982178970200794,0.9821974793278576,1.8509127063581765e-05,0.922,0.9325,0.010499999999999954,0.9668141592920354,0.9605963791267306,-0.0062177801653048315,0.874,0.902,0.028000000000000025,0.9180672268907563,0.9303764827230532,0.012309255832296917,0.8479162419497493,0.8666138377167713,0.018697595767021902
EBF1,GSM5071691,440,MTL,2,0.9716647222222223,0.9738295555555556,0.0021648333333332825,0.9729161509499316,0.974304078705352,0.001387927755420404,0.919,0.9238333333333332,0.004833333333333134,0.9105160026126714,0.913227169320767,0.0027111667080955693,0.9293333333333333,0.9366666666666666,0.007333333333333303,0.9198284394589245,0.9247984202731612,0.0049699808142367186,0.8381790169026783,0.8479460166779126,0.00976699977523432
EBF3,GSM2410317,440,MTL,2,0.9439465555555555,0.9479266666666666,0.003980111111111073,0.9433103164205958,0.9492924076265276,0.005982091205931739,0.8723333333333333,0.8786666666666667,0.006333333333333413,0.890013966480447,0.8697916666666666,-0.02022229981378032,0.8496666666666667,0.8906666666666667,0.041000000000000036,0.8693724420190996,0.8801054018445322,0.010732959825432653,0.7454330344677789,0.7575515396029678,0.012118505135188973
EGR1,GSM5214022,63,MTL,3,0.9818607777777777,0.9842437777777776,0.002382999999999913,0.9800827373033376,0.9840370425831384,0.003954305279800785,0.9326666666666666,0.9378333333333332,0.005166666666666542,0.939106901217862,0.9252185173195208,-0.013888383898341239,0.9253333333333333,0.9526666666666668,0.02733333333333343,0.9321692411014103,0.938741993759238,0.006572752657827641,0.8654264197589534,0.8760522631926643,0.010625843433710869
EGR3,GSM2026802,63,MTL,3,0.9920887777777777,0.9935347222222224,0.00144594444444468,0.9898366928100928,0.9914782711912092,0.0016415783811164486,0.9633333333333334,0.969,0.005666666666666598,0.9624085163007319,0.9527027027027029,-0.009705813598029023,0.9643333333333334,0.987,0.022666666666666613,0.9633699633699634,0.9695481335952848,0.006178170225321411,0.9266685200055601,0.9386084154437218,0.011939895438161652
ELF1,GSM1010764,160,MTL,3,0.9670304999999999,0.9714448888888888,0.004414388888888898,0.9651437020102673,0.9710427037966456,0.005899001786378255,0.9011666666666667,0.9106666666666666,0.009499999999999953,0.9221325850578744,0.9128686327077749,-0.00926395235009958,0.8763333333333333,0.908,0.03166666666666673,0.8986498034524013,0.910427807486631,0.011778004034229683,0.8033247569456693,0.821345014767723,0.018020257822053742
ELF2,GSM5374824,160,MTL,3,0.9175724444444444,0.9219946666666669,0.004422222222222438,0.9189261618746905,0.9285359269123716,0.009609765037681184,0.84,0.8416666666666667,0.0016666666666667052,0.8896103896103896,0.8888467374810318,-0.0007636521293578058,0.7763333333333333,0.781,0.004666666666666708,0.829120683517266,0.8314407381121363,0.00232005459487028,0.685580639321973,0.6884195015602674,0.0028388622382944373
ELF3,GSM1574273,161,MTL,3,0.9345648888888888,0.9397878888888888,0.005222999999999978,0.9382352215547538,0.9444643798005212,0.006229158245767419,0.8368333333333333,0.8665,0.02966666666666673,0.9441758241758241,0.9263280341217526,-0.017847790054071555,0.716,0.7963333333333333,0.08033333333333337,0.8144075829383887,0.8564258827746908,0.04201829983630212,0.6942445425912737,0.7403260328543074,0.046081490263033764
ELK3,GSM5215532,166,MTL,3,0.8785488114362879,0.8823677419354838,0.003818930499195905,0.635320341687774,0.8014078513617158,0.1660875096739418,0.9187439300744578,0.8893129770992366,-0.029430952975221136,0.5923566878980892,0.914572864321608,0.32221617642351885,0.6019417475728155,0.5870967741935483,-0.014844973379267157,0.5971107544141252,0.7151277013752456,0.11801694696112042,0.5519514596940673,0.6750654213896234,0.1231139616955561
ELK4,GSM5668838,166,MTL,3,0.9796576187625733,0.981189,0.0015313812374266877,0.9718494742356318,0.9820620380463942,0.01021256381076241,0.9303482587064676,0.9385,0.008151741293532355,0.9311475409836065,0.953464322647363,0.022316781663756502,0.8981657179000633,0.922,0.023834282099936765,0.9143593045717965,0.9374682257244534,0.023108921152656947,0.8560928587679463,0.8774779168740494,0.02138505810610314
EMX1,GSM1327160,395,MTL,2,0.9875229444444444,0.9857257222222222,-0.0017972222222222278,0.9813678165415991,0.9789450666814202,-0.0024227498601788744,0.9531666666666667,0.9473333333333334,-0.005833333333333357,0.9344838606583573,0.9244149272612272,-0.010068933397130109,0.9746666666666667,0.9743333333333334,-0.0003333333333332966,0.9541523902757383,0.9487179487179488,-0.005434441557789493,0.9071724022582858,0.8959739503919327,-0.011198451866353043
ESR2,GSM542548,196,MTL,2,0.9880483333333332,0.9896915555555555,0.0016432222222223514,0.9877473703528035,0.9895645145158958,0.0018171441630923102,0.9381666666666667,0.955,0.016833333333333256,0.9033445842282909,0.9375,0.03415541577170911,0.9813333333333333,0.975,-0.006333333333333302,0.9407253554880971,0.9558823529411764,0.015156997453079302,0.8796175547580789,0.9107288747664328,0.031111320008353927
ESRRA,GSM2160188,195,MTL,3,0.9485928888888888,0.9498604444444444,0.0012675555555555773,0.9477858253721962,0.9505087959848222,0.002722970612625941,0.8863333333333333,0.8798333333333334,-0.00649999999999995,0.8902356902356903,0.8618609082248333,-0.02837478201085697,0.8813333333333333,0.9046666666666666,0.023333333333333317,0.8857621440536013,0.8827451618149292,-0.0030169822386720835,0.7727053028977415,0.7606053681259578,-0.012099934771783727
ESRRG,GSM3119070,195,MTL,3,0.9493836666666668,0.9511721111111112,0.0017884444444443703,0.9474268458400871,0.9488320716878424,0.0014052258477553758,0.8798333333333334,0.8816666666666667,0.0018333333333333535,0.8487909397000306,0.853831891223733,0.0050409515237024305,0.9243333333333333,0.921,-0.0033333333333332993,0.8849529280357428,0.886144964720975,0.0011920366852322672,0.7626933190007782,0.7657062756097874,0.003012956609009243
ETS1,GSM1252929,163,MTL,3,0.9724585555555555,0.9710900555555554,-0.0013685000000001057,0.9724935013956357,0.9687700389235564,-0.003723462472079331,0.913,0.9136666666666666,0.0006666666666665932,0.8888888888888888,0.8885410144020037,-0.0003478744868851136,0.944,0.946,0.0020000000000000018,0.915615906886518,0.9163706813044882,0.0007547744179702276,0.8275921636811222,0.8290686398075322,0.001476476126409998
ETV1,GSM2127447,162,MTL,3,0.9592853333333333,0.9597351666666666,0.0004498333333332605,0.959234520880157,0.9596067767182372,0.00037225583808020435,0.8956666666666667,0.8906666666666667,-0.0050000000000000044,0.9015561569688768,0.872299872935197,-0.029256284033679858,0.8883333333333333,0.9153333333333332,0.026999999999999913,0.8948959032907992,0.8932986337020169,-0.0015972695887822574,0.791418459363542,0.7822858682319493,-0.009132591131592704
ETV4,GSM738817,162,MTL,3,0.9096878889862154,0.93301799517465,0.023330106188434563,0.7324673441124571,0.79991451414132,0.06744717002886291,0.8868151715833835,0.9009632751354606,0.014148103552077074,0.7900262467191601,0.7658730158730159,-0.02415323084614418,0.5041876046901173,0.6465661641541038,0.1423785594639866,0.6155419222903885,0.701180744777475,0.08563882248708654,0.5721348361761359,0.6456418039250633,0.0735069677489274
Egr2,GSM2026759,63,MTL,3,0.9916694444444444,0.9941376666666666,0.002468222222222205,0.9907788071172385,0.9934049031282608,0.002626096011022261,0.9628333333333333,0.9685,0.005666666666666709,0.9617559028932491,0.9544131910766246,-0.007342711816624492,0.964,0.984,0.020000000000000018,0.962876643915432,0.9689807976366324,0.006104153721200323,0.9256691865473266,0.9374505532622822,0.011781366714955666
Ehf,GSM3138380,161,MTL,3,0.9520810555555556,0.9604887777777776,0.00840772222222208,0.9522326798776739,0.9606239576745428,0.008391277796868879,0.8883333333333333,0.897,0.008666666666666711,0.8736369467607441,0.92264017033357,0.04900322357282594,0.908,0.8666666666666667,-0.04133333333333333,0.890487087283426,0.8937779305603301,0.0032908432769040985,0.7772681595037213,0.7954651820780916,0.01819702257437028
Elf4,GSM5215543,160,MTL,3,0.958320918435456,0.9617383526898944,0.0034174342544384118,0.9502358077935823,0.9561073831559246,0.005871575362342285,0.8908495543023467,0.8993996725486629,0.00855011824631624,0.8835422563687828,0.8970588235294118,0.01351656716062899,0.8750500600720865,0.8794553464156989,0.004405286343612369,0.8792756539235412,0.8881698685540951,0.008894214630553843,0.7797085783157954,0.7968953355399571,0.01718675722416163
Elf5,GSM773912,161,MTL,3,0.9363025210084034,0.934453781512605,-0.001848739495798335,0.8611493827999609,0.8940307252705041,0.032881342470543196,0.9330143540669856,0.9473684210526316,0.014354066985646008,0.8333333333333334,0.96,0.1266666666666666,0.7352941176470589,0.7058823529411765,-0.02941176470588236,0.78125,0.8135593220338984,0.03230932203389836,0.7439099617585067,0.7963094449951775,0.052399483236670874
Elk1,GSM5213949,166,MTL,3,0.9674066666666666,0.978544,0.011137333333333332,0.964798363608455,0.9788754407459188,0.014077077137463867,0.8958333333333334,0.922,0.02616666666666667,0.9380302471412763,0.9377593360995852,-0.0002709110416910798,0.8476666666666667,0.904,0.056333333333333346,0.8905620731920855,0.920570264765784,0.030008191573698495,0.7953658103333374,0.8445474441732421,0.049181633839904704
Epas1,GSM2501227,420,MTL,2,0.9725163284587578,0.9756120604666448,0.003095732007887042,0.9426291097965865,0.950576305749956,0.007947195953369457,0.9253371868978806,0.9238921001926782,-0.0014450867052023808,0.876510067114094,0.9164179104477612,0.03990784333366726,0.9120111731843575,0.8575418994413407,-0.0544692737430168,0.893908281998631,0.886002886002886,-0.007905395995745024,0.8367362197189548,0.8300046180267534,-0.006731601692201439
Erg,GSM585590,165,MTL,2,0.9854964811260397,0.984128790786948,-0.0013676903390916761,0.9842055668432586,0.9837901015423683,-0.0004154653008902054,0.9480820695807315,0.9462979482604816,-0.001784121320249854,0.936231884057971,0.9237048665620096,-0.012527017495961412,0.969,0.9806666666666668,0.011666666666666825,0.9523341523341523,0.9513338722716248,-0.0010002800625275032,0.896007014541545,0.8935398723286849,-0.0024671422128600407
Esr1,GSM3261517,196,MTL,2,0.9528166666666666,0.9542520555555556,0.0014353888888889443,0.9509056286748404,0.9532267764812594,0.0023211478064190105,0.8736666666666667,0.8848333333333334,0.011166666666666658,0.8332342449464922,0.8711025393764062,0.03786829442991402,0.9343333333333333,0.9033333333333332,-0.03100000000000014,0.8808925204274042,0.886925216822124,0.0060326963947198164,0.7528958646332291,0.7701940450475694,0.01729818041434028
Esrrb,GSM5214290,195,MTL,3,0.9158663316555227,0.91468373680687,-0.001182594848652685,0.7330087744827015,0.7396269316587729,0.006618157176071393,0.9172233517281441,0.9140284635492304,-0.0031948881789136685,0.7197452229299363,0.7207207207207207,0.0009754977907844298,0.6890243902439024,0.6504065040650406,-0.03861788617886175,0.7040498442367601,0.6837606837606838,-0.020289160476076318,0.6561698113529286,0.6352830329268384,-0.020886778426090213
Ets2,GSM2298952,163,MTL,3,0.9307413600891861,0.9285813823857304,-0.002159977703455662,0.8038377043081019,0.8519273135349118,0.04808960922680994,0.9298780487804879,0.929878048780488,1.1102230246251565e-16,0.8222222222222222,0.7735849056603774,-0.04863731656184478,0.7115384615384616,0.7884615384615384,0.07692307692307687,0.7628865979381443,0.780952380952381,0.01806578301423667,0.7245912561140972,0.7392621236143959,0.014670867500298668
Etv2,GSM3516725,163,MTL,3,0.9796977241615332,0.982323579739904,0.002625855578370806,0.9725408024590674,0.9773810396197168,0.004840237160649408,0.9434114793856103,0.9415925626515764,-0.001818916734033893,0.9259448416751788,0.9104403760514596,-0.01550446562371921,0.9306981519507187,0.944558521560575,0.01386036960985626,0.9283154121863799,0.927185689090451,-0.0011297230959289584,0.8815792295964736,0.8788676274740673,-0.002711602122406287
Etv5,GSM5215523,162,MTL,3,0.9686251111111112,0.9700986666666668,0.0014735555555556168,0.9679152262746025,0.9681949455964668,0.0002797193218643246,0.9048333333333334,0.9123333333333332,0.00749999999999984,0.9195164075993092,0.8967286722257858,-0.02278773537352341,0.8873333333333333,0.932,0.04466666666666674,0.9031382527565733,0.9140241909120628,0.010885938155489439,0.8101630435928842,0.8253053333099599,0.015142289717075763
FOSB,GSM610337,345,MTL,4,0.987919,0.990001,0.0020820000000000283,0.9886577152536167,0.9908841687855632,0.002226453531946504,0.9536666666666667,0.9583333333333334,0.004666666666666708,0.9732267037552156,0.96673455532926,-0.0064921484259555795,0.933,0.9493333333333334,0.01633333333333331,0.9526889040163377,0.9579549276824756,0.005266023666137931,0.9081093921613673,0.9168152027619124,0.008705810600545094
FOSL1,GSM1010756,345,MTL,4,0.9524233333333333,0.958914222222222,0.006490888888888713,0.9592486623477574,0.9651213059276564,0.005872643579899028,0.8853333333333333,0.8985,0.01316666666666666,0.9382107657316149,0.9234856535600424,-0.014725112171572463,0.825,0.869,0.04400000000000004,0.8779709116708052,0.895414734672849,0.017443823002043835,0.7763393141781142,0.7983908106139573,0.022051496435843143
FOS,GSM3184658,345,MTL,4,0.9818330555555556,0.9845763333333332,0.0027432777777776085,0.98134241819757,0.9856860827891548,0.0043436645915848615,0.9393333333333334,0.9471666666666668,0.00783333333333347,0.9251612903225807,0.9500167728950016,0.024855482572420984,0.956,0.944,-0.01200000000000001,0.940327868852459,0.9469988296271526,0.006670960774693646,0.8791552219819624,0.8943512702247884,0.015196048242826055
FOXA1,GSM1716765,370,MTL,3,0.9639493333333333,0.9718866666666668,0.007937333333333463,0.9636513305113386,0.9715778913504096,0.007926560839071062,0.9028333333333334,0.9185,0.015666666666666607,0.8820739803983559,0.9022749118872156,0.020200931488859708,0.93,0.9386666666666666,0.0086666666666666,0.9054032127210774,0.9201110929586668,0.014707880237589399,0.8068585149274379,0.8376816382683255,0.03082312334088766
FOXA2,GSM2977503,370,MTL,3,0.9556061111111112,0.9516491111111112,-0.003956999999999988,0.9520194603703513,0.945647146494312,-0.006372313876039315,0.8878333333333334,0.8843333333333333,-0.0035000000000000586,0.8690136378052649,0.8614420062695924,-0.007571631535672418,0.9133333333333333,0.916,0.002666666666666706,0.8906224605883309,0.8878836833602585,-0.0027387772280724754,0.7766773932695045,0.7702129235845838,-0.0064644696849206484
FOXK2,GSM3898636,369,MTL,2,0.956676611111111,0.9622427777777776,0.005566166666666539,0.9534085074266995,0.9612111756923782,0.007802668265678769,0.886,0.8963333333333333,0.010333333333333306,0.9150537634408602,0.8678836633663366,-0.0471701000745236,0.851,0.935,0.08400000000000007,0.8818652849740932,0.9001925545571245,0.018327269583031325,0.7738983794000517,0.7950476007694565,0.02114922136940478
FOXO1,GSM5214708,374,MTL,3,0.962593888888889,0.9701752222222222,0.007581333333333218,0.9583683912283252,0.9683623611768792,0.00999396994855406,0.888,0.916,0.028000000000000025,0.9333581533879375,0.9204851752021564,-0.012872978185781037,0.8356666666666667,0.9106666666666666,0.07499999999999996,0.8818149841716497,0.915549597855228,0.03373461368357833,0.780285829237635,0.832047335594898,0.051761506357262954
FOXP4,GSM5214072,366,MTL,4,0.9515468333333333,0.9546381111111112,0.0030912777777778455,0.9483274857983363,0.951799177159314,0.003471691360977691,0.8838333333333334,0.8885,0.004666666666666597,0.8988569449255283,0.8773065717060538,-0.021550373219474506,0.865,0.9033333333333332,0.03833333333333322,0.8816035332087651,0.8901297421579898,0.008526208949224734,0.7682118210286746,0.7773421490301106,0.009130328001435983
FOXS1,GSM5215132,371,MTL,3,0.8812684630738523,0.8929735528942117,0.011705089820359338,0.7107150035848877,0.7505425159185294,0.03982751233364168,0.8824972737186477,0.891494002181025,0.008996728462377312,0.7174311926605504,0.790948275862069,0.07351708320151851,0.5853293413173652,0.5494011976047904,-0.0359281437125748,0.6446826051112943,0.6484098939929329,0.0037272888816386462,0.5794321996197126,0.6003315415136652,0.020899341893952594
Fli1,GSM2436677,165,MTL,2,0.9192601111111111,0.916056,-0.0032041111111110743,0.925758276885775,0.924822510277074,-0.0009357666087010941,0.842,0.8398333333333333,-0.00216666666666665,0.9055335968379447,0.8277081324333012,-0.07782546440464344,0.7636666666666667,0.8583333333333333,0.09466666666666657,0.8285714285714286,0.8427425953199149,0.014171166748486286,0.6925519532156849,0.680132376722388,-0.012419576493296836
Fosl2,GSM5214172,345,MTL,4,0.9638907777777779,0.966389222222222,0.0024984444444441367,0.964844730859879,0.9679075969855312,0.0030628661256522083,0.8961666666666667,0.9066666666666666,0.010499999999999954,0.929526563064691,0.9135593220338984,-0.0159672410307925,0.8573333333333333,0.8983333333333333,0.041000000000000036,0.8919715623374371,0.9058823529411764,0.013910790603739231,0.7947339206179277,0.8134463198356959,0.01871239921776824
Foxa3,GSM2527454,370,MTL,3,0.9578035555555555,0.959423888888889,0.0016203333333334458,0.9565747324504454,0.9582301255218442,0.0016553930713987253,0.8833333333333333,0.8955,0.012166666666666659,0.9227941176470589,0.8826185101580135,-0.04017560748904536,0.8366666666666667,0.9123333333333332,0.07566666666666655,0.8776223776223776,0.8972299623012621,0.01960758467888446,0.7700279020080215,0.7914486587111154,0.021420756703093846
Foxc2,GSM3717669,371,MTL,3,0.9565290093048713,0.9590525451559936,0.002523535851122305,0.908620249123268,0.916677660827224,0.008057411703956019,0.9039829302987198,0.9096728307254623,0.005689900426742556,0.8384679433805162,0.8531645569620253,0.014696613581509088,0.8267651888341544,0.8300492610837439,0.003284072249589487,0.8325754443985118,0.8414481897627965,0.008872745364284618,0.7653079630159187,0.7784556997371439,0.013147736721225156
Foxd3,GSM2451236,371,MTL,3,0.9304954304954305,0.9903799903799904,0.059884559884559874,0.8603522758917495,0.9359229906510832,0.07557071475933375,0.9620853080568721,0.966824644549763,0.004739336492890933,0.8888888888888888,0.8947368421052632,0.005847953216374324,0.7272727272727273,0.7727272727272727,0.045454545454545414,0.8,0.8292682926829268,0.029268292682926744,0.7840777221812498,0.8136780150704416,0.02960029288919175
Foxk1,GSM2797525,369,MTL,2,0.9578507777777777,0.9586401666666668,0.000789388888889131,0.9573556197371119,0.9585442294151768,0.0011886096780648892,0.8935,0.8935,0.0,0.9146469968387777,0.881421647819063,-0.033225349019714745,0.868,0.9093333333333332,0.04133333333333322,0.8907131862493587,0.8951599671862183,0.004446780936859573,0.7880254944174043,0.7873948900706266,-0.0006306043467777522
Foxo3,GSM2574751,374,MTL,3,0.9686793333333333,0.9761998333333334,0.007520500000000041,0.9646520353792765,0.9739226893318932,0.009270653952616725,0.9071666666666667,0.9211666666666668,0.014000000000000123,0.8808855628313065,0.9379549393414212,0.05706937651011468,0.9416666666666667,0.902,-0.03966666666666663,0.9102626067343322,0.9196261682242992,0.009363561489966976,0.8162788033832324,0.8429528972465888,0.026674093863356396
Foxo4,GSM5331159,374,MTL,3,0.9310025569282495,0.93194508797443,0.0009425310461804726,0.835967984706035,0.8266569810012798,-0.009311003704755128,0.9094736842105263,0.9089473684210526,-0.000526315789473708,0.8628389154704944,0.811554332874828,-0.05128458259566637,0.6770963704630788,0.7384230287859824,0.06132665832290363,0.758765778401122,0.7732634338138925,0.014497655412770483,0.7118801443521684,0.7177082928899643,0.005828148537795896
Foxp1,GSM3633494,366,MTL,4,0.9317045555555555,0.9352686666666667,0.0035641111111112123,0.9341344668118834,0.9403531093109978,0.006218642499114413,0.8455,0.8563333333333333,0.01083333333333325,0.9235798937474459,0.8491182233834096,-0.07446167036403628,0.7533333333333333,0.8666666666666667,0.1133333333333334,0.8298145768312832,0.8578027053777632,0.027988128546479918,0.7030475735320372,0.7128189093627391,0.009771335830701888
Foxp2,GSM803480,366,MTL,4,0.9856313333333334,0.9873025555555556,0.0016712222222221573,0.9823718732718264,0.9850675858815842,0.002695712609757761,0.9413333333333334,0.9476666666666668,0.006333333333333413,0.9434025452109845,0.9285258455647736,-0.014876699646210967,0.939,0.97,0.031000000000000028,0.94119612429001,0.9488099119660908,0.0076137876760807854,0.8826762780829127,0.896227816742166,0.013551538659253293
Foxp3,GSM3395256,366,MTL,4,0.9107295,0.9096593333333334,-0.0010701666666665943,0.9234265214430495,0.9225918657895572,-0.0008346556534922778,0.8373333333333334,0.8385,0.0011666666666666492,0.8513888888888889,0.8865626189569852,0.03517373006809632,0.8173333333333334,0.7763333333333333,-0.041000000000000036,0.8340136054421768,0.8277945619335347,-0.006219043508642108,0.675207048544784,0.6822942580381396,0.007087209493355617
GABPB2,GSM5378799,241,MTL,2,0.9125927780659239,0.9061488383739024,-0.006443939692021505,0.7519577777548115,0.7443118656254868,-0.00764591212932475,0.9427527405602923,0.9415347137637028,-0.0012180267965895553,0.7718446601941747,0.7339055793991416,-0.037939080795033164,0.6284584980237155,0.6758893280632411,0.04743083003952564,0.6928104575163399,0.7037037037037037,0.01089324618736387,0.6658596715942355,0.6720327418468667,0.006173070252631141
GATA1,GSM1278240,359,MTL,5,0.9612647777777779,0.9637015555555556,0.002436777777777732,0.9602052287211802,0.9630962138188198,0.002890985097639631,0.8871666666666667,0.8966666666666666,0.009499999999999953,0.9319449609520267,0.9143454038997214,-0.017599557052305315,0.8353333333333334,0.8753333333333333,0.039999999999999925,0.8809984179996484,0.8944141689373297,0.013415750937681326,0.77852796700192,0.7940564303813747,0.015528463379454793
GATA3,GSM1010738,359,MTL,5,0.9162083333333334,0.9232243333333332,0.0070159999999998,0.9203133354452934,0.927177196963365,0.006863861518071612,0.8381666666666666,0.8461666666666666,0.008000000000000007,0.8349290194783757,0.8476732507532642,0.01274423127488844,0.843,0.844,0.0010000000000000009,0.8389450986896666,0.8458326373809921,0.006887538691325523,0.6763649353444212,0.6923398336656206,0.01597489832119936
GATAD2A,GSM2534640,179,MTL,2,0.9367219444444443,0.9324877777777776,-0.004234166666666761,0.9335715356128585,0.9282225738193826,-0.0053489617934759925,0.8635,0.8536666666666667,-0.00983333333333336,0.8434645669291339,0.8714985994397759,0.02803403251064207,0.8926666666666667,0.8296666666666667,-0.06300000000000006,0.8673684210526316,0.850068306010929,-0.01730011504170259,0.7282400753969239,0.7081495920996089,-0.020090483297315
GATAD2B,GSM1415923,179,MTL,2,0.9671592222222223,0.968996777777778,0.0018375555555557588,0.9657375982470586,0.9697888958713624,0.004051297624303785,0.9108333333333334,0.9191666666666668,0.008333333333333415,0.8886786502680543,0.9021426287176209,0.013463978449566594,0.9393333333333334,0.9403333333333334,0.0010000000000000009,0.913304164641063,0.9208421739840053,0.007538009342942242,0.8230047255659108,0.8390855377506192,0.01608081218470847
GFI1B,GSM2423489,79,MTL,2,0.9028763586956521,0.9038900966183576,0.0010137379227055376,0.880803236740877,0.8818769192479967,0.0010736825071196998,0.8227726574500768,0.8300691244239631,0.007296466973886306,0.8528281164195497,0.8273132112815438,-0.025514905138005917,0.7033514492753623,0.7572463768115942,0.05389492753623193,0.7709108960039712,0.7907306691889335,0.019819773184962308,0.6363246911560523,0.6499576856244016,0.013632994468349313
GLI4,GSM5214704,104,MTL,16,0.9749872029250457,0.9801642291285804,0.005177026203534663,0.9656631349226974,0.9720886972186366,0.006425562295939158,0.9132613723978412,0.9302235929067078,0.016962220508866532,0.9402228976697061,0.912375790424571,-0.027847107245135172,0.8482632541133455,0.923217550274223,0.07495429616087756,0.8918789043728976,0.9177646524307131,0.025885748057815516,0.822808321412453,0.8572175134585064,0.034409192046053416
GMEB1,GSM5214268,425,MTL,2,0.974540888888889,0.9748567222222224,0.000315833333333404,0.974229030208207,0.974607519747714,0.000378489539507032,0.9103333333333333,0.9051666666666668,-0.005166666666666542,0.9428057553956835,0.8644677661169415,-0.07833798927874192,0.8736666666666667,0.961,0.08733333333333326,0.9069204152249135,0.9101815311760064,0.0032611159510929077,0.8228822885051731,0.8154332815875643,-0.007449006917608747
GMEB2,GSM2534381,425,MTL,2,0.9824810522895333,0.9864632550541864,0.003982202764653109,0.9742906004671311,0.976624382109232,0.0023337816421008517,0.9429012345679012,0.9454732510288066,0.0025720164609054352,0.9279393173198482,0.928391959798995,0.0004526424791467809,0.9314720812182741,0.9378172588832488,0.006345177664974777,0.9297023432552248,0.933080808080808,0.0033784648255831273,0.8816343883858933,0.8871080617641667,0.005473673378273425
GRHL1,GSM4156315,11,MTL,3,0.9823320425208809,0.987042369020501,0.00471032649962011,0.9804291602448243,0.9859149007944052,0.005485740549580953,0.9353224254090472,0.9580365736284888,0.02271414821944162,0.8923596454200085,0.9722885809842332,0.07992893556422476,0.9630979498861048,0.9271070615034168,-0.035990888382687936,0.9263803680981595,0.949160447761194,0.022780079663034525,0.8708678215596484,0.914218464363036,0.04335064280338763
GRHL3,GSM1034504,11,MTL,3,0.9823557777777777,0.9827821111111112,0.0004263333333335284,0.9782069415022688,0.9782351117140476,2.817021177881074e-05,0.9445,0.943,-0.0015000000000000568,0.9240063593004769,0.919772583701832,-0.004233775598644907,0.9686666666666667,0.9706666666666668,0.002000000000000113,0.9458096013018714,0.9445345442750568,-0.00127505702681463,0.8900402243037779,0.8873594901959629,-0.002680734107814997
Gabpb1,GSM2534044,241,MTL,2,0.9903050065876153,0.9903675065876152,6.249999999985434e-05,0.9918579013897942,0.9919615595632378,0.00010365817344359929,0.9593949044585988,0.9591958598726116,-0.00019904458598718477,0.9619960343688037,0.953292247810574,-0.008703786558229676,0.9703333333333334,0.9796666666666668,0.009333333333333416,0.9661466976435447,0.9662995232615486,0.00015282561800389338,0.9154812050143954,0.915168461688276,-0.00031274332611941347
Gata2,GSM3272024,359,MTL,5,0.9696302222222222,0.9722528888888888,0.002622666666666662,0.963801452522572,0.9677753833335512,0.003973930810979187,0.9101666666666667,0.9151666666666668,0.0050000000000001155,0.9166948865560447,0.9106495219254864,-0.00604536463055827,0.9023333333333333,0.9206666666666666,0.018333333333333313,0.9094574164286914,0.9156306978286092,0.006173281399917796,0.8204340249989996,0.8303835730593011,0.00994954806030146
Gata4,GSM3271996,359,MTL,5,0.9418732222222223,0.9515007777777778,0.0096275555555555,0.9485595157712523,0.9563171984696296,0.007757682698377288,0.8593333333333333,0.8856666666666667,0.02633333333333343,0.8235294117647058,0.9071076706544688,0.083578258889763,0.9146666666666666,0.8593333333333333,-0.055333333333333345,0.866708780795957,0.8825744608010955,0.01586568000513844,0.7231083017194048,0.7724053175636862,0.04929701584428148
Gata6,GSM3381975,359,MTL,5,0.9404443333333333,0.951702,0.011257666666666721,0.9479238479285227,0.9569814956945412,0.009057647766018473,0.8751666666666666,0.889,0.013833333333333364,0.9297441771668575,0.9077568134171908,-0.0219873637496667,0.8116666666666666,0.866,0.054333333333333345,0.8667022601886457,0.8863868986693961,0.019684638480750416,0.7564585926326038,0.7788244326054994,0.02236583997289554
Gfi1,GSM5214648,79,MTL,2,0.9486336111111111,0.9502702222222222,0.0016366111111111303,0.9450575207570968,0.9463050443013764,0.001247523544279594,0.8661666666666666,0.8825,0.01633333333333331,0.8226138032305433,0.893383613301337,0.07076981007079364,0.9336666666666666,0.8686666666666667,-0.06499999999999995,0.8746291959406713,0.8808517829981409,0.006222587057469586,0.739099345515492,0.7652929506888397,0.02619360517334779
Glis1,GSM2026832,50,MTL,2,0.9726385,0.975576,0.0029375000000000373,0.9686918776887212,0.9725174464402772,0.00382556875155593,0.9175,0.9201666666666668,0.002666666666666817,0.9105211406096362,0.8915812364088226,-0.018939904200813595,0.926,0.9566666666666668,0.03066666666666673,0.918195339613287,0.9229779707348448,0.0047826311215577455,0.835120683658813,0.8425813904228938,0.007460706764080838
Glis3,GSM2946599,50,MTL,2,0.9795111111111112,0.981821722222222,0.0023106111111107497,0.9768338283051198,0.9802546716661904,0.0034208433610706246,0.933,0.9336666666666666,0.0006666666666665932,0.9403389830508475,0.906816760475297,-0.03352222257555049,0.9246666666666666,0.9666666666666668,0.04200000000000015,0.9324369747899159,0.935785737334624,0.0033487625447080616,0.86612030284145,0.8692285793546055,0.0031082765131554835
Grhl2,GSM3096457,11,MTL,3,0.9721865000000001,0.9752027777777776,0.0030162777777775762,0.9758340961598176,0.9789447960018828,0.0031106998420651344,0.8725,0.9321666666666668,0.05966666666666676,0.8105029174770769,0.953163229639986,0.1426603121629091,0.9723333333333334,0.909,-0.06333333333333335,0.8840733444461282,0.9305579252687256,0.04648458082259743,0.7603096875346188,0.8652625955872503,0.10495290805263147
HES1,GSM2574800,286,MTL,2,0.9581031029012395,0.9540219744024092,-0.004081128498830244,0.8610651283428933,0.8430872129687824,-0.017977915374110864,0.921998562185478,0.9126527677929548,-0.009345794392523255,0.8031189083820662,0.7962577962577962,-0.006861112124269986,0.7803030303030303,0.7253787878787878,-0.05492424242424243,0.7915465898174832,0.759167492566898,-0.03237909725058519,0.7436986687134016,0.7071053052870174,-0.036593363426384196
HES4,GSM5667709,286,MTL,2,0.9829900280112045,0.982816806722689,-0.00017322128851549046,0.9807166445551161,0.9803101877242972,-0.00040645683081885764,0.9338912133891213,0.9338912133891212,-1.1102230246251565e-16,0.9346012679346013,0.9328680624792288,-0.0017332054553724774,0.9336666666666666,0.9356666666666666,0.0020000000000000018,0.9341337335334334,0.9342652687635212,0.0001315352300877981,0.8677811051290166,0.8677823833997439,1.2782707272673832e-06
HEY1,GSM803448,291,MTL,2,0.9716195555555555,0.9706983333333332,-0.0009212222222222399,0.9707699951347327,0.9695527879852488,-0.0012172071494839232,0.9065,0.9096666666666666,0.003166666666666651,0.9023424612339161,0.9149223497636731,0.012579888529757,0.9116666666666666,0.9033333333333332,-0.008333333333333415,0.906980600232134,0.9090909090909092,0.0021103088587751673,0.8130434086430064,0.8193990699844902,0.006355661341483798
HEY2,GSM2183991,291,MTL,2,0.9312724014336917,0.9068996415770608,-0.0243727598566309,0.7740550524362233,0.6834893017973601,-0.09056575063886318,0.9162303664921466,0.8830715532286213,-0.03315881326352532,0.7922077922077922,0.7096774193548387,-0.0825303728529535,0.6559139784946236,0.4731182795698925,-0.18279569892473113,0.7176470588235294,0.567741935483871,-0.14990512333965844,0.6730874721299724,0.5170849452650775,-0.1560025268648949
HIF1A,GSM1462475,420,MTL,2,0.965493,0.9648416666666666,-0.0006513333333334481,0.9640267126606715,0.963880813640479,-0.00014589902019257472,0.8885,0.9021666666666668,0.013666666666666827,0.9436619718309859,0.8996356409407088,-0.04402633089027708,0.8263333333333334,0.9053333333333332,0.07899999999999985,0.8811089390438955,0.9024754942681508,0.021366555224255235,0.7830762754736108,0.8043494651704862,0.021273189696875416
HMG20A,GSM2527434,254,MTL,2,0.9460937222222221,0.9550876666666668,0.00899394444444468,0.9465248032207366,0.9559780846272364,0.009453281406499814,0.875,0.888,0.013000000000000012,0.9058441558441559,0.923889293517844,0.018045137673688094,0.837,0.8456666666666667,0.008666666666666711,0.8700623700623701,0.8830490776192134,0.01298670755684328,0.7521754285054978,0.7787963998355204,0.026620971330022614
HMGA1,GSM942073,216,MTL,2,0.9374101111111112,0.9377719999999998,0.0003618888888886618,0.9234631990841358,0.9280212638535,0.004558064769364267,0.866,0.8646666666666667,-0.0013333333333332975,0.852827763496144,0.8425172197871008,-0.010310543709043163,0.8846666666666667,0.897,0.012333333333333307,0.868455497382199,0.8689053923151436,0.0004498949329446722,0.7325106565350085,0.7308630877916521,-0.0016475687433563646
HMGA2,GSM2931556,216,MTL,2,0.8862711937716263,0.8809757785467129,-0.005295415224913391,0.7724762190580362,0.7702487326450788,-0.0022274864129574468,0.8402309913378249,0.8354186717998076,-0.004812319538017307,0.8524355300859598,0.7269230769230769,-0.12551245316288295,0.5147058823529411,0.6539792387543253,0.13927335640138416,0.6418554476806904,0.6885245901639344,0.04666914248324405,0.5758077689817195,0.5786004028014885,0.0027926338197690193
HMGB1,GSM2589815,278,MTL,2,0.9849779447702834,0.9826371578690128,-0.0023407869012705973,0.9873277006775862,0.9852239220320376,-0.0021037786455486707,0.9450069832402235,0.9385474860335196,-0.0064594972067039125,0.9470529470529471,0.9463924477410656,-0.0006604993118815017,0.948,0.9356666666666666,-0.012333333333333307,0.9475262368815592,0.9409989943010392,-0.006527242580520065,0.8897603904461359,0.8769487710045604,-0.012811619441575495
HMGB2,GSM2589816,278,MTL,2,0.8959451111111112,0.8952808888888888,-0.0006642222222223992,0.9034017376876401,0.9017598294138702,-0.0016419082737698654,0.7973333333333333,0.8016666666666666,0.0043333333333333,0.800944669365722,0.7765892420537898,-0.024355427311932187,0.7913333333333333,0.847,0.05566666666666664,0.7961099932930918,0.8102678571428571,0.014157863849765251,0.5947094872913495,0.6058285619053887,0.01111907461403916
HNF1A,GSM5215665,154,MTL,2,0.9507827777777778,0.9561316666666668,0.0053488888888890695,0.9477399999584144,0.9551883470018896,0.00744834704347519,0.8535,0.8925,0.038999999999999924,0.9380421313506815,0.9001019367991845,-0.037940194551497,0.757,0.883,0.126,0.8378527946873271,0.8914689550731953,0.05361616038586825,0.7205471829507253,0.785141730874789,0.06459454792406372
HNF4A,GSM3130733,191,MTL,2,0.9334587777777779,0.9354473888888888,0.0019886111111109273,0.9361155180820131,0.9390528600393372,0.002937341957324091,0.8493333333333334,0.8541666666666666,0.004833333333333245,0.9116260801256874,0.8240317169868863,-0.08759436313880109,0.7736666666666666,0.9006666666666666,0.127,0.8369996393797331,0.8606465997770345,0.02364696039730141,0.7068071140241257,0.7114165352711513,0.00460942124702568
HNF4G,GSM2277166,191,MTL,2,0.9664387777777776,0.971512777777778,0.005074000000000356,0.9674414261018817,0.972256558010684,0.004815131908802339,0.8928333333333334,0.9143333333333332,0.021499999999999853,0.9530949634755863,0.8936035465484484,-0.059491416927137886,0.8263333333333334,0.9406666666666668,0.1143333333333334,0.8851990715943582,0.9165313413445924,0.031332269750234176,0.7927090641821712,0.8298183316609007,0.037109267478729446
HOXA1,GSM2689473,387,MTL,2,0.9250265738894359,0.9187105423317152,-0.006316031557720647,0.7564196221983682,0.7228506821475212,-0.033568940050846985,0.8724806201550388,0.8689922480620155,-0.0034883720930233286,0.6848249027237354,0.7099767981438515,0.025151895420116088,0.6782273603082851,0.5895953757225434,-0.08863198458574173,0.6815101645692159,0.6442105263157895,-0.037299638253426415,0.6018045958745597,0.5684293804459665,-0.03337521542859323
HOXA3,GSM5215609,388,MTL,9,0.971441,0.9798727777777776,0.008431777777777594,0.9679552436447747,0.9792065243806648,0.011251280735890101,0.914,0.9248333333333332,0.01083333333333314,0.9288674033149171,0.93276740237691,0.003899999061992898,0.8966666666666666,0.9156666666666666,0.019000000000000017,0.912483039348711,0.9241379310344828,0.011654891685771829,0.8284979848953643,0.849809493875738,0.021311508980373706
HOXA5,GSM5214768,388,MTL,9,0.9650528888888887,0.977029777777778,0.011976888888889259,0.9617555770330531,0.9743620088633336,0.012606431830280429,0.894,0.9256666666666666,0.03166666666666662,0.8684538653366584,0.922009253139458,0.05355538780279967,0.9286666666666666,0.93,0.0013333333333334085,0.8975515463917526,0.9259873879853966,0.028435841593643985,0.7899008577555758,0.8513653074308484,0.06146444967527254
HOXA7,GSM5213824,388,MTL,9,0.8182609805924413,0.8414244126659858,0.023163432073544432,0.7756083420245684,0.8059251887263947,0.030316846701826328,0.7533279548204921,0.790843081887858,0.03751512706736593,0.873855544252289,0.8249823570924488,-0.048873187159840126,0.43871297242083757,0.5970377936670072,0.1583248212461696,0.5841550493029581,0.6927407407407408,0.10858569143778263,0.4872224111557679,0.5565390791532084,0.06931666799744052
HOXB5,GSM5215275,388,MTL,9,0.969724560686555,0.9771355401171504,0.007410979430595432,0.9644423512311854,0.9740646644690242,0.009622313237838798,0.910592986965302,0.9219753993023684,0.011382412337066383,0.940251572327044,0.9376623376623376,-0.002589234664706397,0.8553330608908868,0.8851655087862689,0.029832447895382086,0.8957842927455596,0.9106579777170486,0.014873684971488998,0.8206167511907173,0.8426082167172201,0.021991465526502774
HOXB7,GSM1145932,388,MTL,9,0.8949296760504846,0.910987706979898,0.01605803092941338,0.6935027191845596,0.7360008436543679,0.042498124469808274,0.8556566970091027,0.8719115734720416,0.016254876462938883,0.7195121951219512,0.7512953367875648,0.03178314166561358,0.4013605442176871,0.4931972789115646,0.09183673469387754,0.5152838427947598,0.5954825462012321,0.08019870340647228,0.46422308609995017,0.5396162514821558,0.07539316538220558
HOXC11,GSM1306053,385,MTL,2,0.8212454212454213,0.8102564102564103,-0.010989010989011061,0.6785406439803644,0.6902563986308606,0.011715754650496235,0.9056603773584906,0.8962264150943396,-0.009433962264150941,0.7272727272727273,0.6666666666666666,-0.06060606060606066,0.5333333333333333,0.5333333333333333,0.0,0.6153846153846154,0.5925925925925926,-0.02279202279202286,0.5718685758863654,0.5383386820738849,-0.033529893812480505
HOXC5,GSM2572272,388,MTL,9,0.9459501111111113,0.958515777777778,0.012565666666666697,0.9440418439272752,0.9572494173312972,0.01320757340402201,0.8693333333333333,0.8908333333333334,0.021500000000000075,0.850189633375474,0.9025060075523516,0.05231637417687751,0.8966666666666666,0.8763333333333333,-0.020333333333333314,0.872809863724854,0.889227126670049,0.016417262945194966,0.7397728788233797,0.7819955649671481,0.04222268614376834
HOXD1,GSM5215058,387,MTL,2,0.967376888888889,0.9676457777777776,0.00026888888888865203,0.9642462150223765,0.9646879122519604,0.0004416972295838706,0.9001666666666667,0.9025,0.0023333333333332984,0.9295169946332738,0.9150910965967688,-0.014425898036504958,0.866,0.8873333333333333,0.021333333333333315,0.8966350301984469,0.9009984768996446,0.004363446701197704,0.8022084587586283,0.8053706004870602,0.0031621417284318776
HSF1,GSM1553235,201,MTL,2,0.9866977777777778,0.9862558333333332,-0.00044194444444456416,0.9815882712931364,0.9802861077850324,-0.0013021635081039706,0.9525,0.9551666666666668,0.002666666666666817,0.952047952047952,0.9517036056897122,-0.00034434635823976656,0.953,0.959,0.006000000000000005,0.9525237381309345,0.9553378714926116,0.002814133361677129,0.9050004525003393,0.910360088197968,0.005359635697628651
HSF2,GSM5214185,201,MTL,2,0.9611192914025679,0.9630040630586704,0.0018847716561024574,0.9424057362230889,0.9441966009074546,0.0017908646843657339,0.8974460502870719,0.8877450009899029,-0.009701049297168973,0.8546968995835261,0.9313953488372092,0.07669844925368308,0.9005363237445149,0.7810823988298391,-0.11945392491467577,0.8770180436847104,0.8496420047732697,-0.027376038911440692,0.7899672738536585,0.7686859189383327,-0.02128135491532579
Hand1,GSM2527318,414,MTL,2,0.9286319003993422,0.932423831336622,0.0037919309372798082,0.9255742100747705,0.931069197503948,0.005494987429177534,0.854573484069887,0.8564576909900651,0.0018842069201780998,0.8570915619389587,0.837609723160027,-0.019481838778931726,0.8410852713178295,0.8742071881606766,0.03312191684284704,0.84901298239374,0.8555172413793104,0.006504258985570388,0.7088931490518808,0.7136763931166946,0.004783244064813785
Hand2,GSM2486155,414,MTL,2,0.9290707777777778,0.933755388888889,0.004684611111111181,0.9250603675594593,0.9346287880715854,0.009568420512126141,0.8313333333333334,0.856,0.024666666666666615,0.774434014356709,0.8339587242026266,0.05952470984591762,0.935,0.889,-0.04600000000000004,0.8471760797342193,0.8606001936108422,0.0134241138766229,0.6773860240056611,0.7135558207153871,0.03616979670972609
Hmg20b,GSM2534642,254,MTL,2,0.9549715555555555,0.9640756666666668,0.009104111111111313,0.9496488736467568,0.9602304356106294,0.01058156196387261,0.8881666666666667,0.9016666666666666,0.013499999999999956,0.87264,0.9051782111634162,0.032538211163416264,0.909,0.8973333333333333,-0.011666666666666714,0.8904489795918368,0.9012387010378304,0.01078972144599366,0.7770081125422834,0.8033635046626252,0.02635539212034177
Hnf1b,GSM5214807,154,MTL,2,0.958469,0.967073,0.008603999999999945,0.9547154000889251,0.9618053615551414,0.007089961466216321,0.8873333333333333,0.8996666666666666,0.012333333333333307,0.8952380952380953,0.9291338582677166,0.03389576302962127,0.8773333333333333,0.8653333333333333,-0.01200000000000001,0.8861952861952862,0.8960994131860546,0.00990412699076837,0.7748216464954987,0.8012244964914057,0.02640284999590703
Hoxa11,GSM2410501,385,MTL,2,0.8876048462255359,0.8324324324324324,-0.05517241379310356,0.6523680670353419,0.6660352908491264,0.01366722381378449,0.9065420560747663,0.9018691588785048,-0.004672897196261516,0.7142857142857143,0.7,-0.014285714285714346,0.5172413793103449,0.4827586206896552,-0.03448275862068967,0.6,0.5714285714285714,-0.02857142857142858,0.5577854574459887,0.5295368699208095,-0.028248587525179225
Hoxa13,GSM2410502,394,MTL,2,0.922020656779661,0.935447563559322,0.013426906779660963,0.8057260468009572,0.8281400237483955,0.022413976947438297,0.9052924791086351,0.9192200557103064,0.013927576601671321,0.8658536585365854,0.8017241379310345,-0.06412952060555088,0.5546875,0.7265625,0.171875,0.6761904761904762,0.7622950819672131,0.08610460577673684,0.6450531284707967,0.7150339095186911,0.0699807810478944
Hoxa9,GSM5269347,388,MTL,9,0.9436127777777776,0.9525107777777776,0.008897999999999961,0.944416054287612,0.953353482884094,0.008937428596482055,0.8748333333333334,0.8881666666666667,0.013333333333333308,0.8831345826235094,0.9050434782608696,0.021908895637360204,0.864,0.8673333333333333,0.0033333333333332993,0.8734625105307497,0.8857872340425532,0.01232472351180347,0.7498426920706287,0.7770081125422834,0.02716542047165471
Hoxb13,GSM1716768,394,MTL,2,0.9401682222222222,0.9410327777777778,0.0008645555555556461,0.9435104957213716,0.9431546484062212,-0.0003558473151503705,0.8646666666666667,0.8735,0.00883333333333336,0.8591595535128037,0.8578728840625998,-0.0012866694502039477,0.8723333333333333,0.8953333333333333,0.02300000000000002,0.8656963281508435,0.8762029032784211,0.010506575127577578,0.7294190856398048,0.7477132015999423,0.018294115960137414
Hoxb8,GSM3665347,388,MTL,9,0.925414111111111,0.9383312222222222,0.012917111111111157,0.9261882579039478,0.9400148159017468,0.013826557997799083,0.8493333333333334,0.8631666666666666,0.013833333333333253,0.8509711989283322,0.8903618774632748,0.0393906785349426,0.847,0.8283333333333334,-0.01866666666666661,0.8489809555629803,0.858228285270247,0.009247329707266716,0.6986742744946318,0.7281023846792108,0.029428110184579026
Hoxc9,GSM848789,388,MTL,9,0.944815888888889,0.9559836666666668,0.011167777777777776,0.943493902969716,0.9535969523111244,0.010103049341408377,0.872,0.8816666666666667,0.009666666666666712,0.9052287581699346,0.913059163059163,0.00783040488922837,0.831,0.8436666666666667,0.012666666666666715,0.8665276329509907,0.876992376992377,0.010464744041386309,0.7465140132970421,0.7655474361233733,0.019033422826331137
IKZF4,GSM5331031,43,MTL,3,0.9828495555555554,0.9851192222222224,0.0022696666666669474,0.9826467316971303,0.9852023168230656,0.0025555851259352336,0.9315,0.9346666666666666,0.003166666666666651,0.9487001733102253,0.9447476125511596,-0.003952560759065693,0.9123333333333333,0.9233333333333332,0.010999999999999899,0.930161427357689,0.9339177343223196,0.0037563069646305847,0.863634764927352,0.8695567414977068,0.005921976570354759
INSM1,GSM3579032,398,MTL,2,0.919163111111111,0.923288,0.004124888888888956,0.9244318075738592,0.931551556597534,0.007119749023674737,0.8333333333333334,0.8438333333333333,0.010499999999999954,0.9291845493562232,0.8292371528886052,-0.09994739646761797,0.7216666666666667,0.866,0.1443333333333333,0.8123827392120075,0.8472199576063917,0.03483721839438414,0.6839415732302093,0.6883434497797492,0.004401876549539829
INSM2,GSM2423396,398,MTL,2,0.9297589999999999,0.9337988888888888,0.004039888888888954,0.9314296044163157,0.9359615391414432,0.004531934725127473,0.8475,0.8558333333333333,0.008333333333333304,0.9032882011605415,0.8526593987446317,-0.050628802415909835,0.7783333333333333,0.8603333333333333,0.08199999999999996,0.8361683079677709,0.8564791770366683,0.020310869068897452,0.7017467849392747,0.7116954909177517,0.00994870597847708
IRF2,GSM2423390,209,MTL,2,0.9783546550536842,0.9880953997458852,0.009740744692200987,0.940087425270179,0.9597622552844416,0.019674830014262623,0.9503858875413451,0.9625137816979052,0.012127894156560126,0.8149606299212598,0.8537074148296593,0.038746784908399445,0.9098901098901099,0.9362637362637364,0.026373626373626502,0.8598130841121495,0.8930817610062893,0.033268676894139815,0.8316422868504124,0.8717762288033475,0.04013394195293507
IRF4,GSM803390,8,MTL,3,0.9542613333333334,0.9596492777777778,0.005387944444444348,0.9541141745436257,0.9597186125306744,0.005604437987048683,0.8698333333333333,0.8825,0.012666666666666604,0.9246077305778798,0.8453204935299429,-0.07928723704793694,0.8053333333333333,0.9363333333333334,0.131,0.8608587208266524,0.8885022932152459,0.027643572388593496,0.745898955579931,0.7694729081212835,0.023573952541352527
IRF6,GSM3421852,7,MTL,2,0.9528203333333335,0.95349,0.0006696666666664575,0.9540490273838694,0.955559429540756,0.001510402156886581,0.8851666666666667,0.891,0.005833333333333357,0.8745542949756888,0.9044827586206896,0.02992846364500079,0.8993333333333333,0.8743333333333333,-0.025000000000000022,0.8867707477403451,0.8891525423728813,0.0023817946325361827,0.7706427228648212,0.7824348068170273,0.0117920839522061
IRF9,GSM4830083,8,MTL,3,0.9636985656867094,0.9740257558037936,0.010327190117084162,0.8747082906425712,0.8932539825811272,0.01854569193855604,0.9616438356164384,0.9627397260273972,0.0010958904109588108,0.8284023668639053,0.8553459119496856,0.02694354508578023,0.7734806629834254,0.7513812154696132,-0.02209944751381221,0.8,0.8,0.0,0.7793759208718454,0.7815413041768199,0.002165383304974511
ISL2,GSM5214622,215,MTL,2,0.9528562222222221,0.9512436666666666,-0.001612555555555506,0.9505128655523953,0.9489274070780698,-0.0015854584743255629,0.8745,0.8851666666666667,0.010666666666666602,0.9218926023282012,0.8707090150786012,-0.05118358724960004,0.8183333333333334,0.9046666666666666,0.08633333333333326,0.8670316086879746,0.8873630864803008,0.020331477792326247,0.7537709325638823,0.7709198409767953,0.017148908412913055
Ikzf1,GSM2827350,43,MTL,3,0.9302948888888888,0.9330252777777778,0.0027303888888889905,0.9321942052180081,0.9367294858871208,0.004535280669112685,0.8533333333333334,0.8563333333333333,0.0029999999999998916,0.8473132372214941,0.8817857142857143,0.034472477064220186,0.862,0.823,-0.039000000000000035,0.8545935228023793,0.8513793103448276,-0.003214212457551713,0.7067728476304134,0.7142556690109543,0.007482821380540905
Ikzf2,GSM2423992,43,MTL,3,0.9735938888888889,0.9731387777777778,-0.00045511111111107283,0.974109829888863,0.9720813677097244,-0.002028462179138546,0.9245,0.9263333333333332,0.0018333333333332424,0.9445026178010472,0.9240716180371352,-0.02043099976391194,0.902,0.929,0.027000000000000024,0.922762148337596,0.926529255319149,0.0037671069815530256,0.8498609202434878,0.8526787937401931,0.0028178734967052588
Irf1,GSM935549,209,MTL,2,0.9792857777777777,0.9803457222222224,0.0010599444444446826,0.9794240122927043,0.9800176067217164,0.0005935944290121897,0.9258333333333333,0.927,0.0011666666666667602,0.9403653912443984,0.9100512163892446,-0.030314174855153864,0.9093333333333333,0.9476666666666668,0.03833333333333344,0.9245890527029317,0.9284781188765512,0.0038890661736195042,0.8521307782642328,0.8547304418506331,0.0025996635864002915
Irf5,GSM5214006,7,MTL,2,0.9766642222222223,0.9774452222222222,0.0007809999999999206,0.9748087746863188,0.9750082846142178,0.0001995099278990775,0.9218333333333333,0.925,0.003166666666666762,0.9191785359390526,0.9287155346334902,0.009536998694437582,0.925,0.9206666666666666,-0.004333333333333411,0.9220800797474663,0.9246735855373284,0.0025935057898620606,0.8436835873794034,0.85003192402062,0.00634833664121659
Irf8,GSM3514948,8,MTL,3,0.9866959937627444,0.986489504617968,-0.00020648914477638947,0.9873580581258715,0.98721990622403,-0.00013815190184152115,0.9529330333967815,0.9577781623118188,0.0048451289150373,0.9540021731256791,0.9512281950872196,-0.002773978038459579,0.9478229578985247,0.961496941345808,0.013673983447283322,0.9509025270758122,0.956335003579098,0.00543247650328571,0.9057233372062745,0.9155157128481604,0.009792375641885842
Isl1,GSM2486159,215,MTL,2,0.9349077777777777,0.9342918333333332,-0.0006159444444444606,0.9352236358116007,0.934889516497519,-0.0003341193140817822,0.8673333333333333,0.859,-0.008333333333333304,0.8629776021080369,0.8729224376731302,0.00994483556509329,0.8733333333333333,0.8403333333333334,-0.03299999999999992,0.8681245858184228,0.8563179347826086,-0.01180665103581413,0.7347195683801202,0.7185008898799673,-0.016218678500152905
JDP2,GSM3178724,346,MTL,2,0.9783117252931324,0.9793105527638192,0.0009988274706868028,0.9695560840171424,0.9734903165359023,0.003934232518759906,0.9346693386773547,0.9342685370741484,-0.0004008016032063244,0.9439701173959445,0.9175879396984924,-0.026382177697452103,0.8889447236180904,0.9175879396984924,0.02864321608040199,0.9156314699792961,0.9175879396984924,0.0019564697191962743,0.8634424716212641,0.8629212730318258,-0.000521198589438332
JUNB,GSM2437769,348,MTL,3,0.9546674444444444,0.9548287777777776,0.00016133333333323563,0.9590409999306688,0.959486360289776,0.00044536035910713867,0.889,0.8893333333333333,0.0003333333333332966,0.8931940700808625,0.8932659932659933,7.192318513082885e-05,0.8836666666666667,0.8843333333333333,0.0006666666666665932,0.8884048257372654,0.8887772194304857,0.00037239369322028537,0.778044263332729,0.7787056029202434,0.0006613395875143535
JUND,GSM1503220,348,MTL,3,0.9801398888888888,0.9816339444444442,0.0014940555555553736,0.985437882696729,0.9862834569501282,0.0008455742533991506,0.9533333333333334,0.9573333333333334,0.0040000000000000036,0.980225988700565,0.9747404844290656,-0.0054855042714994084,0.9253333333333333,0.939,0.013666666666666605,0.9519890260631001,0.9565365025466892,0.004547476483589108,0.9080916724909632,0.9152821466044412,0.0071904741134779515
JUN,GSM3070218,348,MTL,3,0.9727526111111111,0.9745899444444444,0.0018373333333332464,0.9699817723695646,0.9714899149149624,0.0015081425453977726,0.9148333333333334,0.9236666666666666,0.008833333333333249,0.9174773565917478,0.921139827700464,0.003662471108716203,0.9116666666666666,0.9266666666666666,0.015000000000000013,0.9145627821434543,0.9238949817215022,0.009332199578047873,0.8296833065931787,0.8473485857451497,0.017665279151971025
KLF10,GSM2574747,64,MTL,11,0.9726802628155088,0.9849837366640646,0.01230347384855579,0.9657208332667655,0.9823413313201552,0.01662049805338972,0.906688241639698,0.9431859043509528,0.036497662711254875,0.9397331037451572,0.9273211567732116,-0.012411946971945587,0.8520686963309914,0.9512099921935988,0.09914129586260745,0.893756397134084,0.9391136801541424,0.04535728302005848,0.8140157930264353,0.8861291376620082,0.07211334463557284
KLF11,GSM1443813,64,MTL,11,0.9734347777777779,0.980774,0.007339222222222164,0.9741924503441464,0.9811652929683132,0.006972842624166864,0.9133333333333333,0.9293333333333332,0.015999999999999903,0.9138851802403204,0.9395904436860067,0.025705263445686355,0.9126666666666666,0.9176666666666666,0.0050000000000000044,0.9132755170113409,0.9284991568296797,0.015223639818338741,0.8266674014824612,0.8589005103053007,0.032233108822839474
KLF12,GSM5215153,64,MTL,11,0.9749111111111111,0.986864277777778,0.011953166666666903,0.9710739179762413,0.9860041243010116,0.014930206324770268,0.919,0.9453333333333334,0.02633333333333332,0.8970309538850284,0.9403427818061963,0.043311827921167945,0.9466666666666667,0.951,0.0043333333333333,0.9211806681803438,0.945641365594962,0.024460697414618204,0.8392858383569041,0.8907238727701728,0.051438034413268774
KLF1,GSM1067275,64,MTL,11,0.9778965000000001,0.9843174444444444,0.006420944444444299,0.9727468503748811,0.981575628066898,0.008828777692016954,0.9211666666666667,0.9375,0.01633333333333331,0.9376515413924489,0.9170638703527167,-0.020587671039732136,0.9023333333333333,0.962,0.059666666666666646,0.9196534737557329,0.9389946315275745,0.019341157771841533,0.8429315118278162,0.8760523328680236,0.033120821040207415
KLF3,GSM4192052,64,MTL,11,0.9805765555555556,0.9839618333333334,0.003385277777777862,0.9814589272238837,0.9843317427006032,0.0028728154767194702,0.9318333333333333,0.9418333333333332,0.009999999999999898,0.9585840707964601,0.9476528199932456,-0.010931250803214554,0.9026666666666666,0.9353333333333332,0.03266666666666662,0.9297854077253219,0.941452776379802,0.011667368654480037,0.8651398603179412,0.8837413459657344,0.01860148564779318
KLF5,GSM4447200,64,MTL,11,0.9639054444444445,0.9699535,0.006048055555555543,0.9647599441490168,0.9721739585600714,0.007414014411054604,0.8865,0.9083333333333332,0.02183333333333326,0.8510445049954587,0.9186602870813396,0.06761578208588093,0.937,0.896,-0.041000000000000036,0.8919562113279391,0.9071886601417484,0.015232448813809252,0.7769731097422166,0.8169152282475025,0.03994211850528595
KLF7,GSM2026749,64,MTL,11,0.9629464285714285,0.972470238095238,0.00952380952380949,0.8813603704362438,0.9210424772780044,0.039682106841760545,0.9340369393139841,0.9472295514511874,0.013192612137203241,0.8979591836734694,0.8333333333333334,-0.06462585034013602,0.6875,0.859375,0.171875,0.7787610619469026,0.8461538461538461,0.0673927842069435,0.7499259648092437,0.8144562288345466,0.06453026402530293
KLF9,GSM1522563,64,MTL,11,0.9903306666666666,0.9930904444444444,0.0027597777777778054,0.9895997661645111,0.9928417909838816,0.003242024819370526,0.9488333333333333,0.962,0.01316666666666666,0.9739528335093277,0.9574257425742574,-0.01652709093507032,0.9223333333333333,0.967,0.04466666666666663,0.9474405067625407,0.9621890547263682,0.014748547963827519,0.8989301018660524,0.9240462034652888,0.025116101599236385
Klf16,GSM2527382,64,MTL,11,0.9612326666666667,0.9775291111111112,0.016296444444444447,0.9618685949950707,0.9780157179843342,0.016147122989263463,0.8935,0.9301666666666668,0.03666666666666685,0.9074905074214705,0.9243669845445576,0.01687647712308704,0.8763333333333333,0.937,0.06066666666666676,0.8916398168560284,0.9306406224135076,0.0390008055574792,0.7874642595400195,0.8604136901642353,0.07294943062421577
Klf4,GSM3597672,64,MTL,11,0.9637262222222222,0.9693628888888888,0.005636666666666623,0.9610691638743046,0.9675726563699528,0.006503492495648189,0.9016666666666666,0.9128333333333334,0.011166666666666769,0.9178224687933426,0.9135225375626044,-0.004299931230738241,0.8823333333333333,0.912,0.02966666666666673,0.8997280761386812,0.9127606338615512,0.01303255772286993,0.803934543871104,0.825667813428315,0.021733269557211
Klf6,GSM2534396,64,MTL,11,0.9680132222222222,0.9847342222222224,0.016721000000000208,0.9659341323794272,0.9818140665590184,0.015879934179591215,0.8643333333333333,0.9425,0.07816666666666672,0.9643160577740016,0.9356744338693798,-0.028641623904621882,0.7566666666666667,0.9503333333333334,0.19366666666666665,0.8479641389615241,0.9429469158260294,0.09498277686450529,0.7461713952713619,0.8851086291638943,0.13893723389253243
L3MBTL3,GSM2679735,147,MTL,2,0.9548795426704776,0.958095140873826,0.00321559820334838,0.9119459431164746,0.903780175880416,-0.008165767236058552,0.9634782608695652,0.96,-0.003478260869565264,0.8918918918918919,0.9117647058823528,0.019872813990460925,0.8354430379746836,0.7848101265822784,-0.05063291139240511,0.8627450980392157,0.8435374149659864,-0.019207683073229287,0.8423062826271721,0.8237859198727192,-0.0185203627544529
L3MBTL4,GSM2574756,147,MTL,2,0.950607611111111,0.9505942222222222,-1.3388888888798967e-05,0.9433050870233495,0.9431232797452932,-0.0001818072780562785,0.8836666666666667,0.879,-0.004666666666666708,0.8901694915254237,0.8995080815179198,0.009338589992496149,0.8753333333333333,0.8533333333333334,-0.02199999999999991,0.8826890756302521,0.8758125213821416,-0.006876554248110511,0.7674399296154804,0.759000685233553,-0.008439244381927336
LCORL,GSM5214905,283,MTL,2,0.9475090555555555,0.9595311666666668,0.012022111111111289,0.9400966583522095,0.9526988858256444,0.01260222747343498,0.8793333333333333,0.895,0.015666666666666718,0.8839406207827261,0.8623853211009175,-0.021555299681808582,0.8733333333333333,0.94,0.06666666666666665,0.8786049631120053,0.8995215311004785,0.02091656798847319,0.7587212965667666,0.7932190690987028,0.0344977725319362
LCOR,GSM5214415,283,MTL,2,0.9462151666666666,0.9591928888888888,0.012977722222222154,0.9408108233924516,0.9567574700696408,0.015946646677189258,0.8496666666666667,0.8888333333333334,0.03916666666666668,0.9202724358974359,0.8623796210003106,-0.05789281489712528,0.7656666666666667,0.9253333333333332,0.1596666666666665,0.8358806404657934,0.8927480302299405,0.05686738976414718,0.7094162701521813,0.7797470780867162,0.07033080793453483
LHX2,GSM1567049,214,MTL,2,0.9590266111111113,0.9634511111111111,0.004424499999999831,0.9587889907651749,0.9612473729179172,0.0024583821527423,0.8931666666666667,0.8998333333333334,0.00666666666666671,0.8694018164735359,0.93194094346417,0.06253912699063413,0.9253333333333333,0.8626666666666667,-0.06266666666666665,0.8964960439205555,0.8959667647567942,-0.0005292791637613314,0.7879656313364747,0.8018851212425694,0.013919489906094706
LHX9,GSM3262278,214,MTL,2,0.9352255555555555,0.9363741111111112,0.001148555555555708,0.9373539223994009,0.936426025939683,-0.000927896459717803,0.8441666666666666,0.8536666666666667,0.009500000000000064,0.7954220314735336,0.9247397918334668,0.12931776035993314,0.9266666666666666,0.77,-0.15666666666666662,0.8560431100846805,0.8403055656602401,-0.01573754442444042,0.6978990398722213,0.7174490942888145,0.019550054416593188
Lef1,GSM1875147,380,MTL,6,0.9730576441102756,0.9765322396901344,0.0034745955798587413,0.9244509084478126,0.9390388769841024,0.014587968536289742,0.9729119638826185,0.9774266365688488,0.004514672686230292,0.9,1.0,0.09999999999999998,0.8181818181818182,0.7727272727272727,-0.045454545454545525,0.8571428571428571,0.8717948717948718,0.014652014652014711,0.8433850045899538,0.8682362497468806,0.024851245156926827
Lyl1,GSM1901548,400,MTL,2,0.9758589743589744,0.9781342251950949,0.002275250836120457,0.9535308096914441,0.9597229700978374,0.0061921604063932545,0.9254727474972191,0.9314794215795328,0.006006674082313701,0.8549571603427173,0.9012846517917512,0.04632749144903392,0.934448160535117,0.8916387959866221,-0.04280936454849493,0.8929370405880473,0.8964357767316745,0.003498736143627168,0.8378957073340074,0.8452684988203785,0.007372791486371044
MAFB,GSM1278507,282,MTL,6,0.9632332205301749,0.9709383441683735,0.007705123638198641,0.9320768945760501,0.9380194334260724,0.005942538850022272,0.9221830985915493,0.930281690140845,0.008098591549295708,0.8857142857142857,0.8912466843501327,0.00553239863584698,0.8261421319796954,0.8527918781725888,0.026649746192893398,0.8548916611950098,0.8715953307392996,0.016703669544289812,0.8027234144282661,0.8241554750984926,0.021432060670226516
MAFK,GSM1159670,282,MTL,6,0.950854872999888,0.9614155756965423,0.010560702696654323,0.9507813239684756,0.9627999158229288,0.012018591854453198,0.8738919551764509,0.8921224284997491,0.01823047332329819,0.8508356985178177,0.9123674911660776,0.06153179264825992,0.9056730446458543,0.8667338032896945,-0.03893924135615978,0.8773983739837399,0.8889653985195386,0.01156702453579872,0.7493841568236131,0.7851806388101755,0.03579648198656238
MAF,GSM1859073,282,MTL,6,0.9713623333333332,0.9744456666666668,0.003083333333333549,0.9688688591508967,0.9749655969270676,0.006096737776170924,0.9156666666666666,0.9225,0.006833333333333358,0.9247275204359673,0.938126512270999,0.013398991835031682,0.905,0.9046666666666666,-0.00033333333333340764,0.9147574123989218,0.921092821992194,0.006335409593272168,0.8315225724479199,0.8455379802769072,0.014015407828987247
MBD2,GSM1388125,272,MTL,2,0.984642111111111,0.9845058888888888,-0.00013622222222220426,0.985406279407708,0.9851553772642252,-0.0002509021434827785,0.9441666666666667,0.9441666666666668,1.1102230246251565e-16,0.9425440053138492,0.9419568822553898,-0.0005871230584594267,0.946,0.9466666666666668,0.0006666666666668153,0.9442688404591583,0.9443059019118868,3.7061452728526234e-05,0.8883393049676215,0.8883444377082075,5.132740586000217e-06
MBD3,GSM2104436,272,MTL,2,0.9556121666666666,0.9584259444444444,0.002813777777777804,0.9548124326110436,0.9575735456393696,0.0027611130283259344,0.896,0.8986666666666666,0.002666666666666595,0.9282624369142033,0.888816644993498,-0.0394457919207053,0.8583333333333333,0.9113333333333332,0.052999999999999936,0.8919293384135781,0.8999341672152732,0.008004828801695063,0.794256954908439,0.7975893119583772,0.0033323570499382837
MEF2B,GSM3011725,300,MTL,3,0.9198220000000001,0.9300622777777776,0.010240277777777473,0.9250618573644549,0.934378762800718,0.009316905436263068,0.8501666666666666,0.8591666666666666,0.009000000000000008,0.8571914314858892,0.8590469843385539,0.0018555528526646992,0.8403333333333334,0.8593333333333333,0.018999999999999906,0.848678673623969,0.8591901349775037,0.010511461353534757,0.7004688093191109,0.718333373240744,0.017864563921633048
MEF2D,GSM5215167,300,MTL,3,0.9556826666666667,0.9569038333333332,0.0012211666666664955,0.9530312749185846,0.9552057332823524,0.0021744583637677284,0.8853333333333333,0.89,0.004666666666666708,0.858560794044665,0.8686200378071833,0.010059243762518322,0.9226666666666666,0.919,-0.003666666666666596,0.8894601542416453,0.8931000971817298,0.0036399429400845174,0.7728239674108575,0.7813152793817203,0.008491311970862836
MITF,GSM1517751,240,MTL,3,0.9934834999999999,0.9937803333333332,0.00029683333333330175,0.9944666960109761,0.9947981483201612,0.0003314523091850763,0.9678333333333333,0.9698333333333332,0.0019999999999998908,0.98147512864494,0.981880341880342,0.00040521323540199106,0.9536666666666667,0.9573333333333334,0.003666666666666707,0.9673710904480135,0.969451476793249,0.002080386345235441,0.9360424591439,0.9399604502182144,0.003917991074314342
MNX1,GSM5214607,395,MTL,2,0.9867797393862966,0.98733389379291,0.0005541544066134385,0.9873528708439636,0.9878629455932488,0.0005100747492852165,0.9479457148168805,0.9546384086261388,0.006692693809258299,0.9563758389261745,0.9605614973262032,0.004185658400028713,0.95,0.958,0.008000000000000007,0.9531772575250836,0.959279038718291,0.006101781193207367,0.8946021721753702,0.9080873969544322,0.013485224779062
MTA2,GSM969795,174,MTL,3,0.9437165318445938,0.927841707493069,-0.015874824351524763,0.8804205961929197,0.8397311054953092,-0.04068949069761052,0.9347826086956522,0.9391304347826088,0.004347826086956608,0.7681159420289855,0.9534883720930232,0.1853724300640377,0.7910447761194029,0.6119402985074627,-0.17910447761194026,0.7794117647058824,0.7454545454545455,-0.03395721925133688,0.7412665438929595,0.7353831337047401,-0.005883410188219473
MTA3,GSM1010729,174,MTL,3,0.9071048888888888,0.9083527777777778,0.0012478888888889372,0.9073418347280681,0.9068276185163608,-0.0005142162117072191,0.8165,0.823,0.00649999999999995,0.8628200229270157,0.8676024279210925,0.004782404994076894,0.7526666666666667,0.7623333333333333,0.009666666666666601,0.8039878938935375,0.8115684882895671,0.0075805943960295386,0.638222490752463,0.6508082897677065,0.012585799015243593
MXD1,GSM5215037,220,MTL,3,0.9829288888888889,0.9857667777777778,0.0028378888888889175,0.9791904144251814,0.9833465381200308,0.004156123694849412,0.9336666666666666,0.9423333333333334,0.008666666666666711,0.9285243741765481,0.9382430647291942,0.00971869055264607,0.9396666666666667,0.947,0.007333333333333303,0.9340622929092114,0.942601194426012,0.00853890151680059,0.8673957880785267,0.8847052013324312,0.01730941325390456
MXD3,GSM2534622,220,MTL,3,0.9845617768958731,0.9858699652749996,0.0013081883791264959,0.9841180011074713,0.986193997258998,0.00207599615152676,0.9354940213971051,0.945563247325362,0.010069225928256875,0.9317291550083939,0.954939341421144,0.023210186412750078,0.9525171624713958,0.9456521739130436,-0.00686498855835227,0.942008486562942,0.9502730669732682,0.008264580410326183,0.8696277733521853,0.8901960273763738,0.020568254024188493
MXD4,GSM2534025,220,MTL,3,0.9741297777777777,0.978474222222222,0.004344444444444373,0.9692347177954611,0.9770989871275748,0.007864269332113705,0.921,0.9311666666666668,0.010166666666666768,0.8991782553729456,0.9273207796498184,0.028142524276872805,0.9483333333333334,0.9356666666666666,-0.012666666666666715,0.9231018818948734,0.9314750290360048,0.008373147141131354,0.8432609620522822,0.86236825995514,0.01910729790285781
MYB,GSM2466686,247,MTL,2,0.9487308888888888,0.9486831666666669,-4.772222222193534e-05,0.9510271944249146,0.9500487655808736,-0.0009784288440409794,0.8761666666666666,0.8811666666666667,0.0050000000000000044,0.9312189529996179,0.8588013806087229,-0.07241757239089497,0.8123333333333334,0.9123333333333332,0.09999999999999987,0.867722983799181,0.8847583643122676,0.017035380513086618,0.7585403694725166,0.7638186650252714,0.00527829555275483
MYCN,GSM2915909,267,MTL,2,0.9743894444444444,0.9736672777777776,-0.0007221666666668014,0.9722914842923114,0.9722474703364292,-4.4013955882160616e-05,0.9183333333333333,0.9191666666666668,0.0008333333333334636,0.913100724160632,0.9132435096943804,0.00014278553374835745,0.9246666666666666,0.9263333333333332,0.0016666666666665941,0.9188473004306061,0.9197418500744664,0.0008945496438602651,0.8367337940036901,0.838419462067526,0.0016856680638359656
MYC,GSM2305251,267,MTL,2,0.8114258333333333,0.809008,-0.0024178333333333413,0.817968920643701,0.8179544289913379,-1.4491652363113339e-05,0.735,0.7213333333333334,-0.013666666666666605,0.7422680412371134,0.7068535825545171,-0.035414458682596295,0.72,0.7563333333333333,0.03633333333333333,0.7309644670050761,0.730756843800322,-0.00020762320475409268,0.4702116428696563,0.4437552020048655,-0.026456440864790765
MYNN,GSM5215460,90,MTL,2,0.9604313333333334,0.961202611111111,0.0007712777777776347,0.9565267013092532,0.9587317074369516,0.0022050061276983612,0.8881666666666667,0.89,0.0018333333333333535,0.9107583774250441,0.9193548387096774,0.008596461284633317,0.8606666666666667,0.855,-0.005666666666666709,0.8850042844901457,0.8860103626943006,0.001006078204154881,0.7775102082089653,0.7819180517254408,0.004407843516475496
MYOD1,GSM2259152,197,MTL,2,0.9671141666666666,0.9672849444444446,0.000170777777777964,0.9670459048286274,0.9677749855547236,0.0007290807260962318,0.9055,0.906,0.000500000000000056,0.8870505886096086,0.9273684210526316,0.040317832443023005,0.9293333333333333,0.881,-0.04833333333333334,0.9076998209343968,0.9035897435897436,-0.004110077344653185,0.811922914076173,0.8130169070985365,0.0010939930223634597
MYOG,GSM2214115,197,MTL,2,0.9757643259108462,0.978953648233308,0.0031893223224618295,0.9616320122630547,0.9671569367185796,0.005524924455524882,0.921967213114754,0.9418579234972676,0.019890710382513554,0.856473345049795,0.9412955465587044,0.0848222015089094,0.928843710292249,0.886277001270648,-0.04256670902160098,0.8911917098445595,0.912958115183246,0.021766405338686456,0.8321797754569625,0.8702566851391881,0.038076909682225546
MZF1,GSM2026778,17,MTL,2,0.9463487113098742,0.9402289043191716,-0.006119806990702581,0.8434870056656916,0.8186587886934865,-0.024828216972205053,0.9081908190819082,0.8883888388838884,-0.01980198019801982,0.7777777777777778,0.75,-0.02777777777777779,0.7844827586206896,0.6982758620689655,-0.08620689655172409,0.7811158798283262,0.7232142857142857,-0.0579015941140405,0.7230413358542279,0.6540817282751131,-0.06895960757911479
Maff,GSM2423084,282,MTL,6,0.9677179444444445,0.9721744444444445,0.004456499999999974,0.9710784525256692,0.973399370988962,0.0023209184632928537,0.9055,0.9153333333333332,0.00983333333333325,0.8885340146917917,0.9356643356643356,0.04713032097254388,0.9273333333333333,0.892,-0.03533333333333333,0.9075191648996901,0.9133105802047782,0.005791415305088088,0.8117743058869521,0.8315726504126664,0.019798344525714273
Mafg,GSM5213893,282,MTL,6,0.9645053333333333,0.9718982222222222,0.007392888888888893,0.960572690281247,0.9690385798406056,0.008465889559358564,0.8918333333333334,0.9123333333333332,0.02049999999999985,0.9378026070763501,0.9292158223455932,-0.008586784730756913,0.8393333333333334,0.8926666666666667,0.053333333333333344,0.885839929639402,0.9105746344780686,0.024734704838666688,0.7880226812381106,0.8253053333099599,0.03728265207184933
Maz,GSM1499533,29,MTL,3,0.9774852222222222,0.977659777777778,0.00017455555555578872,0.9762179971151947,0.9771311428600732,0.0009131457448784408,0.9135,0.9113333333333332,-0.002166666666666761,0.8856077090456947,0.9011703511053316,0.015562642059636866,0.9496666666666667,0.924,-0.025666666666666615,0.9165192214894644,0.912442396313364,-0.004076825176100418,0.8291720047981891,0.8229307783918374,-0.006241226406351719
Mef2a,GSM803511,300,MTL,3,0.9493504444444445,0.9582948333333332,0.00894438888888871,0.9489868494597757,0.9575589464323242,0.00857209697254846,0.8801666666666667,0.8956666666666667,0.01550000000000007,0.8619485877499207,0.8848897535667963,0.022941165816875664,0.9053333333333333,0.9096666666666666,0.0043333333333333,0.8831084376524142,0.8971071663379355,0.013998728685521322,0.7612982983645192,0.7916437185184173,0.030345420153898073
Meis1,GSM940324,143,MTL,2,0.9691797796676342,0.970857734548726,0.0016779548810917921,0.8944907704883872,0.9050448813002482,0.010554110811860973,0.9274193548387096,0.9285190615835776,0.0010997067448679232,0.8497942386831275,0.8641188959660298,0.01432465728290222,0.7676579925650557,0.7565055762081785,-0.011152416356877248,0.806640625,0.8067393458870169,9.872088701690096e-05,0.76359903154195,0.7656665967749787,0.0020675652330287564
Mta1,GSM5215565,174,MTL,3,0.9816604444444444,0.981813277777778,0.00015283333333360183,0.9791320824316694,0.9781560458233576,-0.0009760366083118033,0.9356666666666666,0.9341666666666668,-0.0014999999999998348,0.9205276705276705,0.9328680624792288,0.012340391951558338,0.9536666666666667,0.9356666666666666,-0.018000000000000016,0.9368041912246234,0.9342652687635212,-0.002538922461102211,0.871898506741254,0.8683372408597092,-0.0035612658815448173
Mybl2,GSM1010876,247,MTL,2,0.9332806666666668,0.9359255,0.0026448333333332075,0.9268802713950937,0.9336917571209468,0.006811485725853106,0.8601666666666666,0.8613333333333333,0.0011666666666666492,0.8666440447913132,0.8692098092643051,0.0025657644729919493,0.8513333333333334,0.8506666666666667,-0.0006666666666667043,0.858920464099546,0.8598382749326146,0.000917810833068522,0.7204457716724777,0.7228311696339577,0.0023853979614799625
NFATC3,GSM2574801,330,MTL,4,0.9517594444444445,0.9523909444444444,0.000631499999999896,0.9420451005740266,0.9434371919168254,0.001392091342798829,0.88,0.8813333333333333,0.0013333333333332975,0.8703703703703703,0.8421052631578947,-0.02826510721247566,0.893,0.9386666666666666,0.04566666666666663,0.8815399802566634,0.8877679697351829,0.006227989478519547,0.7602570103115709,0.7677305990187091,0.007473588707138212
NFATC4,GSM6347346,330,MTL,4,0.9303552960800668,0.932353072004448,0.0019977759243811066,0.8714357474593933,0.8734615008672704,0.002025753407877029,0.8833055489402238,0.8894974994046202,0.006191950464396356,0.9032992036405005,0.8503336510962822,-0.05296555254421831,0.6622185154295246,0.74395329441201,0.08173477898248538,0.7641963426371511,0.7935943060498221,0.02939796341267098,0.7037482683048937,0.7215969967415881,0.017848728436694383
NFE2L2,GSM2423561,349,MTL,2,0.9818862632772407,0.9821511516887456,0.0002648884115048489,0.9828538947854579,0.9823505293425492,-0.0005033654429087431,0.9363024339720352,0.9392370101847056,0.002934576212670459,0.9391304347826087,0.9482188762394418,0.009088441456833074,0.9280343716433942,0.924453992123165,-0.00358037952022916,0.93354943273906,0.936185641769398,0.0026362090303380104,0.8724467962891947,0.8784710239281717,0.00602422763897692
NFE2,GSM1067276,349,MTL,2,0.9774061111111112,0.9817007777777778,0.004294666666666558,0.974911708046279,0.9797108489052004,0.0047991408589214135,0.8991666666666667,0.9355,0.03633333333333333,0.9579349904397706,0.9397509256142712,-0.01818406482549939,0.835,0.9306666666666666,0.09566666666666668,0.8922528940338379,0.9351867358901356,0.04293384185629767,0.804989720606773,0.8710406979078228,0.0660509773010498
NFIC,GSM1010880,428,MTL,4,0.9498461666666667,0.9533136666666666,0.0034674999999999567,0.9528281183905118,0.9564280425787643,0.0035999241882525013,0.8796666666666667,0.8793333333333333,-0.00033333333333340764,0.8744247205785667,0.8790806129247168,0.004655892346150159,0.8866666666666667,0.8796666666666667,-0.007000000000000006,0.8805031446540881,0.8793735421526158,-0.0011296025014723154,0.759407758940743,0.7586668352593154,-0.00074092368142753
NFKB1,GSM486323,242,MTL,2,0.9711591111111112,0.9731153333333334,0.001956222222222248,0.9720832312798096,0.9740476011325148,0.0019643698527052056,0.8521666666666666,0.9126666666666666,0.0605,0.980009086778737,0.921949556918882,-0.058059529859854964,0.719,0.9016666666666666,0.18266666666666664,0.8294558738704095,0.9116953151331312,0.08223944126272165,0.7307264521432015,0.8255331365314869,0.09480668438828532
NFKB2,GSM5215027,242,MTL,2,0.9858518077075884,0.9853311481922924,-0.000520659515296007,0.9852036355986593,0.9851050507228956,-9.858487576375197e-05,0.945078847199565,0.9452601051295996,0.0001812579300345396,0.929595412551768,0.9472811671087532,0.017685754556985178,0.9726666666666667,0.9523333333333334,-0.020333333333333314,0.9506434272682848,0.9498005319148936,-0.0008428953533912154,0.8899734370962045,0.8896333406912078,-0.0003400964049966593
NR1I2,GSM2752692,186,MTL,2,0.9683727058531746,0.9667887524801588,-0.0015839533730157562,0.9514724951335716,0.949955290132006,-0.0015172050015656025,0.9291490857946554,0.929676511954993,0.0005274261603376296,0.9032827391457818,0.9042402826855124,0.0009575435397305432,0.9520089285714286,0.9520089285714286,0.0,0.9270059771780474,0.9275099673794852,0.0005039902014377651,0.859386257485755,0.8603887485270081,0.0010024910412530508
NR2C1,GSM2828801,188,MTL,2,0.9296265845708076,0.9309129542436316,0.0012863696728240281,0.9251045468291648,0.925589735973954,0.00048518914478923314,0.8533240756813053,0.8239888908175664,-0.029335184863738872,0.8667687595712098,0.9305076392311484,0.06373887965993863,0.8199927562477364,0.6838102136906917,-0.13618254255704465,0.8427321794155965,0.7883089770354906,-0.054423202380105895,0.7064624848578255,0.6660272678249503,-0.040435217032875226
NRL,GSM5214854,282,MTL,6,0.9806918333333333,0.9823705555555554,0.0016787222222220954,0.9779612820445402,0.979140220485836,0.001178938441295796,0.9316666666666666,0.9345,0.0028333333333333544,0.9147982062780269,0.9352253756260434,0.020427169348016472,0.952,0.9336666666666666,-0.018333333333333313,0.9330284220842862,0.9344453711426188,0.0014169490583326727,0.8640481007462025,0.8690012069469588,0.004953106200756285
Ncor1,GSM5214003,323,MTL,2,0.9075516111111112,0.9042056111111112,-0.00334599999999996,0.9126014578788022,0.9069413249284404,-0.005660132950361829,0.8248333333333333,0.832,0.0071666666666666545,0.8956557044254974,0.8401639344262295,-0.05549176999926786,0.7353333333333333,0.82,0.08466666666666667,0.8076148636280432,0.8299595141700404,0.02234465054199719,0.6603316341633081,0.6641913146518978,0.003859680488589756
Ncor2,GSM898062,323,MTL,2,0.9407451111111111,0.9415634444444444,0.0008183333333332543,0.9423225048975745,0.9428925442985592,0.0005700394009846566,0.8521666666666666,0.8665,0.01433333333333342,0.9214200239329876,0.8516149664214903,-0.06980505751149735,0.77,0.8876666666666667,0.1176666666666667,0.8389322680225167,0.8692671780643055,0.030334910041788787,0.7140408153886466,0.7336576928483545,0.01961687745970786
Neurog1,GSM1002662,261,MTL,2,0.9612366666666667,0.9649892777777778,0.003752611111111026,0.956842209683532,0.9597960573071286,0.0029538476235966282,0.895,0.8995,0.0044999999999999485,0.9111727966689799,0.8751173708920188,-0.03605542577696108,0.8753333333333333,0.932,0.056666666666666754,0.8928935736144169,0.9026634382566586,0.009769864642241721,0.7906118188943432,0.800693254894552,0.010081436000208832
Neurog2,GSM1970158,261,MTL,2,0.9781922222222222,0.9785266666666668,0.00033444444444452603,0.9773782756368955,0.9773698457545804,-8.429882315086346e-06,0.9266666666666666,0.9255,-0.0011666666666666492,0.9185742315238719,0.899030947170991,-0.019543284352880885,0.9363333333333334,0.9586666666666668,0.022333333333333427,0.9273687685704853,0.927891595418616,0.0005228268481306531,0.8534928565729266,0.8528784485927233,-0.0006144079802032909
Nfatc1,GSM3717668,330,MTL,4,0.963411065044205,0.9685534849082048,0.00514241986399977,0.8866573242522018,0.8996403451911791,0.012983020938977297,0.9302911534154535,0.9319708846584548,0.0016797312430012479,0.8408360128617364,0.8097982708933718,-0.03103774196836462,0.7771173848439822,0.8350668647845468,0.05794947994056465,0.8077220077220078,0.8222384784198976,0.01451647069788986,0.7661174600331082,0.7803282035833746,0.014210743550266414
Nfatc2,GSM2810040,330,MTL,4,0.8995708414849297,0.9057292448027404,0.006158403317810701,0.8536506816384848,0.8654017057731449,0.011751024134660115,0.8454075032341527,0.8436826218197498,-0.0017248814144028568,0.8050397877984085,0.781134401972873,-0.023905385825535475,0.7416004886988393,0.7739767868051314,0.032376298106292056,0.7720190779014309,0.7775391224301933,0.0055200445287624245,0.6566332922042162,0.6570676585352464,0.0004343663310302226
Nfia,GSM2527615,428,MTL,4,0.9490203333333334,0.9555124444444444,0.006492111111111032,0.9472636599587749,0.9548582131270216,0.007594553168246643,0.8633333333333333,0.8933333333333333,0.030000000000000027,0.9298107255520505,0.891506303915063,-0.03830442163698744,0.786,0.8956666666666667,0.10966666666666669,0.851878612716763,0.8935816428333888,0.041703030116625794,0.7355173595523952,0.7866752327325053,0.051157873180110114
Nfib,GSM2828368,428,MTL,4,0.9675365555555555,0.9737651111111112,0.0062285555555556815,0.9715002649291724,0.976602446130772,0.005102181201599554,0.9028333333333334,0.917,0.01416666666666666,0.9480904708935854,0.9439318665720368,-0.004158604321548687,0.8523333333333334,0.8866666666666667,0.03433333333333333,0.8976654379497981,0.9144035751117222,0.01673813716192407,0.8098076784161007,0.8355389947772398,0.025731316361139123
Nfix,GSM5214038,428,MTL,4,0.9436146997206704,0.932498254189944,-0.011116445530726327,0.8104991194284517,0.8025091459041549,-0.007989973524296756,0.9541457286432161,0.9522613065326632,-0.0018844221105529524,0.8717948717948718,0.7658227848101266,-0.10597208698474525,0.6375,0.75625,0.11875000000000002,0.7364620938628159,0.7610062893081762,0.02454419544536024,0.7224828007982271,0.7345075892359888,0.012024788437761669
Nr1h2,GSM2042845,184,MTL,3,0.9429971111111111,0.960960888888889,0.017963777777777912,0.9414913917665151,0.9618415583207408,0.020350166554225724,0.8671666666666666,0.8883333333333333,0.021166666666666667,0.8400740969435011,0.8710191082802548,0.030945011336753647,0.907,0.9116666666666666,0.004666666666666597,0.8722551690976118,0.8908794788273615,0.01862430972974971,0.7366748101123468,0.7775137541980388,0.040838944085692
Nr1h3,GSM2042852,184,MTL,3,0.9258986666666666,0.9456118888888888,0.01971322222222216,0.9248413962996164,0.9434782052702232,0.018636808970606822,0.8486666666666667,0.8763333333333333,0.027666666666666617,0.8730385164051355,0.8665584415584415,-0.006480074846693995,0.816,0.8896666666666667,0.07366666666666677,0.8435561681598898,0.8779605263157895,0.034404358155899706,0.6988263790705247,0.7529344242940149,0.05410804522349022
Nr1h4,GSM1377535,184,MTL,3,0.9574871364596708,0.9603398602953812,0.0028527238357104467,0.878828459540929,0.9003528096600915,0.021524350119162428,0.9256399837464445,0.9288906948394962,0.003250711093051639,0.8678815489749431,0.8559139784946237,-0.011967570480319378,0.7529644268774703,0.7865612648221344,0.03359683794466406,0.8063492063492064,0.819773429454171,0.013424223104964605,0.7635586684038597,0.7766534549603461,0.013094786556486437
Nr1i3,GSM4059675,186,MTL,2,0.95423855963991,0.95313672168042,-0.0011018379594900374,0.8665220248130219,0.8807002336969029,0.014178208883880994,0.9617563739376771,0.9645892351274789,0.0028328611898017497,0.8390804597701149,0.8860759493670886,0.04699548959697364,0.8488372093023255,0.813953488372093,-0.03488372093023251,0.8439306358381503,0.8484848484848485,0.004554212646698197,0.8221575366410945,0.829434688053683,0.007277151412588556
Nr2c2,GSM5215235,188,MTL,2,0.9675479999999999,0.9674977777777778,-5.022222222206274e-05,0.9668572534835771,0.9666880482045218,-0.00016920527905528449,0.9048333333333334,0.8896666666666667,-0.015166666666666662,0.8822788794460182,0.9461832061068702,0.063904326660852,0.9343333333333333,0.8263333333333334,-0.10799999999999998,0.9075603043548648,0.8822064056939501,-0.025353898660914642,0.8110795813388968,0.7856615709513488,-0.025418010387547985
Nr2f1,GSM1817190,192,MTL,3,0.9571915000000001,0.9581683333333332,0.0009768333333330936,0.956656904710087,0.9579907687332976,0.0013338640232105625,0.8765,0.8921666666666667,0.015666666666666718,0.8272964358157056,0.8762392069075792,0.048942771091873616,0.9516666666666667,0.9133333333333332,-0.03833333333333344,0.8851340877383351,0.8944018279745389,0.009267740236203803,0.7616559402308112,0.7850370856171797,0.023381145386368485
Nr2f2,GSM3863299,192,MTL,3,0.9736225555555555,0.9727388888888888,-0.000883666666666727,0.9684695510407668,0.9689686320195164,0.000499080978749622,0.9236666666666666,0.9198333333333332,-0.0038333333333334663,0.9326072157930565,0.8999682438869482,-0.032638971906108316,0.9133333333333333,0.9446666666666668,0.031333333333333435,0.9228696530818458,0.9217758985200846,-0.0010937545617611955,0.8475143440599078,0.840704222162917,-0.006810121896990817
Nr2f6,GSM2534449,192,MTL,3,0.9624452222222222,0.9634396666666668,0.000994444444444631,0.9600450004329085,0.961875789372462,0.0018307889395534627,0.8863333333333333,0.8963333333333333,0.010000000000000009,0.9286242603550295,0.9228307254623044,-0.005793534892725161,0.837,0.865,0.028000000000000025,0.8804347826086957,0.8929800412938748,0.012545258685179084,0.7764553495807547,0.794227711007268,0.017772361426513283
Nr3c1,GSM2519947,405,MTL,4,0.9104144444444444,0.9172751666666666,0.006860722222222226,0.9159098695201574,0.9238276617805644,0.007917792260407008,0.8233333333333334,0.8235,0.0001666666666666483,0.7973635806253832,0.7820401046207498,-0.015323476004633352,0.867,0.897,0.030000000000000027,0.8307250079846694,0.8355845365626455,0.004859528577976113,0.6491469631007145,0.6541058844443853,0.004958921343670819
Nr3c2,GSM1708662,405,MTL,4,0.9411932629174994,0.9555381101912648,0.014344847273765393,0.880264713243716,0.9155365474889212,0.03527183424520519,0.9339449541284404,0.946788990825688,0.012844036697247652,0.8518518518518519,0.8809523809523809,0.02910052910052907,0.7419354838709677,0.7956989247311828,0.053763440860215006,0.7931034482758621,0.8361581920903954,0.043054743814533336,0.7565717506609995,0.8059777065242552,0.04940595586325569
Nr5a1,GSM5214653,194,MTL,2,0.9542126111111112,0.959127888888889,0.004915277777777782,0.9524420417664536,0.9565963559381956,0.004154314171741946,0.8878333333333334,0.8965,0.0086666666666666,0.8676145339652449,0.8908971409792967,0.023282607014051826,0.9153333333333333,0.9036666666666666,-0.011666666666666714,0.8908353609083536,0.8972364719510177,0.006401111042664165,0.7768425309155269,0.793081471275803,0.016238940360276066
Nr5a2,GSM5215230,194,MTL,2,0.9345325555555557,0.9366113333333332,0.0020787777777775407,0.9357405361794312,0.9380227267435932,0.002282190564162012,0.8586666666666667,0.8631666666666666,0.0044999999999999485,0.8572377158034529,0.8649916247906198,0.00775390898716688,0.8606666666666667,0.8606666666666667,0.0,0.8589487691284099,0.8628237259816207,0.0038749568532108203,0.7173390720688649,0.7263424126702379,0.009003340601372978
ONECUT2,GSM2835772,413,MTL,2,0.9761357222222221,0.9782143333333334,0.002078611111111295,0.9723381404744406,0.9764954826652984,0.004157342190857838,0.9251666666666667,0.9293333333333332,0.004166666666666541,0.9415022499134649,0.9184535412605588,-0.02304870865290609,0.9066666666666666,0.9423333333333334,0.035666666666666735,0.9237561555442351,0.9302402105955908,0.0064840550513557416,0.850915984805695,0.8589570432292135,0.008041058423518543
OVOL1,GSM5214530,31,MTL,3,0.9306772222222222,0.9329496666666666,0.0022724444444444103,0.9317706785471819,0.9330565974696032,0.0012859189224213585,0.8573333333333333,0.8588333333333333,0.0015000000000000568,0.8782639378969654,0.8528351360209767,-0.025428801875988727,0.8296666666666667,0.8673333333333333,0.037666666666666626,0.8532739115529654,0.8600231366716246,0.006749225118659163,0.7157632607148776,0.7177703919830037,0.0020071312681261277
OVOL2,GSM5667617,31,MTL,3,0.936318540433925,0.9351249178172256,-0.001193622616699419,0.81735388160185,0.8353268959413216,0.017973014339471627,0.9372683205018535,0.9443969204448246,0.007128599942971103,0.8376470588235294,0.8223140495867769,-0.015333009236752515,0.7021696252465484,0.7850098619329389,0.08284023668639051,0.7639484978540773,0.8032290615539859,0.03928056369990862,0.7318668553708324,0.7711551380857948,0.03928828271496243
OVOL3,GSM2423939,31,MTL,3,0.900961172629188,0.9089663543441228,0.008005181714934806,0.8851575261056859,0.8937129774323135,0.008555451326627606,0.8257292445774121,0.8333956619296934,0.007666417352281241,0.8361823361823362,0.8444444444444444,0.00826210826210827,0.75,0.7606473594548552,0.010647359454855176,0.7907498877413561,0.8003585032489356,0.009608615507579521,0.6449821717377134,0.660723484770076,0.01574131303236259
Onecut1,GSM5215449,413,MTL,2,0.9617292222222222,0.9627606666666668,0.0010314444444445847,0.9647459692668046,0.966758315312494,0.0020123460456894504,0.9046666666666666,0.8985,-0.006166666666666654,0.9357501794687725,0.8815831471433131,-0.054167032325459386,0.869,0.9206666666666666,0.05166666666666664,0.9011406844106464,0.9007011250611446,-0.00043955934950179465,0.8114003489593393,0.7977843860510812,-0.013615962908258172
PATZ1,GSM5215711,29,MTL,3,0.9695304444444444,0.9709647777777778,0.0014343333333334263,0.9623597820552233,0.965614816513732,0.003255034458508721,0.9086666666666666,0.9148333333333334,0.006166666666666765,0.9256944444444445,0.9240204429301532,-0.0016740015142913123,0.8886666666666667,0.904,0.01533333333333331,0.9068027210884354,0.9139005897219882,0.007097868633552773,0.8179879856876534,0.8298614764623364,0.011873490774683026
PAX3,GSM3565106,353,MTL,4,0.9374546666666668,0.9478253333333332,0.010370666666666417,0.9375214304663508,0.9480370574580717,0.010515626991720817,0.8643333333333333,0.8793333333333333,0.015000000000000013,0.8503205128205128,0.8605830164765526,0.010262503656039756,0.8843333333333333,0.9053333333333332,0.020999999999999908,0.8669934640522876,0.8823911630929174,0.01539769904062982,0.729250300454001,0.7596944688531512,0.030444168399150207
PAX8,GSM2107942,353,MTL,4,0.7740007437169523,0.7714702921356467,-0.002530451581305604,0.5167183700224881,0.5095289748007642,-0.007189395221723904,0.8866943866943867,0.8866943866943867,0.0,0.7727272727272727,0.9,0.12727272727272732,0.2556390977443609,0.2030075187969924,-0.0526315789473685,0.384180790960452,0.3312883435582822,-0.05289244740216981,0.402430199204346,0.3959451668639991,-0.0064850323403468635
PBX1,GSM1438989,351,MTL,3,0.9600489444444444,0.9633905,0.0033415555555555976,0.95708289773859,0.9604664289507808,0.0033835312121908157,0.8953333333333333,0.876,-0.019333333333333313,0.8669554455445545,0.8181049069373942,-0.048850538607160265,0.934,0.967,0.03299999999999992,0.8992297817715019,0.8863428047662695,-0.012886977005232447,0.7930415933663376,0.7647728301292889,-0.028268763237048744
PBX3,GSM1831600,351,MTL,3,0.877581111111111,0.8740296666666668,-0.0035514444444442184,0.8697825217348822,0.8656787571166139,-0.004103764618268335,0.7928333333333333,0.7638333333333334,-0.028999999999999915,0.8219127885672407,0.7001264222503161,-0.12178636631692463,0.7476666666666667,0.923,0.17533333333333334,0.7830336882527492,0.7962616822429907,0.013227993990241438,0.5880709436259969,0.5566228296576492,-0.03144811396834768
PGR,GSM3110066,405,MTL,4,0.9122479444444443,0.9186552777777776,0.006407333333333209,0.9131134495905442,0.9190224390993642,0.005908989508820017,0.819,0.8398333333333333,0.02083333333333337,0.7742120343839541,0.8368021143045921,0.06259007992063792,0.9006666666666666,0.8443333333333334,-0.056333333333333235,0.8326656394453005,0.8405508544881367,0.007885215042836236,0.6466843622596313,0.6796941948390145,0.03300983257938317
PHOX2B,GSM2915910,391,MTL,3,0.9752721111111111,0.9774826666666666,0.0022105555555554934,0.9776662842177632,0.979729902466846,0.0020636182490827437,0.9245,0.9298333333333332,0.00533333333333319,0.9420340159666782,0.9463482173762549,0.004314201409576612,0.9046666666666666,0.9113333333333332,0.006666666666666599,0.9229722836252338,0.9285107828154184,0.005538499190184676,0.8496687164113124,0.8602557133727508,0.010586996961438389
PIAS1,GSM2219874,277,MTL,2,0.9507494444444444,0.9528815555555556,0.0021321111111112234,0.9537722156574409,0.956159395917178,0.002387180259737165,0.8766666666666667,0.8878333333333334,0.011166666666666658,0.9197622585438335,0.8910924369747899,-0.02866982156904363,0.8253333333333334,0.8836666666666667,0.05833333333333335,0.8699929725931131,0.8873640167364016,0.017371044143288494,0.7573352316836803,0.7756936009398718,0.018358369256191498
PIAS4,GSM1035441,277,MTL,2,0.9419000558892152,0.9381031377802224,-0.0037969181089928528,0.8343726894471747,0.8102921019635795,-0.024080587483595206,0.9001068376068376,0.8872863247863247,-0.012820512820512886,0.8298611111111112,0.7862068965517242,-0.043654214559387006,0.6339522546419099,0.6047745358090185,-0.02917771883289133,0.718796992481203,0.6836581709145427,-0.03513882156666026,0.668219761953937,0.6243542455850876,-0.04386551636884939
PITX1,GSM5215184,354,MTL,2,0.9428282222222223,0.9443611111111112,0.001532888888888917,0.9376285394933694,0.9418003382653451,0.00417179877197571,0.8678333333333333,0.8725,0.004666666666666708,0.8881463243053113,0.8555520203627108,-0.03259430394260043,0.8416666666666667,0.8963333333333333,0.05466666666666664,0.864282046893719,0.8754680123718053,0.011185965478086257,0.7366761544719054,0.7458478063954981,0.009171651923592705
PITX3,GSM2449944,354,MTL,2,0.9217685555555555,0.9253757222222222,0.003607166666666717,0.9160797694380578,0.9212674417658038,0.0051876723277459735,0.845,0.854,0.009000000000000008,0.8621413575927221,0.86875,0.006608642407277876,0.8213333333333334,0.834,0.012666666666666604,0.8412427449641516,0.8510204081632653,0.009777663199113662,0.6907742545822915,0.7085670805875105,0.01779282600521903
POU2F2,GSM2095818,255,MTL,5,0.9656425555555556,0.9713832222222224,0.005740666666666838,0.9626593538040219,0.9700884510673206,0.007429097263298656,0.9011666666666667,0.9133333333333332,0.012166666666666548,0.9050824638168967,0.9033832140533506,-0.0016992497635460735,0.8963333333333333,0.9256666666666666,0.029333333333333322,0.9006866521520683,0.914389199868291,0.013702547716222702,0.8023708227570339,0.8269182718586965,0.02454744910166262
POU2F3,GSM3165679,255,MTL,5,0.9718816666666666,0.974333,0.002451333333333361,0.9755620738920989,0.9765079041909144,0.0009458302988154532,0.9278333333333333,0.9216666666666666,-0.006166666666666654,0.9406110538963268,0.9075386597938144,-0.03307239410251239,0.9133333333333333,0.939,0.025666666666666615,0.9267715203788263,0.9230013106159896,-0.003770209762836707,0.8560267016079612,0.8438405401712044,-0.012186161436756882
POU3F2,GSM1934423,255,MTL,5,0.9627439620691414,0.9651271545830802,0.0023831925139388144,0.9120940379268881,0.922805777399324,0.010711739472435866,0.9155745199634258,0.90795489180128,-0.007619628162145786,0.8592508513053349,0.8058350100603622,-0.05341584124497267,0.8318681318681319,0.8802197802197802,0.04835164835164829,0.8453378001116695,0.8413865546218487,-0.003951245489820732,0.7874949014081627,0.7782316179447433,-0.009263283463419425
PRRX2,GSM6347236,391,MTL,3,0.929555037957212,0.932347481021394,0.0027924430641820264,0.8994749254902091,0.9033220226138056,0.0038470971235964324,0.8499594484995945,0.85117599351176,0.0012165450121655041,0.7977022977022977,0.8527679623085983,0.05506566460630058,0.8266045548654244,0.7494824016563147,-0.07712215320910965,0.8118962887646162,0.7977961432506887,-0.014100145513927465,0.6874738552140557,0.6843791380915033,-0.0030947171225523817
Pax5,GSM803362,353,MTL,4,0.9545639444444445,0.9589293888888888,0.004365444444444311,0.9474984765800746,0.9558487236391427,0.008350247059068172,0.8901666666666667,0.8916666666666667,0.0015000000000000568,0.8779463997416855,0.8660436137071651,-0.01190278603452044,0.9063333333333333,0.9266666666666666,0.020333333333333314,0.8919140560931605,0.895330112721417,0.003416056628256503,0.7807415510119853,0.7852595818610196,0.004518030849034349
Pax7,GSM2629527,353,MTL,4,0.9758641111111112,0.9795718333333334,0.003707722222222265,0.9724184280151923,0.9790415765371676,0.0066231485219753194,0.9176666666666666,0.9323333333333332,0.014666666666666606,0.8864898210980876,0.9151728553137004,0.0286830342156128,0.958,0.953,-0.0050000000000000044,0.9208586991348927,0.93370346178968,0.01284476265478729,0.8380644728633426,0.8654062319127799,0.027341759049437253
Pbx4,GSM2572277,351,MTL,3,0.9118900000000001,0.9152941111111113,0.0034041111111111633,0.9160192659462583,0.9184664367300924,0.0024471707838341628,0.836,0.815,-0.02100000000000002,0.8806646525679759,0.7684659090909091,-0.11219874347706682,0.7773333333333333,0.9016666666666666,0.1243333333333333,0.8257790368271954,0.8297546012269938,0.003975564399798404,0.6766740663793798,0.6396827390185236,-0.0369913273608562
Pknox1,GSM2423884,143,MTL,2,0.9392006666666667,0.9426489444444444,0.003448277777777675,0.9380345321569208,0.9443536774756206,0.006319145318699815,0.867,0.8731666666666666,0.006166666666666654,0.8556201550387597,0.8845757471659224,0.0289555921271627,0.883,0.8583333333333333,-0.024666666666666726,0.8690944881889764,0.8712569785146337,0.002162490325657296,0.7343760968670543,0.7466619784120195,0.012285881544965238
Pol2ra,GSM3417126,421,MTL,2,0.975085111111111,0.9776413333333334,0.002556222222222404,0.9738132062727031,0.9764225236757558,0.002609317403052702,0.9118333333333334,0.9133333333333332,0.0014999999999998348,0.8956131924431636,0.879436964504284,-0.016176227938879628,0.9323333333333333,0.958,0.025666666666666615,0.9136044422668627,0.9170389278876836,0.0034344856208209373,0.824359832531387,0.8299851257159258,0.005625293184538749
Pou2f1,GSM3507240,255,MTL,5,0.9277278888888889,0.9405825555555556,0.012854666666666681,0.9327555962579117,0.9449653060657504,0.012209709807838642,0.849,0.8688333333333333,0.01983333333333337,0.8785249457700651,0.8645799011532125,-0.013945044616852642,0.81,0.8746666666666667,0.06466666666666665,0.8428720083246618,0.8695940347970174,0.026722026472355553,0.7001330540755101,0.7377168741068826,0.037583820031372506
Pou5f1,GSM539547,255,MTL,5,0.9912159552845529,0.992101033197832,0.0008850779132791864,0.9916848388017954,0.9934328265939818,0.001747987792186434,0.9681964573268921,0.9671900161030595,-0.0010064412238325326,0.9736666666666667,0.959805510534846,-0.013861156131820707,0.9736666666666667,0.987,0.013333333333333308,0.9736666666666667,0.9732128184059162,-0.0004538482607504557,0.9335243902439024,0.9315122706417782,-0.0020121196021242183
Ppard,GSM1214683,183,MTL,2,0.9839624848484848,0.9837253333333332,-0.00023715151515157906,0.9830539787027462,0.983849425067658,0.0007954463649118004,0.936,0.9391304347826088,0.003130434782608771,0.9404283801874164,0.9537671232876712,0.013338743100254846,0.9366666666666666,0.9283333333333332,-0.008333333333333415,0.9385437541750167,0.9408783783783784,0.0023346242033617237,0.8717885083312854,0.8785186101098088,0.006730101778523401
Pparg,GSM1443809,183,MTL,2,0.9604431666666666,0.9539971111111112,-0.006446055555555441,0.959359102435956,0.9522771800422168,-0.007081922393739171,0.896,0.8905,-0.00550000000000006,0.8946843853820599,0.8760834670947031,-0.01860091828735677,0.8976666666666666,0.9096666666666666,0.01200000000000001,0.8961730449251248,0.8925592804578905,-0.0036137644672343816,0.7920044000366671,0.7815744512262595,-0.010429948810407597
Prdm9,GSM2466446,99,MTL,6,0.8350446428571429,0.7474330357142858,-0.0876116071428571,0.4588212949569828,0.4685392948911067,0.009717999934123867,0.8560606060606061,0.8636363636363636,0.007575757575757569,0.5714285714285714,1.0,0.4285714285714286,0.2,0.1,-0.1,0.2962962962962963,0.1818181818181818,-0.11447811447811448,0.27714285714285714,0.2935197542821371,0.016376897139279978
RARB,GSM5375113,181,MTL,3,0.8529253764890987,0.8655883344571814,0.0126629579680827,0.7448949215287646,0.7782360704161335,0.03334114888736894,0.789203658264555,0.8057104617443676,0.016506803479812593,0.6815114709851552,0.7651646447140381,0.08365317372888292,0.6810519217801754,0.5954146999325691,-0.08563722184760625,0.6812816188870152,0.6697004171406902,-0.011581201746325043,0.5238079577789412,0.5435415490578317,0.019733591278890517
RARG,GSM1469991,181,MTL,3,0.9695555061420996,0.9704226485796428,0.0008671424375431558,0.945058376704932,0.9460871812408752,0.0010288045359432285,0.8945295404814004,0.9148796498905908,0.020350109409190353,0.9473251028806584,0.8701380175658721,-0.07718708531478635,0.7335882727852135,0.8840025493945188,0.1504142766093053,0.826867816091954,0.877015491621878,0.05014767552992394,0.7655082447198881,0.8119982002606326,0.04648995554074453
RBAK,GSM5214917,10304,MTL,20,0.9576204444444443,0.9734017777777776,0.015781333333333314,0.9523409845513009,0.9700858061110886,0.017744821559787738,0.89,0.9173333333333332,0.02733333333333321,0.9028925619834711,0.9244067796610168,0.02151421767754569,0.874,0.909,0.03500000000000003,0.8882113821138211,0.9166386554621848,0.028427273348363702,0.7803996669704392,0.8347826167494191,0.05438294977897995
RCOR1,GSM2824363,406,MTL,2,0.9481495555555556,0.9529308888888888,0.004781333333333193,0.943818503657311,0.949158931507267,0.005340427849956031,0.8766666666666667,0.8836666666666667,0.007000000000000006,0.8794492948287441,0.8834110592938041,0.003961764465060025,0.873,0.884,0.01100000000000001,0.8762127801940448,0.8837054315228258,0.007492651328780964,0.7533535904466702,0.7673335038519087,0.01397991340523852
REL,GSM2628092,243,MTL,2,0.9612224284928494,0.9604024339933992,-0.0008199944994502495,0.9476983690841182,0.9526075997405542,0.004909230656436003,0.9037610619469026,0.900811209439528,-0.002949852507374673,0.9109766637856526,0.8669260700389105,-0.04405059374674203,0.8696369636963697,0.9191419141914192,0.04950495049504955,0.8898269311945969,0.8922707248698438,0.0024437936752469414,0.8051586711201966,0.8016888157296389,-0.0034698553905576635
RORA,GSM5213886,182,MTL,2,0.9478662222222222,0.9502945555555556,0.0024283333333334767,0.9434247213386656,0.9469194814711408,0.003494760132475183,0.867,0.871,0.0040000000000000036,0.9071745562130178,0.9029688631426502,-0.0042056930703675555,0.8176666666666667,0.8313333333333334,0.013666666666666716,0.8600981767180925,0.8656716417910447,0.0055734650729521995,0.7375990853221838,0.7443460716222202,0.0067469863000364505
RUNX1,GSM2467011,219,MTL,3,0.9888045617173523,0.9887659511031603,-3.861061419196954e-05,0.9931859822591094,0.9938278409542683,0.0006418586951589811,0.9759592034968432,0.9783875667799904,0.002428363283147217,0.985929648241206,0.9814753556070128,-0.004454292634193169,0.981,0.989,0.008000000000000007,0.9834586466165414,0.985223310642537,0.0017646640259956214,0.9395187050489634,0.9451040344325068,0.0055853293835433915
RUNX3,GSM3535204,219,MTL,3,0.7419118333333332,0.7418812222222222,-3.061111111102299e-05,0.7444473309830475,0.7425846713691647,-0.0018626596138827667,0.672,0.666,-0.006000000000000005,0.6698485845951284,0.6769722814498934,0.007123696854764994,0.6783333333333333,0.635,-0.043333333333333335,0.6740642596886386,0.6553147574819401,-0.018749502206698465,0.3440275997656606,0.3326399495667465,-0.011387650198914134
RXRB,GSM2534152,190,MTL,2,0.9496735555555555,0.9512350555555557,0.0015615000000001045,0.9445193049812899,0.9475949731825908,0.0030756682013008962,0.8813333333333333,0.8836666666666667,0.0023333333333334094,0.8586206896551725,0.8665605095541401,0.007939819898967637,0.913,0.907,-0.006000000000000005,0.8849757673667206,0.8863192182410423,0.00134345087432175,0.7642008539295437,0.7681702412720538,0.003969387342510067
Rara,GSM2534076,181,MTL,3,0.9600165000000002,0.9638079444444444,0.0037914444444442363,0.9594227554463526,0.962460803075632,0.0030380476292793945,0.8955,0.8985,0.0030000000000000027,0.8899112717712784,0.9053916581892166,0.015480386417938252,0.9026666666666666,0.89,-0.012666666666666604,0.896243587622042,0.8976298537569339,0.0013862661348919003,0.7910812657996975,0.7971151914683521,0.006033925668654572
Rcor2,GSM2534040,406,MTL,2,0.9353295,0.932503611111111,-0.0028258888888890166,0.9291075115275081,0.9264102988912382,-0.0026972126362699855,0.86,0.8615,0.0015000000000000568,0.8387703889585947,0.8524536886577836,0.013683299699188911,0.8913333333333333,0.8743333333333333,-0.017000000000000015,0.8642533936651584,0.8632548955076518,-0.0009984981575066332,0.7214179376685025,0.7232382658963399,0.0018203282278373978
Rela,GSM2333680,243,MTL,2,0.9497072222222223,0.947477777777778,-0.002229444444444284,0.9529177373070846,0.9514331048007454,-0.001484632506339234,0.8825,0.8753333333333333,-0.0071666666666666545,0.9132157003961109,0.8627577319587629,-0.050457968437347955,0.8453333333333334,0.8926666666666667,0.04733333333333334,0.8779643413536438,0.8774574049803407,-0.000506936373303013,0.7671222814721537,0.7511181408954751,-0.01600414057667854
Repin1,GSM4307849,96,MTL,4,0.9437484498072733,0.9459951399363165,0.002246690129043105,0.9306566855864098,0.9311348429110556,0.0004781573246458448,0.8875526157546603,0.892162758067749,0.004610142313088761,0.8773784355179705,0.8885913229780397,0.01121288746006921,0.8345902463549523,0.8340874811463047,-0.0005027652086475598,0.8554496263849524,0.8604771784232366,0.0050275520382842,0.764170198635448,0.7737688671266162,0.009598668491168194
Rnap2,GSM2828296,421,MTL,2,0.9696794964028778,0.9711651079136692,0.001485611510791407,0.973686237142076,0.9754983941546308,0.0018121570125547715,0.9242214532871972,0.9171280276816608,-0.007093425605536385,0.9528228924980665,0.9113335716839472,-0.04148932081411927,0.8863309352517985,0.916906474820144,0.030575539568345467,0.9183749534103616,0.9141115294961448,-0.004263423914216746,0.8497658817515434,0.8340672620848917,-0.01569861966665176
Rorb,GSM5668148,182,MTL,2,0.9256538900178813,0.9391112586884184,0.01345736867053704,0.8053950050535058,0.8297068287716974,0.024311823718191627,0.927991033903054,0.9293919865508544,0.0014009526478003798,0.7984644913627639,0.8224489795918367,0.023984488229072842,0.7323943661971831,0.7095070422535211,-0.022887323943661997,0.7640036730945822,0.7618147448015122,-0.002188928293069936,0.7225476952090806,0.7233409830893167,0.0007932878802361376
Runx2,GSM3312807,219,MTL,3,0.9480621111111112,0.9482117777777777,0.00014966666666649253,0.9451968248185049,0.948082110109836,0.002885285291331141,0.8813333333333333,0.8763333333333333,-0.0050000000000000044,0.8877966101694915,0.8687132593076421,-0.019083350861849424,0.873,0.8866666666666667,0.013666666666666716,0.8803361344537816,0.8775981524249422,-0.0027379820288393475,0.7627726146656034,0.7528274543222941,-0.009945160343309278
Rxra,GSM5213955,190,MTL,2,0.9786964444444445,0.9803414444444444,0.0016449999999998965,0.9715869636190878,0.9743399791708988,0.0027530155518109556,0.9256666666666666,0.9343333333333332,0.0086666666666666,0.9020780856423174,0.925261096605744,0.023183010963426565,0.955,0.945,-0.010000000000000009,0.9277849740932642,0.9350263852242744,0.007241411131010178,0.8528021760694783,0.8688644040895266,0.016062228020048308
SALL2,GSM2824365,45,MTL,4,0.9405524425287356,0.9489642401021712,0.008411797573435575,0.9347983956275527,0.9426381594310128,0.007839763803460076,0.8854166666666666,0.8976022012578616,0.01218553459119498,0.905223478729133,0.9082855653986452,0.003062086669512243,0.8050766283524904,0.8347701149425287,0.029693486590038343,0.8522179974651457,0.8699775393062141,0.017759541841068427,0.7626563148032024,0.7876746716773498,0.02501835687414744
SATB1,GSM3499390,305,MTL,2,0.9948057777777778,0.9945987777777776,-0.00020700000000017926,0.9958975724161535,0.995794076739285,-0.00010349567686851469,0.9733333333333334,0.9715,-0.0018333333333333535,0.9723885562208916,0.9666776641372484,-0.005710892083643171,0.9743333333333334,0.9766666666666668,0.0023333333333334094,0.9733599733599734,0.9716464931188856,-0.0017134802410877503,0.9466685600056801,0.9430503497544342,-0.003618210251245868
SCRT1,GSM2423730,80,MTL,4,0.936352888888889,0.9438583333333332,0.007505444444444231,0.9418208198757043,0.9494781007337184,0.007657280858014093,0.865,0.8746666666666667,0.009666666666666712,0.8583115183246073,0.9206586826347304,0.062347164310123104,0.8743333333333333,0.82,-0.054333333333333345,0.8662483487450462,0.8674188998589563,0.0011705511139100677,0.7301272154688303,0.7538525724963865,0.023725357027556182
SCRT2,GSM2423341,80,MTL,4,0.9435881111111112,0.952161777777778,0.008573666666666813,0.9479011137674093,0.9578990893859703,0.009997975618561084,0.8806666666666667,0.8993333333333333,0.01866666666666661,0.8729588504245591,0.9197617379117028,0.046802887487143674,0.891,0.875,-0.016000000000000014,0.881887165951831,0.896822685343355,0.014935519391523933,0.7614959723968644,0.7996141488582582,0.038118176461393816
SIX2,GSM1970531,352,MTL,4,0.9405661111111112,0.9425364444444444,0.001970333333333185,0.9439904285765184,0.94623269604948,0.0022422674729616343,0.8733333333333333,0.8611666666666666,-0.012166666666666659,0.8960396039603961,0.9250686543742644,0.029029050413868385,0.8446666666666667,0.786,-0.058666666666666645,0.8695950583390528,0.8498828617768968,-0.01971219656215606,0.7478968885540012,0.7306367518725843,-0.017260136681416904
SIX4,GSM5214658,352,MTL,4,0.958467111111111,0.9785225555555556,0.020055444444444515,0.9565253261996215,0.976786601379624,0.020261275180002536,0.8875,0.9221666666666668,0.034666666666666845,0.8705769843799809,0.9445419445419444,0.07396496016196352,0.9103333333333333,0.897,-0.013333333333333308,0.8900114062245397,0.9201572918447598,0.030145885620220136,0.7758093758737689,0.8454049056367063,0.06959552976293748
SIX5,GSM1010879,352,MTL,4,0.9262358888888889,0.9378442222222224,0.011608333333333554,0.9289286313470332,0.9420006134266704,0.013071982079637223,0.8403333333333334,0.854,0.013666666666666605,0.8182668329177057,0.9197628458498024,0.10149601293209665,0.875,0.7756666666666666,-0.09933333333333338,0.8456829896907216,0.8415913200723327,-0.004091669618388916,0.6823086089411531,0.7168520217495685,0.03454341280841544
SMAD9,GSM5214199,14,MTL,6,0.9692127380952381,0.9725904761904762,0.003377738095238114,0.9642979047246103,0.9705359345472352,0.006238029822624891,0.9022413793103449,0.9153448275862068,0.013103448275861962,0.8809280109177755,0.9255436785845929,0.04461566766681735,0.9221428571428572,0.8967857142857143,-0.025357142857142856,0.9010643866689932,0.9109377834210048,0.009873396752011598,0.8053763190948804,0.8306879096937771,0.02531159059889676
SMARCC1,GSM3094371,325,MTL,2,0.9319723333333333,0.9358914444444444,0.0039191111111110954,0.9398116194891895,0.9441550149697868,0.004343395480597367,0.8631666666666666,0.8721666666666666,0.009000000000000008,0.8652363392557828,0.8929954241464273,0.027759084890644492,0.8603333333333333,0.8456666666666667,-0.014666666666666606,0.8627778706334615,0.8686868686868687,0.005908998053407277,0.7263449952993783,0.7453809570987356,0.019035961799357293
SNAI2,GSM1336154,80,MTL,4,0.9806771111111112,0.9800283888888888,-0.0006487222222224531,0.9802802394728475,0.9782951527519508,-0.0019850867208967005,0.9273333333333333,0.9288333333333332,0.0014999999999998348,0.9357579877634262,0.9318563276267204,-0.003901660136705787,0.9176666666666666,0.9253333333333332,0.0076666666666665995,0.9266240323123528,0.9285833751463456,0.0019593428339927943,0.8548264391613217,0.8576876802722532,0.002861241110931445
SOX13,GSM2534354,376,MTL,3,0.9466559999999999,0.9709982777777776,0.024342277777777643,0.9445626601733663,0.970304994390178,0.025742334216811713,0.8611666666666666,0.9145,0.053333333333333344,0.8152458539423916,0.9036027263875364,0.08835687244514479,0.934,0.928,-0.006000000000000005,0.8705918906322822,0.9156388751850024,0.04504698455272027,0.7301210037090369,0.8293023358121512,0.0991813321031143
SOX15,GSM5667459,377,MTL,5,0.9309305340181454,0.9360957892992838,0.005165255281138426,0.8374682702336176,0.8449220954328941,0.007453825199276509,0.9383832673827021,0.9429055963821368,0.0045223289994347216,0.7894736842105263,0.8142589118198874,0.024785227609361082,0.8100558659217877,0.8081936685288641,-0.0018621973929235924,0.7996323529411765,0.811214953271028,0.011582600329851478,0.7633215747062432,0.7775900152484831,0.014268440542239968
SOX18,GSM5214537,379,MTL,2,0.9577034843205574,0.9577110336817656,7.549361208170069e-06,0.9492053259732616,0.949346178435718,0.00014085246245643113,0.888756388415673,0.8853492333901193,-0.0034071550255536653,0.8779406750767133,0.8624216430221049,-0.015519032054608362,0.8972125435540069,0.910801393728223,0.013588850174216072,0.8874719972428055,0.8859515336383664,-0.0015204636044390263,0.777688605030263,0.7720251879368408,-0.005663417093422218
SOX21,GSM2994927,377,MTL,5,0.9552433397370107,0.9591025421721624,0.0038592024351516985,0.8609277927218781,0.8726929933216965,0.011765200599818337,0.9155770324047754,0.923820352472996,0.008243320068220594,0.7424023154848046,0.781733746130031,0.03933143064522637,0.8117088607594937,0.7990506329113924,-0.012658227848101222,0.7755102040816326,0.7902973395931142,0.014787135511481586,0.7247437038458462,0.7438268665908302,0.019083162744984006
SOX2,GSM1701828,377,MTL,5,0.9434219444444445,0.9437560555555556,0.0003341111111111461,0.9394051019841603,0.942193361017128,0.002788259032967755,0.8545,0.8756666666666667,0.021166666666666667,0.8032506415739948,0.8724388631857237,0.06918822161172888,0.939,0.88,-0.05899999999999994,0.8658367911479945,0.8762031198141388,0.010366328666144287,0.7193470512950539,0.7513615516637167,0.03201450036866271
SOX4,GSM1970164,377,MTL,5,0.9775258922323304,0.977635409377187,0.00010951714485651909,0.9743558535696693,0.9736160186728258,-0.0007398348968434831,0.9334243769204507,0.9324001365653808,-0.001024240355069872,0.9005524861878453,0.9033457249070632,0.002793238719217883,0.978,0.972,-0.006000000000000005,0.9376797698945349,0.9364161849710982,-0.0012635849234367003,0.8698849954897215,0.8671090588276604,-0.002775936662061107
SOX5,GSM2534682,376,MTL,3,0.9502697777777778,0.9743097222222222,0.02403994444444446,0.9489814409428491,0.9729080657183252,0.023926624775476135,0.878,0.923,0.04500000000000004,0.8476394849785408,0.9112119248217756,0.0635724398432348,0.9216666666666666,0.9373333333333334,0.015666666666666718,0.8831044394762056,0.9240880709825828,0.04098363150637718,0.7588996455218663,0.8463478263916864,0.08744818086982009
SOX9,GSM3139254,378,MTL,2,0.9859351713859911,0.9866337555886736,0.0006985842026825395,0.9406068388410547,0.973783214106978,0.03317637526592332,0.9661016949152542,0.980629539951574,0.014527845036319764,0.873015873015873,0.9649122807017544,0.09189640768588136,0.9016393442622951,0.9016393442622952,1.1102230246251565e-16,0.8870967741935484,0.9322033898305084,0.04510661563696006,0.8673160469816522,0.9216398494852992,0.05432380250364699
SP140L,GSM5214592,5,MTL,2,0.9630511111111111,0.9611645555555556,-0.0018865555555555025,0.9603085479210379,0.9589092576021772,-0.0013992903188607686,0.8991666666666667,0.8916666666666667,-0.007499999999999951,0.8990336554481839,0.9149011299435028,0.01586747449531889,0.8993333333333333,0.8636666666666667,-0.035666666666666624,0.8991834694217631,0.8885459533607681,-0.010637516060994945,0.7983333776851889,0.7845644964535895,-0.013768881231599361
SP140,GSM2398967,5,MTL,2,0.9729148393085045,0.9707474184940248,-0.002167420814479737,0.9650406700323355,0.9593102483473904,-0.005730421684945086,0.9337646858505023,0.9293376468585052,-0.004427038991997145,0.9330016583747927,0.9181494661921707,-0.014852192182621904,0.9376666666666666,0.946,0.008333333333333304,0.9353283458021613,0.9318666885568871,-0.003461657245274141,0.8674640800939446,0.8589277889258974,-0.008536291168047216
SP2,GSM2026796,62,MTL,4,0.9919668982427462,0.9938772646778368,0.0019103664350905714,0.9926645642451105,0.9942281765685604,0.0015636123234499255,0.9603451441160271,0.9654855883972828,0.005140444281255707,0.9715447154471545,0.9600785340314136,-0.01146618141574085,0.956,0.978,0.02200000000000002,0.9637096774193549,0.9689564068692206,0.005246729449865706,0.9201543278279062,0.9303065050765322,0.010152177248626049
SP4,GSM2026799,62,MTL,4,0.9943836919239165,0.9969444964140942,0.002560804490177704,0.9949175796754361,0.9977067715203878,0.002789191844951633,0.9657454262358894,0.9785908913974308,0.012845465161541392,0.9479695431472082,0.9719137818419332,0.023944238694725062,0.996,0.992,-0.0040000000000000036,0.9713914174252276,0.9818541735400858,0.01046275611485814,0.9305412046438242,0.9560546700706624,0.02551346542683819
SP5,GSM2527396,62,MTL,4,0.9729691666666667,0.9788172222222222,0.005848055555555565,0.9712445062764802,0.9782475789460552,0.007003072669575006,0.9168333333333333,0.9285,0.011666666666666714,0.8999040614007036,0.928071928071928,0.028167866671224395,0.938,0.929,-0.008999999999999897,0.9185572058103476,0.928535732133933,0.009978526323585424,0.8344146838625441,0.8570004285003214,0.022585744637777294
SPIB,GSM1370289,171,MTL,2,0.9902593888888889,0.9914684444444444,0.001209055555555505,0.9910131876013566,0.9921154287308698,0.0011022411295131818,0.959,0.9575,-0.0014999999999999458,0.9605351170568562,0.9400448861814684,-0.020490230875387816,0.9573333333333334,0.9773333333333334,0.020000000000000018,0.9589315525876461,0.9583265239418206,-0.0006050286458254561,0.9180051000425005,0.9157207014326864,-0.002284398609814109
STAT1,GSM1057013,432,MTL,3,0.9678467777777777,0.9698672222222224,0.0020204444444447134,0.9670516823018133,0.969727392400704,0.0026757100988907823,0.908,0.9168333333333332,0.008833333333333138,0.9232365145228216,0.922894825836997,-0.00034168868582462597,0.89,0.9096666666666666,0.01966666666666661,0.9063136456211812,0.9162330031895248,0.009919357568343612,0.8165292825182058,0.8337523159566134,0.017223033438407587
STAT3,GSM2278004,432,MTL,3,0.9311282222222224,0.932197,0.0010687777777776963,0.9313543449282098,0.9313033089285722,-5.1035999637627505e-05,0.8473333333333334,0.8615,0.01416666666666666,0.9010777521170131,0.8561576354679803,-0.04492011664903284,0.7803333333333333,0.869,0.08866666666666667,0.8363701321900678,0.862531017369727,0.0261608851796592,0.700988650710942,0.7230813512282771,0.02209270051733514
STAT5A,GSM1010721,431,MTL,3,0.9321980555555557,0.9346446666666668,0.0024466111111111077,0.9306521661680095,0.9336692201795112,0.003017054011501652,0.8536666666666667,0.8585,0.004833333333333356,0.8944237918215613,0.8588588588588588,-0.03556493296270247,0.802,0.858,0.05599999999999994,0.8456942003514939,0.8584292146073037,0.012735014255809807,0.7111402215103293,0.7170003585002689,0.0058601369899395905
STAT5B,GSM5268602,431,MTL,3,0.9433786861145542,0.9457219932163,0.002343307101745795,0.7409972698152759,0.7439921251575723,0.0029948553422963764,0.9364027823782709,0.9360715468698244,-0.0003312355084464924,0.7555555555555555,0.7007042253521126,-0.054851330203442905,0.5537459283387622,0.6482084690553745,0.09446254071661231,0.6390977443609023,0.6734348561759729,0.0343371118150706,0.6139260549642055,0.6386563435136273,0.02473028854942183
STAT6,GSM5214020,431,MTL,3,0.9563668888888888,0.9598550555555556,0.0034881666666668476,0.9531859662692166,0.9577532242937457,0.004567258024529064,0.8825,0.8875,0.0050000000000000044,0.9073482428115016,0.8668349637109498,-0.0405132791005518,0.852,0.9156666666666666,0.06366666666666665,0.8788035069623518,0.8905819419679041,0.011778435005552312,0.7664272668824624,0.7762326442954525,0.009805377412990035
Sall1,GSM2824335,45,MTL,4,0.9578515844858435,0.9637519286288324,0.0059003441429889,0.9318285398320496,0.9364629029034266,0.00463436307137699,0.9395395901846699,0.9445990387047812,0.005059448520111309,0.9290012033694344,0.9188571428571428,-0.010144060512291553,0.8109243697478992,0.8445378151260504,0.03361344537815125,0.8659562535053281,0.8801313628899836,0.014175109384655493,0.8303401889969536,0.8454585132146434,0.015118324217689771
Sall3,GSM3258646,45,MTL,4,0.9615501424402538,0.960151771625688,-0.0013983708145658413,0.9350266659359505,0.9359345080729924,0.0009078421370418699,0.9168937329700273,0.9092643051771118,-0.007629427792915533,0.9174977334542158,0.8540840602696272,-0.06341367318458857,0.8254486133768353,0.8784665579119086,0.05301794453507336,0.8690425075139545,0.8661037394451147,-0.0029387680688398587,0.8108482882627296,0.7976876257444614,-0.013160662518268196
Sall4,GSM3082674,45,MTL,4,0.9720699160885765,0.974873649815336,0.002803733726759461,0.9660714287904638,0.9682332916886098,0.0021618628981460164,0.9507453013609851,0.9518254482609636,0.0010801468999784847,0.945859872611465,0.9415461973601508,-0.0043136752513142085,0.9121621621621622,0.92014742014742,0.007985257985257843,0.9287054409005628,0.9307238272755514,0.0020183863749885234,0.8914427060325066,0.8939434397186046,0.0025007336860979335
Satb2,GSM5214119,305,MTL,2,0.9607265555555556,0.9615844444444444,0.0008578888888887137,0.9574368382474691,0.9598383757505128,0.002401537503043727,0.8821666666666667,0.8996666666666666,0.01749999999999996,0.9391037916507086,0.8975464190981433,-0.04155737255256531,0.8173333333333334,0.9023333333333332,0.08499999999999985,0.8739975049010872,0.8999335106382979,0.025936005737210666,0.7708410501601637,0.7993447018721591,0.028503651711995426
Shox2,GSM5330801,391,MTL,3,0.8982957741684673,0.900417378794882,0.0021216046264147526,0.8240168346777017,0.8274755542262386,0.003458719548536937,0.8142125194920918,0.839162396970372,0.024949877478280147,0.8442105263157895,0.803968253968254,-0.040242272347535524,0.5389784946236559,0.6807795698924731,0.14180107526881724,0.6579163248564397,0.7372634643377002,0.07934713948126049,0.5643238781655193,0.6269894277724629,0.0626655496069436
Six1,GSM5215247,352,MTL,4,0.938448,0.9663147777777776,0.027866777777777685,0.93426236681645,0.9665087620525132,0.03224639523606321,0.8605,0.8981666666666667,0.037666666666666626,0.8820204874602614,0.9419163891971885,0.05989590173692705,0.8323333333333334,0.8486666666666667,0.01633333333333331,0.8564568684616704,0.89286340522532,0.03640653676364969,0.7221467568219629,0.8002646869500766,0.07811793012811363
Smad1,GSM722425,14,MTL,6,0.9711106666666667,0.9751472222222222,0.004036555555555488,0.9711694062579721,0.9754993066886792,0.004329900430707134,0.9173333333333333,0.919,0.0016666666666667052,0.9113009198423128,0.928133514986376,0.01683259514406321,0.9246666666666666,0.9083333333333332,-0.016333333333333422,0.9179351422898743,0.9181266846361186,0.0001915423462443,0.8347564541896838,0.8381907566696355,0.0034343024799516897
Smad2,GSM3533584,14,MTL,6,0.9674299999999999,0.9740672222222222,0.006637222222222294,0.9656098748014723,0.9721292176303032,0.006519342828830932,0.9096666666666666,0.919,0.009333333333333416,0.9188820722563054,0.9110529758011772,-0.007829096455128193,0.8986666666666666,0.9286666666666666,0.030000000000000027,0.9086619480957195,0.9197755034664906,0.011113555370771078,0.8195316840041982,0.8381566568063819,0.01862497280218367
Smad3,GSM2807310,14,MTL,6,0.9369077222222223,0.940369888888889,0.003462166666666655,0.9436039416350073,0.9475835353639344,0.003979593728927089,0.8738333333333334,0.878,0.004166666666666652,0.8953119492421572,0.8797722705961152,-0.015539678646041999,0.8466666666666667,0.8756666666666667,0.029000000000000026,0.8703100908000685,0.8777146675576345,0.007404576757566006,0.7487727136873161,0.7560082321344586,0.0072355184471424305
Smad4,GSM2534492,14,MTL,6,0.9602844444444443,0.9646205555555554,0.004336111111111096,0.955360732609039,0.9591529594833378,0.0037922268742988097,0.897,0.902,0.0050000000000000044,0.8871911573472041,0.902,0.014808842652795917,0.9096666666666666,0.902,-0.0076666666666665995,0.8982883475971034,0.902,0.0037116524028966147,0.7942549084802903,0.804,0.009745091519709703
Smad5,GSM2527374,14,MTL,6,0.9667333333333333,0.9682513333333332,0.0015179999999999083,0.9708124265432926,0.9724678461318592,0.0016554195885666312,0.9038333333333334,0.9088333333333334,0.0050000000000000044,0.9556224144415194,0.9301999298491758,-0.02542248459234364,0.847,0.884,0.03700000000000003,0.8980385227071921,0.9065117074004444,0.008473184693252311,0.8129353474864633,0.8186770373027532,0.005741689816289863
Smarcc2,GSM601401,325,MTL,2,0.9379248297901902,0.9346397804640822,-0.0032850493261079583,0.9177872200408195,0.916390971599455,-0.0013962484413644338,0.8581218744211891,0.850527875532506,-0.007593998888683173,0.8446601941747572,0.7979041916167665,-0.04675600255799073,0.8340975406419341,0.8887036265110463,0.0546060858691122,0.8393456375838926,0.8408597909682508,0.00151415338435823,0.7123683487482929,0.7043355523252691,-0.008032796423023791
Snai1,GSM5215210,80,MTL,4,0.9707389999999999,0.9706428888888888,-9.611111111107462e-05,0.9691883961990062,0.9687234681582269,-0.00046492804077935546,0.912,0.9125,0.0004999999999999449,0.8899053627760253,0.9230769230769232,0.03317156030089796,0.9403333333333334,0.9,-0.04033333333333333,0.9144246353322528,0.9113924050632912,-0.0030322302689616,0.8253261724992432,0.8252579334125864,-6.823908665687384e-05
Sox10,GSM1517752,378,MTL,2,0.9732196160784315,0.9730651172280216,-0.00015449885040996758,0.9494090637763569,0.9506428796608916,0.0012338158845346392,0.9294644963434773,0.9271054493984432,-0.0023590469450340823,0.8813972380178716,0.8392987582176772,-0.04209847980019443,0.8764135702746365,0.9281098546042004,0.05169628432956386,0.8788983394086675,0.8814729574223246,0.002574618013657104,0.8291468418285916,0.8312193557210799,0.0020725138924883035
Sox11,GSM1260313,377,MTL,5,0.6354076015727391,0.6524303189165575,0.017022717343818328,0.3116428722961274,0.3485764497101762,0.03693357741404879,0.7956417751793782,0.8065373372309328,0.01089556205155462,0.46875,0.8181818181818182,0.34943181818181823,0.05897771952817824,0.0589777195281782,-4.163336342344337e-17,0.10477299185098952,0.1100244498777506,0.00525145802676108,0.10704112536224873,0.1864202323738811,0.07937910701163238
Sox17,GSM3381973,379,MTL,2,0.9573284444444444,0.956473111111111,-0.0008553333333334301,0.9643948756507272,0.9631032031469788,-0.0012916725037483978,0.9026666666666666,0.9011666666666668,-0.0014999999999998348,0.9200278164116829,0.9266217653314428,0.006593948919759951,0.882,0.8713333333333333,-0.010666666666666713,0.9006126616746086,0.8981274695069575,-0.0024851921676510846,0.806022149692088,0.8037653559969877,-0.0022567936951002343
Sox6,GSM5214202,376,MTL,3,0.9274554444444444,0.948166611111111,0.020711166666666614,0.9244704950312488,0.9504398829799768,0.02596938794872805,0.8511666666666666,0.8856666666666667,0.034500000000000086,0.8886019918849133,0.8795931758530183,-0.009008816031894962,0.803,0.8936666666666667,0.09066666666666667,0.8436350901768517,0.8865740740740741,0.042938983897222394,0.7056150578409861,0.7714320829603329,0.06581702511934684
Sp1,GSM1010902,62,MTL,4,0.9560077777777779,0.961839,0.005831222222222099,0.9543138774655798,0.9637325750385992,0.009418697573019386,0.8795,0.898,0.018500000000000072,0.9476995674400315,0.912292817679558,-0.03540674976047342,0.8033333333333333,0.8806666666666667,0.07733333333333337,0.8695652173913043,0.8962008141112618,0.02663559671995752,0.7679627599887291,0.7964787391023067,0.028515979113577616
Spi1,GSM2359987,171,MTL,2,0.9881092222222222,0.9886013333333332,0.0004921111111110266,0.9906967455415302,0.9908141129230406,0.00011736738151035819,0.9598333333333333,0.9673333333333334,0.007500000000000062,0.95274040039383,0.9730094466936572,0.020269046299827176,0.9676666666666667,0.9613333333333334,-0.006333333333333302,0.9601455267074582,0.9671361502347418,0.006990623527283524,0.9197795509842503,0.9347339699355068,0.014954418951256487
Srebf1,GSM4274803,416,MTL,2,0.9304467769009972,0.9318337140524204,0.0013869371514232398,0.8809332122960221,0.8831451085609775,0.0022118962649554375,0.8691297574004007,0.8731359893167149,0.004006231916314218,0.8143254520166898,0.8283475783475783,0.014022126330888507,0.7848525469168901,0.7794906166219839,-0.00536193029490617,0.7993174061433447,0.8031767955801105,0.003859389436765781,0.7025351999259283,0.7104220213445376,0.007886821418609302
Srebf2,GSM4774318,416,MTL,2,0.9405089999999999,0.9440476666666666,0.00353866666666669,0.9398407818559523,0.9445123767749724,0.004671594919020028,0.8606666666666667,0.8748333333333334,0.01416666666666666,0.8239520958083832,0.8732160637238633,0.049263967915480045,0.9173333333333333,0.877,-0.04033333333333333,0.8681388012618296,0.8751039414601697,0.006965140198340047,0.7260110064252694,0.7496737053028313,0.023662698877561894
Stat4,GSM945611,432,MTL,3,0.9277268888888891,0.9238741111111112,-0.003852777777777927,0.9061333576376731,0.8978232785213348,-0.008310079116338298,0.8565,0.8561666666666666,-0.00033333333333340764,0.8287734399016292,0.8188600417785735,-0.009913398123055694,0.8986666666666666,0.9146666666666666,0.016000000000000014,0.8623060930753238,0.8641158872618485,0.0018097941865247158,0.7155490726645056,0.7172595329865662,0.0017104603220605696
TAL1,GSM1291199,400,MTL,2,0.9546037777777777,0.9576785555555556,0.0030747777777778706,0.9568738787033072,0.9608755439241402,0.004001665220833006,0.8831666666666667,0.8878333333333334,0.004666666666666708,0.9268473821017452,0.8905673044645854,-0.03628007763715979,0.832,0.8843333333333333,0.05233333333333334,0.8768663270683296,0.8874393711322963,0.010573044063966752,0.7703776898200192,0.7756856711984194,0.005307981378400162
TBX18,GSM5215131,411,MTL,5,0.9625466786355477,0.962557350887692,1.0672252144350303e-05,0.9440871731162124,0.9488951661396078,0.004807993023395407,0.9128666238492829,0.9105116677371012,-0.0023549561121816165,0.9141546526867628,0.918503674014696,0.004349021327933245,0.8348294434470377,0.8228605625374028,-0.011968880909634882,0.8726931498279638,0.8680555555555556,-0.004637594272408174,0.8085876552724409,0.8034316079360045,-0.005156047336436376
TBX1,GSM3021587,411,MTL,5,0.9112154407929055,0.931664058424622,0.02044861763171646,0.7197891985400046,0.7775666075132764,0.05777740897327188,0.9159663865546218,0.9117647058823528,-0.004201680672269004,0.803921568627451,0.7230769230769231,-0.08084464555052795,0.5774647887323944,0.6619718309859155,0.08450704225352113,0.6721311475409836,0.6911764705882353,0.019045323047251705,0.636684523542847,0.6406713737958456,0.003986850252998608
TBX3,GSM2423732,411,MTL,5,0.9392474245768949,0.9528583517292128,0.013610927152317931,0.8651636792471569,0.8958389469727016,0.03067526772554474,0.8873527905785971,0.90757808499744,0.02022529441884291,0.7320717131474104,0.7902023429179978,0.05813062977058747,0.8112582781456954,0.8189845474613686,0.007726269315673218,0.7696335078534031,0.8043360433604336,0.03470253550703051,0.6969484260190809,0.7440659536368408,0.04711752761775989
TCF3,GSM1082309,380,MTL,6,0.937506,0.9425103888888888,0.005004388888888878,0.9305877654526689,0.9375428027601632,0.0069550373074943606,0.855,0.8675,0.012500000000000067,0.8798145506419401,0.8516746411483254,-0.02813990949361478,0.8223333333333334,0.89,0.06766666666666665,0.8501033769813922,0.8704156479217604,0.02031227094036825,0.7115201660708497,0.7357453196454223,0.024225153574572666
TCF4,GSM1975020,380,MTL,6,0.9750162777777778,0.9779975555555556,0.002981277777777791,0.97303781642434,0.9741519425647768,0.001114126140436822,0.9186666666666666,0.9285,0.00983333333333336,0.8962145110410095,0.9326825984516998,0.0364680874106903,0.947,0.9236666666666666,-0.023333333333333317,0.9209076175040518,0.9281527382348016,0.007245120730749788,0.8386809649345061,0.8570400437508658,0.018359078816359786
TCF7L1,GSM2124633,380,MTL,6,0.8472385710946371,0.8562433213116943,0.009004750217057267,0.6276010237405328,0.6366982191034842,0.009097195362951394,0.8777441332323997,0.882664647993944,0.0049205147615442035,0.659942363112392,0.6901840490797546,0.030241685967362653,0.5276497695852534,0.5184331797235023,-0.009216589861751112,0.586427656850192,0.5921052631578947,0.005677606307702643,0.5201839591016534,0.5325288341011688,0.01234487499951542
TCF7L2,GSM5214910,380,MTL,6,0.9512703333333334,0.9538722777777776,0.002601944444444171,0.9497753121462755,0.953622991575993,0.003847679429717421,0.8828333333333334,0.8855,0.002666666666666595,0.8975424022152995,0.8731848983543078,-0.02435750386099167,0.8643333333333333,0.902,0.03766666666666674,0.8806248938699269,0.8873585833743236,0.006733689504396678,0.7661913042331169,0.771420152690869,0.005228848457752178
TEAD1,GSM2643552,144,MTL,4,0.8978353888888888,0.8980629444444446,0.00022755555555575846,0.9167925150587352,0.9171302391754976,0.00033772411676247227,0.818,0.8086666666666666,-0.009333333333333305,0.8871753246753247,0.8190902825637492,-0.06808504211157551,0.7286666666666667,0.7923333333333333,0.06366666666666665,0.8001464128843339,0.8054896645205015,0.005343251636167667,0.646400807727731,0.6176629788127018,-0.028737828915029184
TEAD4,GSM2232927,144,MTL,4,0.9338387777777777,0.937763388888889,0.003924611111111309,0.9345979203967025,0.9388681330006308,0.004270212603928236,0.854,0.8493333333333334,-0.004666666666666597,0.9158183241973376,0.8091445427728614,-0.10667378142447614,0.7796666666666666,0.9143333333333332,0.1346666666666666,0.8422758372344257,0.8585289514866979,0.01625311425227227,0.7159561589031518,0.704646299497915,-0.011309859405236766
TEF,GSM5215501,245,MTL,2,0.9729257777777779,0.9774205555555556,0.0044947777777777365,0.9704544550433569,0.9760361124636632,0.005581657420306252,0.9106666666666666,0.924,0.01333333333333342,0.9286708420320111,0.9254180602006687,-0.003252781831342366,0.8896666666666667,0.9223333333333332,0.03266666666666651,0.9087504256043581,0.923873121869783,0.01512269626542484,0.8220587091467308,0.8480047111503708,0.025946002003639945
TFAP2A,GSM1817199,158,MTL,3,0.9626487777777778,0.9631821111111112,0.0005333333333333856,0.9609098453753959,0.9607960758674804,-0.00011376950791552876,0.8976666666666666,0.9013333333333332,0.003666666666666596,0.8763406940063091,0.9067567567567568,0.030416062750447725,0.926,0.8946666666666667,-0.031333333333333324,0.9004862236628849,0.9006711409395973,0.0001849172767124374,0.7966133687634281,0.8027380243293109,0.006124655565882708
TFAP2B,GSM5374230,158,MTL,3,0.9189361684260028,0.9227529623191326,0.003816793893129833,0.7787216822344813,0.7795676630871038,0.000845980852622441,0.9355539464156408,0.9348298334540188,-0.0007241129616220032,0.8228571428571428,0.845679012345679,0.02282186948853615,0.7128712871287128,0.6782178217821783,-0.03465346534653457,0.7639257294429708,0.7527472527472527,-0.011178476695718031,0.7293394029426109,0.7215184847484651,-0.007820918194145765
TFAP2C,GSM889426,158,MTL,3,0.9776252222222223,0.9789268888888888,0.0013016666666665344,0.9734063395911563,0.9747883670728316,0.0013820274816752631,0.9275,0.934,0.006500000000000061,0.9363729159578088,0.9314115308151092,-0.004961385142699615,0.9173333333333333,0.937,0.01966666666666672,0.9267553460178481,0.93419740777667,0.007442061758821894,0.8551768023253435,0.8680156244218606,0.0128388220965171
TFCP2,GSM5215603,13,MTL,3,0.9462138979370249,0.9525310221808594,0.00631712424383446,0.9324008193457803,0.9411698615709267,0.008769042225146406,0.8757040201980967,0.8854146436201205,0.009710623422023779,0.8431105047748977,0.8804294777940459,0.037318973019148216,0.8627268496975338,0.8394602140530479,-0.023266635644485834,0.8528058877644894,0.859456884230586,0.00665099646609657,0.7454151036251401,0.7634452756176617,0.01803017199252166
TFDP1,GSM2825063,264,MTL,2,0.9643139999999999,0.9654157777777778,0.0011017777777778681,0.965425053373997,0.9677233547727646,0.0022983013987676326,0.9006666666666666,0.905,0.004333333333333411,0.9505247376311844,0.8949934980494149,-0.05553123958176953,0.8453333333333334,0.9176666666666666,0.07233333333333325,0.89484827099506,0.9061882817643186,0.011340010769258613,0.8062858800247908,0.8102600451751073,0.0039741651503164555
TFDP2,GSM5214386,264,MTL,2,0.9810357777777776,0.9817886666666668,0.0007528888888891361,0.9793887747156389,0.9813496759731888,0.001960901257549885,0.9241666666666667,0.9355,0.011333333333333306,0.9625590694292985,0.9268213002286836,-0.03573776920061489,0.8826666666666667,0.9456666666666668,0.06300000000000006,0.9208833246391932,0.9361491503052302,0.015265825666036958,0.8512706023773388,0.8711801109068705,0.019909508529531772
TFE3,GSM2534191,240,MTL,3,0.9628748888888887,0.9633485555555552,0.0004736666666664835,0.9600000914298495,0.9618814843059328,0.0018813928760832432,0.8793333333333333,0.9003333333333333,0.02100000000000002,0.9404024767801857,0.892483660130719,-0.04791881664946673,0.81,0.9103333333333332,0.10033333333333316,0.8703438395415473,0.9013201320132012,0.0309762924716539,0.7660675600292053,0.8008268480560189,0.034759288026813606
TFEB,GSM2354032,240,MTL,3,0.9615298963215453,0.9625565970742792,0.0010267007527339223,0.9554169496349724,0.9556210230390758,0.0002040734041034442,0.90742472414438,0.90742472414438,0.0,0.8804437140509449,0.9190045248868778,0.03856081083593288,0.9130805283340434,0.8653600340860673,-0.047720494247976086,0.8964651746496549,0.89137590520079,-0.005089269448864897,0.8132417357324595,0.8119579986930897,-0.0012837370393697922
THRB,GSM2534017,185,MTL,2,0.943376111111111,0.9549371111111112,0.011561000000000266,0.9430005678339384,0.9539022848022098,0.010901716968271469,0.8435,0.8923333333333333,0.048833333333333284,0.934626739772248,0.8923333333333333,-0.04229340643891466,0.7386666666666667,0.8923333333333333,0.15366666666666662,0.8251722211878607,0.8923333333333333,0.0671611121454726,0.7026171249606822,0.7846666666666666,0.08204954170598444
TOX2,GSM5330775,210,MTL,2,0.9260286984482906,0.9346756047617936,0.008646906313502956,0.7836426943159308,0.7934633905408623,0.009820696224931535,0.9160746003552398,0.9245115452930728,0.00843694493783298,0.8288288288288288,0.7978339350180506,-0.030994893810778246,0.5492537313432836,0.6597014925373135,0.11044776119402988,0.6606822262118492,0.7222222222222222,0.061539996010372966,0.6320019179130669,0.6831053150876532,0.05110339717458623
TOX,GSM5378611,210,MTL,2,0.8912524081541219,0.8942005488351255,0.002948140681003575,0.8913231348753237,0.8967167317075836,0.005393596832259928,0.8084002677376171,0.7956827309236948,-0.012717536813922292,0.8315827598696125,0.7598460171750074,-0.07173674269460506,0.771505376344086,0.8622311827956989,0.09072580645161288,0.8004183371099878,0.8078073351172674,0.007388998007279657,0.6182872163192106,0.5969736784364975,-0.021313537882713063
TP63,GSM3178691,434,MTL,2,0.9826175000000001,0.984295,0.0016774999999998874,0.9851456782334375,0.98698127753653,0.0018355993030925166,0.9305,0.9426666666666668,0.01216666666666677,0.9039724741945574,0.9339869281045752,0.03001445391001778,0.9633333333333334,0.9526666666666668,-0.010666666666666602,0.9327093755042762,0.9432343234323431,0.010524947928066908,0.8628623891240027,0.8855104531377128,0.022648064013710112
TP73,GSM501690,434,MTL,2,0.9840427222222221,0.9841866666666668,0.0001439444444446547,0.9857708535057373,0.9863369365407388,0.0005660830350014967,0.92,0.9368333333333332,0.016833333333333145,0.8815869170199879,0.9236986744261236,0.04211175740613571,0.9703333333333334,0.9523333333333334,-0.018000000000000016,0.9238337035861631,0.937797472509437,0.01396376892327389,0.8442888107251967,0.8740867663110785,0.02979795558588183
TSC22D2,GSM5214699,362,MTL,3,0.9712457777777779,0.9765817777777778,0.005335999999999896,0.970508187747681,0.9766644846532948,0.006156296905613812,0.9095,0.9186666666666666,0.009166666666666656,0.9191402251791198,0.9115334207077328,-0.007606804471386952,0.898,0.9273333333333332,0.02933333333333321,0.9084471421345472,0.9193654990085922,0.010918356874044965,0.8192167114840727,0.8374591477583011,0.01824243627422839
TSC22D3,GSM2675536,362,MTL,3,0.9630351094589013,0.9589202808756714,-0.004114828583229868,0.9153664384702357,0.9160641053304004,0.0006976668601647029,0.9448384554767534,0.9440504334121356,-0.0007880220646178104,0.891218872870249,0.9380530973451328,0.04683422447488372,0.8426270136307311,0.7881040892193308,-0.054522924411400275,0.8662420382165605,0.8565656565656565,-0.009676381650904009,0.8320497218316881,0.8269497644805238,-0.005099957351164308
TSC22D4,GSM2574802,362,MTL,3,0.9564821796456532,0.9596981870622168,0.003216007416563582,0.921665855478289,0.9260778040550348,0.004411948576745761,0.8919445647466435,0.8943265482893027,0.0023819835426591718,0.8228505481823427,0.814238042269188,-0.008612505913154767,0.8813349814585909,0.9048207663782448,0.023485784919653918,0.8510892270963891,0.8571428571428571,0.006053630046467973,0.767566606851743,0.7763732102570348,0.008806603405291713
TSHZ1,GSM2423182,257,MTL,2,0.9224239444444444,0.9283365555555556,0.005912611111111188,0.9242055372673048,0.9263964585126891,0.0021909212453843363,0.842,0.8553333333333333,0.013333333333333308,0.892802450229709,0.8645690834473324,-0.028233366782376645,0.7773333333333333,0.8426666666666667,0.06533333333333335,0.8310762651461154,0.8534773801485482,0.022401115002432803,0.6897934549920006,0.7108948215281188,0.02110136653611816
TSHZ2,GSM5330959,257,MTL,2,0.9292365555555556,0.9337378333333332,0.004501277777777535,0.9245677688685217,0.9314919047754782,0.006924135906956508,0.8466666666666667,0.8631666666666666,0.01649999999999996,0.8969465648854962,0.8647472380314697,-0.03219932685402649,0.7833333333333333,0.861,0.07766666666666666,0.8362989323843416,0.8628695506931685,0.0265706183088269,0.6989632453288304,0.7263401528923386,0.02737690756350819
Tbx2,GSM5213924,411,MTL,5,0.9538861111111111,0.9610251666666668,0.007139055555555718,0.9481731110185267,0.9574323838486062,0.009259272830079435,0.8855,0.8948333333333334,0.009333333333333416,0.9131832797427653,0.8712002507051081,-0.04198302903765716,0.852,0.9266666666666666,0.07466666666666666,0.8815312984997413,0.8980778549507349,0.016546556450993566,0.7727363575736302,0.7912719835972443,0.018535626023614027
Tbx5,GSM2280027,411,MTL,5,0.9456943539630835,0.944290626131017,-0.001403727832066548,0.9216854124685147,0.9185377117522452,-0.0031477007162694637,0.8793886823626601,0.8736059479553904,-0.0057827344072697295,0.8209183673469388,0.8093561368209256,-0.01156223052601324,0.8735070575461455,0.8735070575461455,0.0,0.846396633350868,0.8402088772845953,-0.006187756066272754,0.7482442710467107,0.7373808532404197,-0.010863417806290965
Tcf15,GSM5213981,259,MTL,2,0.8999373234403569,0.9270201354084234,0.0270828119680665,0.7369808104675273,0.7753916600068134,0.038410849539286085,0.9489150090415913,0.9448462929475588,-0.004068716094032476,0.775,0.7790055248618785,0.00400552486187844,0.695067264573991,0.6322869955156951,-0.06278026905829592,0.7328605200945626,0.698019801980198,-0.03484071811436462,0.7059861877850546,0.6724378454286057,-0.03354834235644888
Tcf21,GSM4558335,259,MTL,2,0.9867276111111111,0.9870548888888888,0.0003272777777777458,0.9838245490905638,0.9827829719415044,-0.0010415771490593917,0.9448333333333333,0.9505,0.005666666666666709,0.9140552280484021,0.925937598487236,0.011882370438833889,0.982,0.9793333333333332,-0.002666666666666817,0.9468102201510525,0.9518872509314756,0.005077030780423097,0.892134801415764,0.9025018595247888,0.01036705810902483
Tcf7,GSM3123436,380,MTL,6,0.9372731111111111,0.9368346666666666,-0.000438444444444519,0.9374418796462234,0.9362467853869136,-0.001195094259309748,0.8536666666666667,0.8596666666666667,0.006000000000000005,0.8278739184177998,0.8438495857233907,0.015975667305590968,0.893,0.8826666666666667,-0.010333333333333306,0.859204618345093,0.8628217660475725,0.0036171477024795617,0.7095321907615585,0.7200955979274497,0.010563407165891214
Tead2,GSM2423777,144,MTL,4,0.8839070208728653,0.8931559139784946,0.009248893105629263,0.7598060751872567,0.7656913103295927,0.005885235142335965,0.8295510606808091,0.8426245683275777,0.013073507646768623,0.6467259498787389,0.7035225048923679,0.05679655501362901,0.7590132827324478,0.6821631878557874,-0.07685009487666039,0.6983849847228285,0.6926782273603083,-0.005706757362520243,0.5842633345786017,0.587068777715138,0.002805443136536301
Tead3,GSM2534286,144,MTL,4,0.9517092222222221,0.9575743333333332,0.005865111111111099,0.9464852749495464,0.9518998600799956,0.005414585130449234,0.8825,0.8901666666666667,0.0076666666666667105,0.8996865203761756,0.8665831506420294,-0.03310336973414618,0.861,0.9223333333333332,0.06133333333333324,0.8799182422074604,0.8935895365735508,0.01367129436609038,0.7657082247821868,0.7819531763283964,0.01624495154620964
Tfcp2l1,GSM6372542,13,MTL,3,0.9567858152579944,0.9652743158323168,0.008488500574322377,0.8945218614907426,0.9105832404239392,0.01606137893319659,0.9348773841961853,0.9392370572207084,0.004359673024523114,0.8835820895522388,0.8721910112359551,-0.01139107831628372,0.7861885790172642,0.8247011952191236,0.03851261620185931,0.8320449754040758,0.8477815699658703,0.015736594561794437,0.7939006572806893,0.8103565701332279,0.016455912852538668
Thra,GSM2797651,185,MTL,2,0.9447818888888888,0.9557333333333332,0.010951444444444403,0.9394712536738589,0.9512507541841198,0.011779500510260887,0.8626666666666667,0.8926666666666667,0.030000000000000027,0.9263322884012539,0.8857236411263916,-0.04060864727486235,0.788,0.9016666666666666,0.11366666666666658,0.8515850144092219,0.893624050214734,0.04203903580551216,0.7335587932986098,0.7854605882571148,0.051901794958505
UBP1,GSM2797653,13,MTL,3,0.9676370555555555,0.9700706666666664,0.002433611111110956,0.9633516377624235,0.9694322925538236,0.006080654791400075,0.9055,0.908,0.0025000000000000577,0.8868044515103338,0.8895607893061744,0.0027563377958406132,0.9296666666666666,0.9316666666666666,0.0020000000000000018,0.9077298616761594,0.910126994464344,0.0023971327881845417,0.8119489560296557,0.8169156402016664,0.004966684172010738
Usf1,GSM5214564,239,MTL,2,0.9884219999999999,0.9906403333333332,0.002218333333333322,0.9878223127790602,0.9900811371340572,0.0022588243549970244,0.948,0.9551666666666668,0.007166666666666877,0.9537474679270763,0.9440650406504064,-0.009682427276669903,0.9416666666666667,0.9676666666666668,0.026000000000000134,0.9476685675947668,0.9557201646090536,0.008051597014286815,0.8960718877617208,0.9106179459191004,0.014546058157379638
Usf2,GSM2797655,239,MTL,2,0.9861343888888888,0.9890495555555556,0.002915166666666802,0.9862530837451303,0.989375175782228,0.003122092037097679,0.9458333333333333,0.9491666666666668,0.0033333333333335213,0.9535435740929129,0.9396411092985318,-0.013902464794381064,0.9373333333333334,0.96,0.022666666666666613,0.9453689695747184,0.9497114591920858,0.004342489617367384,0.8917955404340618,0.8985442663985523,0.0067487259644904984
VEZF1,GSM866196,29,MTL,3,0.9726363333333334,0.972356,-0.0002803333333334379,0.9695726322089357,0.9707979084039352,0.0012252761949994584,0.9,0.9113333333333332,0.011333333333333195,0.930416068866571,0.9056541748849442,-0.02476189398162687,0.8646666666666667,0.9183333333333332,0.05366666666666653,0.8963372494816862,0.9119496855345912,0.015612436052904965,0.8020050237261914,0.822747299853272,0.020742276127080572
YY1,GSM2026776,81,MTL,3,0.9922505199470599,0.9925410285498204,0.0002905086027604753,0.9939308699060474,0.9941249229108738,0.00019405300482644439,0.967037581356288,0.9720764224228428,0.005038841066554722,0.9683690280065897,0.9745117510758028,0.006142723069213041,0.9796666666666667,0.9813333333333332,0.0016666666666664831,0.9739850869925435,0.977910646072081,0.003925559079537511,0.9291327667059408,0.9400083406848696,0.010875573978928799
YY2,GSM2827507,81,MTL,3,0.9469382222222222,0.9459958333333334,-0.0009423888888888676,0.9491638198565958,0.9490785159512748,-8.530390532102139e-05,0.869,0.8666666666666667,-0.0023333333333332984,0.921875,0.9188880426504188,-0.0029869573495812096,0.8063333333333333,0.8043333333333333,-0.0020000000000000018,0.8602418207681366,0.8578030572342694,-0.002438763533867183,0.7438656119072846,0.739099282743248,-0.004766329164036631
ZBTB18,GSM2026861,21,MTL,3,0.9603527312174126,0.972250411169822,0.011897679952409423,0.9214025549267038,0.936334422768929,0.014931867842225222,0.9278897136797455,0.928950159066808,0.0010604453870625141,0.9009009009009009,0.8942731277533039,-0.006627773147596994,0.8130081300813008,0.8252032520325203,0.012195121951219523,0.8547008547008547,0.8583509513742071,0.0036500966733524765,0.8087938539804752,0.8122031495947176,0.0034092956142424136
ZBTB24,GSM3037224,90,MTL,2,0.8421508142383629,0.8442388672719412,0.0020880530335782854,0.8201950099647388,0.8265225860214063,0.00632757605666745,0.7666102013928101,0.7692452475061171,0.0026350461133070047,0.7522331922896098,0.8041410184667039,0.05190782617709411,0.6917423259835711,0.6212710765239948,-0.07047124945957628,0.7207207207207207,0.7009756097560975,-0.01974511096462317,0.522222030597973,0.529536688378754,0.007314657780780998
ZBTB26,GSM2825531,129,MTL,3,0.9939284747292417,0.9941179302045728,0.00018945547533111284,0.9943428640298768,0.9945793945104556,0.00023653048057881154,0.9727760736196319,0.9706671779141104,-0.0021088957055215296,0.980820995962315,0.9804252446844416,-0.0003957512778733907,0.9716666666666667,0.9683333333333334,-0.0033333333333332993,0.9762223710649699,0.974341774274694,-0.001880596790275857,0.9444422334302728,0.9402076229740072,-0.004234610456265608
ZBTB38,GSM5331353,131,MTL,2,0.9731272222222221,0.9744696666666668,0.001342444444444646,0.9688377960115833,0.9691959932368712,0.0003581972252879595,0.9181666666666667,0.9178333333333332,-0.00033333333333351867,0.911446375860938,0.9250593421498812,0.013612966288943151,0.9263333333333333,0.9093333333333332,-0.017000000000000126,0.918829558604728,0.9171289292318036,-0.0017006293729244781,0.8364449132331822,0.8357874466796983,-0.0006574665534838653
ZBTB3,GSM5214483,21,MTL,3,0.9599548888888889,0.967315,0.007360111111111123,0.9576653728251312,0.9652717177785688,0.007606344953437594,0.8825,0.882,-0.0004999999999999449,0.9192546583850931,0.9462616822429908,0.02700702385789766,0.8386666666666667,0.81,-0.028666666666666618,0.8771134739410842,0.8728448275862069,-0.004268646354877337,0.7679567363319306,0.7720465098331402,0.004089773501209537
ZBTB42,GSM5214061,21,MTL,3,0.9700091111111111,0.9778245555555556,0.007815444444444486,0.9674546611118706,0.9764422144017094,0.008987553289838801,0.8775,0.9076666666666666,0.030166666666666675,0.9553679131483716,0.9601203912716328,0.0047524781232612945,0.792,0.8506666666666667,0.058666666666666645,0.8660470202296336,0.9020855425945564,0.036038522364922776,0.7662866135366271,0.8206835749858737,0.05439696144924666
ZBTB46,GSM5215226,133,MTL,2,0.9643909126517822,0.965147799973887,0.0007568873221047712,0.9495884716758936,0.9529921072978408,0.003403635621947232,0.89609220241311,0.9007743562038538,0.0046821537907437705,0.9052502050861362,0.906910569105691,0.0016603640195548275,0.8644731688209949,0.8738738738738738,0.009400705052878933,0.8843919054297736,0.8900857769798524,0.005693871550078722,0.7908168673894906,0.8001682031784235,0.00935133578893288
ZBTB4,GSM5214455,131,MTL,2,0.960621,0.962912,0.002291000000000043,0.9530821721970828,0.9543272270067776,0.0012450548096948344,0.8903333333333333,0.8935,0.003166666666666651,0.888262599469496,0.8965401410816258,0.00827754161212979,0.893,0.8896666666666667,-0.0033333333333332993,0.890625,0.893090179019575,0.0024651790195749923,0.7806777697183471,0.7870231300752114,0.0063453603568642825
ZBTB6,GSM2026806,129,MTL,3,0.9837887736100027,0.9848704442670924,0.0010816706570896395,0.9632589893137208,0.9614989677424506,-0.0017600215712701983,0.9445097578180108,0.9449800141076888,0.00047025628967800603,0.9090909090909091,0.9053301511535402,-0.0037607579373688527,0.9018355945730248,0.9082202713487628,0.006384676775738063,0.905448717948718,0.906772908366534,0.0013241904178160624,0.8661956481950838,0.8677492491247152,0.0015536009296314157
ZBTB8A,GSM2423541,133,MTL,2,0.9647155,0.9632619444444442,-0.0014535555555557078,0.9661557946294403,0.9643049743268628,-0.0018508203025775494,0.9101666666666667,0.9046666666666666,-0.00550000000000006,0.9288950853956083,0.9360632183908046,0.0071681329951963635,0.8883333333333333,0.8686666666666667,-0.01966666666666661,0.9081615266655307,0.901106500691563,-0.007055025973967788,0.821116550262141,0.8114393169440539,-0.00967723331808712
ZEB1,GSM1010809,53,MTL,2,0.9497163333333334,0.9520417777777778,0.00232544444444438,0.9438296768516197,0.9474845687971714,0.003654891945551686,0.8756666666666667,0.8806666666666667,0.0050000000000000044,0.8828125,0.8916323731138546,0.00881987311385457,0.8663333333333333,0.8666666666666667,0.00033333333333340764,0.8744952893674294,0.8789722785665991,0.004476989199169723,0.7514642665144947,0.7616319515990165,0.010167685084521816
ZEB2,GSM2753034,53,MTL,2,0.9344218483545011,0.934103693145664,-0.0003181552088371564,0.8520944286049796,0.8731872142517735,0.021092785646793843,0.9422936449963477,0.943754565376187,0.0014609203798392478,0.863905325443787,0.9310344827586208,0.06712915731483382,0.7227722772277227,0.6683168316831684,-0.05445544554455439,0.7870619946091644,0.7780979827089337,-0.008964011900230662,0.7580044669617587,0.7603514653392535,0.0023469983774947467
ZFHX2,GSM2827267,327,MTL,2,0.9809530000000001,0.9829421111111112,0.001989111111111108,0.9800400980781189,0.9820674162571644,0.0020273181790455563,0.9355,0.938,0.0024999999999999467,0.9257086999022482,0.942722371967655,0.017013672065406715,0.947,0.9326666666666666,-0.014333333333333309,0.9362333168561542,0.9376675603217158,0.0014342434655616465,0.8712304709433789,0.8760498389196281,0.004819367976249156
ZFHX4,GSM1265799,327,MTL,2,0.8790141330575664,0.8749896587383661,-0.004024474319200277,0.7650417860373907,0.7680226005570833,0.002980814519692565,0.8600957902697253,0.8530375598689186,-0.007058230400806664,0.7821917808219178,0.7406015037593985,-0.041590277062519276,0.5904860392967942,0.6111685625646329,0.020682523267838704,0.6729522687094873,0.6696883852691218,-0.003263883440365545,0.595536347442947,0.5806917162191229,-0.014844631223824178
ZFP14,GSM2466448,10302,MTL,21,0.9445018482405333,0.9487295165468465,0.004227668306313159,0.8277123230230691,0.8475462441047533,0.019833921081684247,0.9145211122554068,0.9124613800205972,-0.002059732234809597,0.8396946564885496,0.7485714285714286,-0.09112322791712102,0.6395348837209303,0.7616279069767442,0.12209302325581395,0.7260726072607261,0.7550432276657061,0.028970620404979996,0.685332483164308,0.7017954225572508,0.016462939392942855
ZFP1,GSM2534187,10304,MTL,20,0.9492245555555555,0.9662490555555556,0.01702450000000011,0.9455895090405559,0.9630693243118678,0.017479815271311816,0.8763333333333333,0.9085,0.03216666666666668,0.9061151079136691,0.904856293359762,-0.0012588145539070839,0.8396666666666667,0.913,0.07333333333333336,0.8716262975778547,0.9089099054255848,0.037283607847730105,0.7546987032675389,0.8170330905102621,0.06233438724272322
ZFP28,GSM3402700,10321,MTL,5,0.936925120272126,0.91960623461854,-0.01731888565358608,0.8282832999262963,0.7951567691400919,-0.03312653078620442,0.9601623017336776,0.9542604205090373,-0.005901881224640304,0.8733031674208145,0.8465116279069768,-0.026791539513837725,0.706959706959707,0.6666666666666666,-0.04029304029304037,0.7813765182186235,0.7459016393442623,-0.03547487887436118,0.7648632844581273,0.7273726029327535,-0.037490681525373826
ZFP30,GSM5215188,10302,MTL,21,0.9346761617527356,0.9556457291641792,0.020969567411443624,0.8892152150019585,0.9211239685744216,0.03190875357246303,0.8642634623943035,0.9043168669336894,0.040053404539385884,0.9192782526115859,0.8826493880489561,-0.036628864562629815,0.6483590087073008,0.8211654387139986,0.17280643000669782,0.7604084838963079,0.8507980569049272,0.09038957300861927,0.6894815778529741,0.7816125383246877,0.09213096047171354
ZFP37,GSM2423377,10314,MTL,7,0.9269521111111111,0.9396543333333331,0.01270222222222206,0.9271865019680715,0.9455844878476922,0.018397985879620715,0.8583333333333333,0.8786666666666667,0.020333333333333425,0.8595317725752508,0.9005641748942173,0.04103240231896643,0.8566666666666667,0.8513333333333334,-0.005333333333333301,0.8580968280467446,0.8752570253598355,0.01716019731309093,0.7166706481813275,0.7584675003098911,0.041796852128563544
ZFP41,GSM5214029,10330,MTL,3,0.971321611111111,0.9709362222222222,-0.00038538888888883793,0.9701908542554486,0.9700710480191544,-0.00011980623629415099,0.9066666666666666,0.8893333333333333,-0.01733333333333331,0.9021094264996704,0.950965250965251,0.048855824465580566,0.9123333333333333,0.821,-0.09133333333333338,0.9071925754060325,0.881216457960644,-0.025976117445388525,0.8133855724398285,0.7860420269837033,-0.027343545456125162
ZFP69B,GSM2423392,10327,MTL,3,0.9335883333333332,0.9299858333333332,-0.003602500000000064,0.9339353730567098,0.9291630818020497,-0.004772291254660166,0.846,0.8536666666666667,0.0076666666666667105,0.8063754427390791,0.8444805194805195,0.03810507674144037,0.9106666666666666,0.867,-0.04366666666666663,0.8553537883531622,0.8555921052631579,0.00023831690999565058,0.6978612146995093,0.7075849638405225,0.00972374914101315
ZFP69,GSM2466453,10327,MTL,3,0.9646921314809879,0.9554032504912272,-0.009288880989760662,0.8912711900412305,0.8730848007695535,-0.018186389271676928,0.9682644628099174,0.96099173553719,-0.007272727272727431,0.8910505836575876,0.8096885813148789,-0.08136200234270874,0.7710437710437711,0.7878787878787878,0.01683501683501676,0.8267148014440433,0.7986348122866894,-0.02807998915735388,0.8119135690154335,0.7771321547272773,-0.03478141428815629
ZFP82,GSM5215268,10302,MTL,21,0.9706112222222223,0.984148,0.013536777777777731,0.9679044163188123,0.9842559575283084,0.016351541209496112,0.909,0.9433333333333334,0.03433333333333333,0.8930172966047405,0.9377880184331796,0.04477072182843911,0.9293333333333333,0.9496666666666668,0.020333333333333425,0.910813459653708,0.943689963564094,0.03287650391038599,0.8186772352243943,0.8867378055975361,0.06806057037314184
ZFP90,GSM2466454,10327,MTL,3,0.9486560685726804,0.9550436794829664,0.006387610910286057,0.874489346667806,0.8978682957516692,0.023378949083863176,0.9646604086140254,0.9718387631143016,0.007178354500276263,0.8616352201257862,0.9155844155844156,0.05394919545862942,0.7653631284916201,0.7877094972067039,0.022346368715083775,0.8106508875739645,0.8468468468468469,0.03619595927288233,0.7929268467156383,0.8342897624212305,0.04136291570559225
ZFX,GSM2825499,59,MTL,3,0.9459266666666667,0.9478215,0.00189483333333329,0.9452041887726285,0.9463662695459624,0.0011620807733339067,0.8716666666666667,0.8785,0.006833333333333247,0.8501884422110553,0.8615090735434575,0.011320631332402242,0.9023333333333333,0.902,-0.0003333333333332966,0.8754851228978008,0.8812896922325354,0.0058045693347346106,0.7447354177305783,0.7578374942743407,0.013102076543762387
ZFY,GSM5215350,59,MTL,3,0.9828947777777778,0.9818607777777778,-0.0010339999999999794,0.9805358802641729,0.9766314775070336,-0.0039044027571393247,0.9343333333333333,0.935,0.0006666666666667043,0.9165601023017903,0.9220569210866753,0.005496818784884949,0.9556666666666667,0.9503333333333334,-0.005333333333333301,0.9357049608355091,0.9359816152330924,0.0002766543975832869,0.8694584275520431,0.8704093821068195,0.0009509545547764509
ZHX2,GSM2974460,217,MTL,2,0.9625633333333332,0.9623823888888888,-0.0001809444444443864,0.9648718495720222,0.9649158777343558,4.402816233362028e-05,0.9013333333333333,0.8978333333333334,-0.0034999999999999476,0.9200976971388695,0.8861209964412812,-0.03397670069758829,0.879,0.913,0.03400000000000003,0.8990794408455506,0.8993597110490889,0.0002802702035382687,0.803468571375702,0.7960329703364857,-0.007435601039216366
ZIC5,GSM3657691,68,MTL,2,0.9906118766404199,0.9912239173228348,0.0006120406824148272,0.9915202222376984,0.9919188427006153,0.0003986204629168322,0.9662162162162162,0.9678060413354532,0.0015898251192369983,0.965154503616042,0.9667763157894737,0.0016218121734316027,0.9786666666666667,0.9796666666666668,0.001000000000000112,0.9718636213174445,0.9731788079470198,0.0013151866295753045,0.9297418389406924,0.9330527477694132,0.00331090882872076
ZIK1,GSM5214712,10303,MTL,21,0.9809079444444445,0.9887393888888888,0.00783144444444428,0.9784015989290308,0.9854975348006306,0.0070959358715998455,0.9328333333333333,0.9528333333333332,0.019999999999999907,0.9326891036321227,0.9575614685079152,0.024872364875792585,0.933,0.9476666666666668,0.014666666666666717,0.9328445259123479,0.9525883732618527,0.01974384734950485,0.8656667147592632,0.9057150230762806,0.040048308317017445
ZIM3,GSM2466457,10331,MTL,2,0.9837905,0.9833890555555556,-0.00040144444444445426,0.9862744920995573,0.985971824323209,-0.0003026677763483532,0.9501666666666667,0.9521666666666668,0.002000000000000113,0.9470374048328368,0.951414309484193,0.004376904651356206,0.9536666666666667,0.953,-0.0006666666666667043,0.9503404750041521,0.9522064945878436,0.0018660195836914806,0.9003553923106707,0.9043345893544684,0.003979197043797678
ZKSCAN1,GSM2423103,10301,MTL,23,0.9619352933785652,0.974560434727981,0.012625141349415836,0.9567502439607549,0.9716040248604804,0.014853780899725444,0.8876702635768619,0.9131434636476208,0.025473200070758928,0.8438991138377642,0.9415849673202614,0.09768585348249725,0.9332830757632868,0.8688277421786657,-0.06445533358462119,0.8863432969393235,0.9037443638502256,0.017401066910902152,0.7797085023392512,0.8270616500828636,0.047353147743612434
ZKSCAN2,GSM2466458,100,MTL,5,0.9289919846950556,0.9419550087409704,0.012963024045914762,0.8140935813449903,0.8200238882284515,0.005930306883461189,0.9079159935379645,0.9087237479806138,0.0008077544426493555,0.7901785714285714,0.8786127167630058,0.08843414533443439,0.7254098360655737,0.6229508196721312,-0.10245901639344257,0.7564102564102564,0.7290167865707434,-0.027393469839512963,0.7007378888283892,0.6904938192106395,-0.010244069617749707
ZKSCAN3,GSM5215336,10301,MTL,23,0.9165285366877087,0.9406952941531028,0.024166757465394095,0.7343373028873917,0.7931539676733169,0.05881666478592518,0.9293354943273906,0.947163695299838,0.017828200972447417,0.6396396396396397,0.7890625,0.14942286036036034,0.684887459807074,0.6495176848874598,-0.03536977491961424,0.6614906832298136,0.7125220458553791,0.05103136262556551,0.622545107119071,0.6876585019079027,0.06511339478883171
ZKSCAN4,GSM3402702,10301,MTL,23,0.9254848484848486,0.9736969696969696,0.04821212121212104,0.8516615753124059,0.904175306629575,0.05251373131716908,0.9643564356435643,0.9722772277227724,0.007920792079208039,0.9204545454545454,0.988095238095238,0.06764069264069261,0.7363636363636363,0.7545454545454545,0.018181818181818188,0.8181818181818182,0.8556701030927835,0.03748828491096523,0.8048066167375748,0.8499979405747876,0.045191323837212805
ZKSCAN5,GSM5214972,10301,MTL,23,0.9584761666666667,0.9736904444444444,0.01521427777777773,0.9520768210521353,0.970689726453066,0.018612905400930635,0.8948333333333334,0.9168333333333332,0.021999999999999797,0.8939142001995344,0.9186474723803147,0.024733272180780363,0.896,0.9146666666666666,0.01866666666666661,0.8949558848010655,0.916652747619843,0.021696862818777474,0.7896688163235925,0.8336744939806052,0.04400567765701269
ZKSCAN7,GSM3402701,10301,MTL,23,0.9346011633187017,0.9592081648539365,0.024607001535234763,0.8284436055879819,0.8420372606322518,0.013593655044269903,0.958041958041958,0.961038961038961,0.0029970029970030065,0.8588235294117647,0.9324324324324323,0.0736089030206677,0.7087378640776699,0.6699029126213593,-0.03883495145631066,0.776595744680851,0.7796610169491526,0.0030652722683015554,0.7579115945626754,0.7714151729550642,0.013503578392388804
ZKSCAN8,GSM2534469,10301,MTL,23,0.9480198333333333,0.9687827777777778,0.020762944444444487,0.9421986599491424,0.9684596605033003,0.02626100055415792,0.8778333333333334,0.9105,0.03266666666666662,0.8822934232715008,0.9095443964083804,0.02725097313687952,0.872,0.9116666666666666,0.03966666666666663,0.877116512992456,0.9106042949891792,0.0334877819967232,0.7557180992319488,0.8210022349535705,0.06528413572162173
ZNF100,GSM2466467,10306,MTL,20,0.98021815008726,0.9861849912739964,0.005966841186736405,0.957780110589405,0.964236854562843,0.006456743973437984,0.9614771519659936,0.9657279489904356,0.004250797024441977,0.9544787077826725,0.9490806223479492,-0.00539808543472331,0.8507853403141361,0.8782722513089005,0.027486910994764413,0.8996539792387543,0.9123045547246772,0.012650575485922855,0.8781322090218733,0.8920809875049744,0.013948778483101165
ZNF101,GSM2423517,10310,MTL,10,0.9044762222222222,0.9157778888888888,0.011301666666666543,0.9096380625891561,0.9241333207710736,0.014495258181917436,0.8263333333333334,0.8308333333333333,0.0044999999999999485,0.8960355987055016,0.8200580457916801,-0.07597755291382158,0.7383333333333333,0.8476666666666667,0.1093333333333334,0.8095760233918129,0.833633830519587,0.024057807127774056,0.6630162397438265,0.6620419669370265,-0.0009742728067999584
ZNF10,GSM2825086,10328,MTL,3,0.9368161111111112,0.9399718333333332,0.003155722222222046,0.9379798215579733,0.9400700845067592,0.0020902629487858926,0.8493333333333334,0.86,0.010666666666666602,0.9071484071484072,0.8335392217418159,-0.07360918540659123,0.7783333333333333,0.8996666666666666,0.1213333333333333,0.8378184427700036,0.865341455594742,0.027523012824738347,0.705818971920299,0.7222765115471679,0.01645753962686891
ZNF112,GSM2828848,10307,MTL,16,0.9544019189765459,0.9621485429992892,0.007746624022743287,0.9217914655501154,0.9378363526196136,0.016044887069498248,0.9304215337734891,0.9451498222447944,0.014728288471305251,0.8577586206896551,0.9237089201877934,0.06595029949813824,0.8486140724946695,0.8390191897654584,-0.009594882729211052,0.8531618435155413,0.8793296089385475,0.02616776542300625,0.8075927930406701,0.8455780404879778,0.03798524744730769
ZNF121,GSM5215294,10312,MTL,8,0.9691436666666667,0.9681126666666668,-0.0010309999999998931,0.9692273843293929,0.967215075058932,-0.0020123092704609213,0.9113333333333333,0.9108333333333334,-0.0004999999999999449,0.9234728894989704,0.912069541959211,-0.011403347539759467,0.897,0.9093333333333332,0.012333333333333196,0.9100439634764964,0.9106993824069436,0.0006554189304471825,0.8230048997378573,0.8216703641916251,-0.0013345355462321962
ZNF124,GSM5215048,10310,MTL,10,0.9613627222222222,0.9716164444444444,0.010253722222222206,0.9580747410197806,0.9715917216626662,0.013516980642885534,0.8951666666666667,0.9038333333333334,0.008666666666666711,0.9097822329761494,0.8733436055469954,-0.036438627429153936,0.8773333333333333,0.9446666666666668,0.06733333333333347,0.8932631936195486,0.9076060848678944,0.014342891248345757,0.7908365093635293,0.8103735582962647,0.019537048932735335
ZNF12,GSM2797671,10304,MTL,20,0.9494457777777778,0.9637665555555556,0.014320777777777738,0.9455191710983009,0.9621548834865964,0.01663571238829553,0.8775,0.9011666666666668,0.023666666666666836,0.8793969849246231,0.8926590538336052,0.013262068908982072,0.875,0.912,0.03700000000000003,0.8771929824561403,0.9022258862324816,0.025032903776341264,0.7550094376769568,0.802521725128503,0.04751228745154612
ZNF132,GSM2466475,10303,MTL,21,0.9505216638571233,0.9566950658344344,0.006173401977311088,0.8742569047366361,0.8564903229716373,-0.01776658176499879,0.9162210338680927,0.9340463458110516,0.017825311942958888,0.7117117117117117,0.8202247191011236,0.10851300738941194,0.8404255319148937,0.776595744680851,-0.06382978723404265,0.7707317073170732,0.7978142076502732,0.027082500333200032,0.7236313550078568,0.7588501265498956,0.035218771542038785
ZNF133,GSM2466476,99,MTL,6,0.9734811647146425,0.9684847849070886,-0.004996379807553963,0.9648989795188557,0.9532398143660678,-0.011659165152787976,0.9331313568491668,0.9257736420688164,-0.007357714780350411,0.9204618345093009,0.9165035877364645,-0.003958246772836405,0.8858024691358025,0.8672839506172839,-0.0185185185185186,0.9027996225228059,0.8912147161433556,-0.01158490637945031,0.8522278428084155,0.8356813360515561,-0.016546506756859314
ZNF134,GSM5215175,10303,MTL,21,0.9279575757575758,0.942672027972028,0.014714452214452223,0.87744037716633,0.9025233244416002,0.025082947275270162,0.8699774266365689,0.8778781038374718,0.007900677200902928,0.7981843575418994,0.8882096069868995,0.09002524944500012,0.7993006993006992,0.7111888111888112,-0.08811188811188808,0.7987421383647799,0.7899029126213593,-0.008839225743420664,0.7027105713553174,0.7139602179850136,0.011249646629696186
ZNF135,GSM2466477,10305,MTL,20,0.9608651282456683,0.9485412309763536,-0.01232389726931471,0.8703363359752619,0.8613873456813917,-0.008948990293870196,0.9549582273883037,0.9553214674900108,0.0003632401017070741,0.8679867986798679,0.8888888888888888,0.020902090209020896,0.7579250720461095,0.7377521613832853,-0.02017291066282423,0.8092307692307692,0.8062992125984252,-0.0029315566323440123,0.7861441262892009,0.7856289993058895,-0.0005151269833114647
ZNF136,GSM2026789,10310,MTL,10,0.945756649767345,0.9339711091047987,-0.011785540662546223,0.7307933632477652,0.7440959726360379,0.013302609388272657,0.939200926462073,0.931673422119282,-0.007527504342791036,0.7303370786516854,0.7315436241610739,0.0012065455093884792,0.6951871657754011,0.5828877005347594,-0.11229946524064172,0.7123287671232876,0.6488095238095238,-0.0635192433137638,0.6786182341462444,0.6163429203603353,-0.062275313785909114
ZNF138,GSM5215074,10306,MTL,20,0.9804186666666667,0.9840635555555556,0.0036448888888889197,0.9782097537481402,0.9819690673970216,0.0037593136488813794,0.9091666666666667,0.937,0.027833333333333377,0.9595657057281917,0.9477459016393442,-0.011819804088847419,0.8543333333333333,0.925,0.07066666666666677,0.903897019925939,0.9362348178137652,0.0323377978878262,0.8232991269434092,0.8742518207918053,0.05095269384839607
ZNF140,GSM2423519,10302,MTL,21,0.969885188709166,0.9693691722169362,-0.000516016492229765,0.9422572144899632,0.9431467831075142,0.0008895686175509621,0.9363120217230313,0.9400148111577388,0.0037027894347074763,0.8737040527803959,0.9156378600823044,0.04193380730190854,0.8820171265461465,0.8468125594671742,-0.03520456707897235,0.8778409090909091,0.8798813643104301,0.002040455219521009,0.8347875481740962,0.841127742059464,0.006340193885367773
ZNF141,GSM2466479,10319,MTL,6,0.9893045404208195,0.9910248062015504,0.001720265780730923,0.9799847763077146,0.9827606191055056,0.0027758427977909728,0.9507214206437292,0.9618201997780244,0.011098779134295134,0.9741315594974131,0.9470154258886652,-0.027116133608747983,0.8757475083056478,0.9382059800664452,0.06245847176079733,0.9223233030090973,0.9425901201602136,0.020266817151116334,0.8890808390825503,0.9140135205093276,0.024932681426777292
ZNF143,GSM2024873,82,MTL,2,0.9828166666666667,0.9843039999999998,0.001487333333333174,0.9808205016372411,0.9833512730963504,0.0025307714591092934,0.9343333333333333,0.937,0.002666666666666706,0.9416949152542373,0.9399328859060404,-0.001762029348196914,0.926,0.9336666666666666,0.0076666666666665995,0.933781512605042,0.9367892976588628,0.0030077850538207107,0.8687873399556655,0.8740194228696536,0.005232082913988134
ZNF146,GSM2423862,10314,MTL,7,0.9918842222222223,0.993761,0.0018767777777777273,0.9936176474062904,0.9948814767087542,0.0012638293024637148,0.9665,0.9723333333333334,0.005833333333333357,0.9660339660339661,0.9774258760107816,0.011391909976815495,0.967,0.967,0.0,0.9665167416291854,0.9721849865951744,0.0056682449659889445,0.9330004665003498,0.9447204122900404,0.0117199457896906
ZNF148,GSM2828724,73,MTL,2,0.9457757889778614,0.9483700737949442,0.0025942848170827926,0.9381279061529892,0.9415244292797424,0.0033965231267532037,0.8938122194026937,0.8953738044114776,0.0015615850087838945,0.9135673127291776,0.9227490676611614,0.00918175493198381,0.8214790390956194,0.8158266603862458,-0.005652378709373518,0.8650793650793651,0.866,0.0009206349206348774,0.7809262235929789,0.7847003360421639,0.0037741124491850186
ZNF154,GSM2466480,10303,MTL,21,0.9325236167341431,0.9418637687335748,0.009340151999431723,0.7903395786475671,0.8660478782150983,0.07570829956753122,0.95625,0.97,0.013749999999999929,0.8909090909090909,0.95,0.05909090909090908,0.6282051282051282,0.7307692307692307,0.10256410256410253,0.7368421052631579,0.8260869565217391,0.08924485125858128,0.7267323075193226,0.8183295612229244,0.09159725370360183
ZNF155,GSM2828365,10307,MTL,16,0.9563528344671203,0.96721768707483,0.010864852607709752,0.9030027519091872,0.9210135841991828,0.01801083228999556,0.9344042838018741,0.947255689424364,0.012851405622489875,0.8365384615384616,0.892128279883382,0.05558981834492038,0.8285714285714286,0.8326530612244898,0.004081632653061162,0.8325358851674641,0.8613652357494722,0.028829350582008084,0.7917653115125497,0.8295977676489107,0.03783245613636099
ZNF157,GSM2827556,10305,MTL,20,0.9433161730136342,0.9526911142454162,0.009374941231781952,0.9103110774787175,0.9274405205139796,0.017129443035262093,0.8770937075599818,0.9031235853327296,0.02602987777274779,0.9405840886203424,0.9050736497545008,-0.0355104388658416,0.6586741889985895,0.7799717912552891,0.12129760225669961,0.7747822480298632,0.8378787878787879,0.06309653984892472,0.7146605368708238,0.7736717814481434,0.059011244577319655
ZNF160,GSM3402703,10311,MTL,9,0.9745806021849187,0.9763010924593658,0.0017204902744470951,0.962847350547692,0.9667228153591902,0.0038754648114982526,0.9538932015996237,0.9557751117384145,0.0018819101387907988,0.9406850459482038,0.9766816143497756,0.03599656840157184,0.9000799360511591,0.8705035971223022,-0.029576338928856916,0.9199346405228758,0.9205409974640744,0.0006063569411985936,0.8880075025575831,0.8928714194564177,0.004863916898834586
ZNF165,GSM5330712,10301,MTL,23,0.9423386243386244,0.9539182299182298,0.011579605579605468,0.8909819576026111,0.9182189280787056,0.027236970476094524,0.8885088919288646,0.8989968080255358,0.010487916096671213,0.8602409638554217,0.8867924528301887,0.026551488974767,0.7727272727272727,0.7799422799422799,0.00721500721500723,0.814139110604333,0.8299424184261036,0.01580330782177064,0.7369940011947974,0.7616900188650925,0.024696017670295056
ZNF169,GSM5214930,99,MTL,6,0.9453765830346476,0.950747192353644,0.0053706093189964665,0.9097949413858302,0.9192244392594568,0.00942949787362668,0.8835039817974971,0.9030716723549488,0.019567690557451667,0.9176915799432356,0.8929440389294404,-0.02474754101379517,0.6953405017921147,0.789247311827957,0.09390681003584234,0.7911908646003263,0.8378995433789954,0.04670867877866913,0.725710293013099,0.7721215578338041,0.04641126482070512
ZNF174,GSM5214339,10301,MTL,23,0.9147528331488289,0.944384293381436,0.0296314602326071,0.7115455834349362,0.7611553624225634,0.049609778987627196,0.9453453453453453,0.9474474474474476,0.0021021021021022657,0.7560975609756098,0.740625,-0.015472560975609784,0.6595744680851063,0.7203647416413373,0.06079027355623101,0.7045454545454546,0.7303543913713405,0.02580893682588592,0.6764973090684397,0.7013300869444644,0.02483277787602467
ZNF175,GSM2423017,10320,MTL,5,0.9670581453634085,0.970155388471178,0.0030972431077694873,0.9238689017308204,0.9239846072678052,0.00011570553698481145,0.947612551159618,0.9495225102319236,0.0019099590723056226,0.9371534195933456,0.9240282685512368,-0.013125151042108874,0.762406015037594,0.7864661654135339,0.024060150375939893,0.8407960199004975,0.8497156783103168,0.008919658409819342,0.8160171208929299,0.8234637124845166,0.007446591591586671
ZNF177,GSM5374142,10315,MTL,7,0.9136517576176222,0.934643391664748,0.020991634047125785,0.7829000658651855,0.829793104146444,0.04689303828125857,0.9135538954108858,0.9364994663820704,0.022945570971184548,0.6726618705035972,0.8144796380090498,0.1418177675054526,0.7248062015503876,0.6976744186046512,-0.02713178294573637,0.6977611940298507,0.7515657620041754,0.053804567974324646,0.6480214946541385,0.7182292728909759,0.07020777823683744
ZNF17,GSM5214406,10303,MTL,21,0.9728155136268343,0.9822012578616351,0.009385744234800875,0.9684911710889411,0.9784573995793616,0.009966228490420503,0.913059163059163,0.9318181818181818,0.018759018759018753,0.8989938080495357,0.9424019607843136,0.04340815273477794,0.91312893081761,0.9068396226415094,-0.0062893081761006275,0.90600624024961,0.924278846153846,0.018272605904236072,0.8252297990596659,0.8628403618010829,0.03761056274141705
ZNF180,GSM5214590,10328,MTL,3,0.9680597953216374,0.9713547514619884,0.003294956140350913,0.9562875359617514,0.9610607072431868,0.0047731712814353955,0.8984848484848484,0.906818181818182,0.008333333333333526,0.9287118977384464,0.8691164327002477,-0.05959546503819868,0.8285087719298245,0.9232456140350878,0.09473684210526323,0.875753361149745,0.8953636750319013,0.019610313882156283,0.7940915827647699,0.8127174208597694,0.018625838094999514
ZNF181,GSM2466486,10334,MTL,2,0.8972999349381913,0.928822381262199,0.03152244632400769,0.6792669300889929,0.7323827679243734,0.05311583783538054,0.9387755102040817,0.9455782312925172,0.006802721088435493,0.7115384615384616,0.8421052631578947,0.13056680161943313,0.6379310344827587,0.5517241379310345,-0.0862068965517242,0.6727272727272727,0.6666666666666666,-0.0060606060606061,0.640226414471168,0.6553855288919263,0.015159114420758235
ZNF182,GSM2466487,10304,MTL,20,0.933849269068917,0.9296608375307176,-0.004188431538199366,0.9038511875266425,0.8975703225831261,-0.006280864943516429,0.865,0.8566666666666667,-0.008333333333333304,0.8184836745987825,0.819804260218768,0.0013205856199854926,0.8221234018899388,0.7915508615897721,-0.03057254030016676,0.8202995008319468,0.8054298642533937,-0.014869636578553114,0.7121967407138086,0.6922952792941162,-0.0199014614196924
ZNF184,GSM5214938,10305,MTL,20,0.9336335437650318,0.943539583113842,0.00990603934881018,0.8300497732982616,0.8426553687759959,0.012605595477734322,0.9131792629606496,0.925046845721424,0.011867582760774487,0.8869778869778869,0.8731501057082452,-0.013827781269641681,0.6087689713322091,0.6964586846543002,0.08768971332209108,0.722,0.774859287054409,0.05285928705440901,0.6893899204729382,0.7373008524182447,0.04791093194530649
ZNF189,GSM3634423,10305,MTL,20,0.9363841666666667,0.9478583333333334,0.011474166666666674,0.939231860140729,0.950944512364761,0.01171265222403195,0.86,0.8835,0.023499999999999965,0.8522504892367906,0.8936024632227164,0.04135197398592583,0.871,0.8706666666666667,-0.0003333333333332966,0.8615232443125618,0.8819854803309134,0.02046223601835162,0.7201743032746413,0.7672527661721891,0.0470784628975478
ZNF195,GSM3402704,10337,MTL,2,0.9464215686274509,0.9474019607843138,0.0009803921568629637,0.8473298620190531,0.8618409289289966,0.014511066909943415,0.9565868263473054,0.9565868263473054,0.0,0.782608695652174,0.76,-0.022608695652173938,0.7941176470588235,0.8382352941176471,0.044117647058823595,0.7883211678832117,0.7972027972027972,0.008881629319585471,0.7641610563698227,0.7741228993302892,0.009961842960466538
ZNF197,GSM2466491,10301,MTL,23,0.9302248062015505,0.9049147286821706,-0.02531007751937986,0.7732814001079672,0.7217107112729212,-0.05157068883504601,0.899009900990099,0.9,0.000990099009900991,0.6318681318681318,0.7752808988764045,0.14341276700827266,0.7666666666666667,0.46,-0.3066666666666667,0.6927710843373494,0.5774058577405857,-0.11536522659676363,0.637252744581617,0.5478947879630418,-0.08935795661857515
ZNF19,GSM2828504,10332,MTL,2,0.9161604099520021,0.919996753773738,0.0038363438217359214,0.8047940436565768,0.8150878054059755,0.010293761749398667,0.9239858211894446,0.934226073257188,0.010240252067743372,0.832807570977918,0.8785942492012779,0.04578667822335991,0.6534653465346535,0.6806930693069307,0.027227722772277252,0.7323162274618585,0.7670850767085077,0.034768849246649136,0.6956497920131537,0.7375632552971656,0.04191346328401191
ZNF202,GSM2466493,10326,MTL,4,0.9931660620482372,0.9933748595380016,0.00020879748976443402,0.9961828520767451,0.9967967782834088,0.0006139262066637841,0.980742394641362,0.97906782026235,-0.0016745743790120837,0.9849942285494421,0.9891092959937768,0.0041150674443347635,0.9884169884169884,0.9818532818532818,-0.006563706563706639,0.986702640200424,0.9854679325712072,-0.0012347076292167358,0.9518204646953567,0.9481453331945808,-0.003675131500775919
ZNF205,GSM2466494,104,MTL,16,0.8700513613017591,0.8953229398663698,0.02527157856461071,0.7037211685652697,0.7262603082287322,0.02253913966346255,0.9236947791164659,0.9417670682730924,0.01807228915662651,0.6078431372549019,0.8333333333333334,0.22549019607843146,0.6326530612244898,0.5102040816326531,-0.12244897959183676,0.62,0.6329113924050633,0.012911392405063338,0.5777509293394769,0.6247375005107976,0.04698657117132066
ZNF20,GSM5213968,10308,MTL,15,0.9653711074258338,0.972368343467846,0.006997236042012189,0.9389377718530615,0.9516716643802048,0.012733892527143298,0.9085048866708255,0.9191100020794344,0.010605115408608867,0.9151000606428138,0.9006772009029346,-0.014422859739879224,0.8341625207296849,0.8822553897180763,0.04809286898839138,0.8727588201272412,0.891371125383971,0.018612305256729855,0.8036636355981255,0.8270581535333718,0.023394517935246273
ZNF211,GSM2466495,10303,MTL,21,0.8988079979492437,0.9277589079723148,0.02895091002307104,0.7750516562757328,0.8499627555292707,0.0749110992535379,0.9413173652694611,0.9592814371257484,0.017964071856287345,0.67,0.9298245614035088,0.25982456140350874,0.8072289156626506,0.6385542168674698,-0.16867469879518082,0.73224043715847,0.7571428571428571,0.024902419984387136,0.703437789246308,0.7512520979195516,0.047814308673243655
ZNF212,GSM5213832,118,MTL,6,0.9230026490066225,0.9306437086092716,0.007641059602649047,0.7992831080178744,0.8258625127928362,0.02657940477496179,0.9049267643142477,0.9022636484687084,-0.0026631158455392434,0.8024316109422492,0.7532637075718016,-0.04916790337044763,0.6993377483443709,0.7642384105960265,0.06490066225165558,0.7473460721868365,0.7587113740959894,0.01136530190915297,0.6916037125965242,0.6974650621674234,0.0058613495708992325
ZNF213,GSM3402721,100,MTL,5,0.9452792644435296,0.9573212570330726,0.012041992589542971,0.844847627218398,0.8864073995933371,0.04155977237493913,0.9498714652956298,0.9537275064267352,0.003856041131105381,0.9787234042553191,0.98,0.001276595744680864,0.5476190476190477,0.5833333333333334,0.0357142857142857,0.7022900763358778,0.7313432835820896,0.029053207246211743,0.711452751569342,0.7363959303463697,0.024943178777027786
ZNF214,GSM2466498,10307,MTL,16,0.851037851037851,0.963036963036963,0.11199911199911194,0.6523261379373855,0.8698445656601308,0.21751842772274532,0.9037037037037037,0.9555555555555556,0.05185185185185193,0.696969696969697,0.9655172413793104,0.26854754440961337,0.5897435897435898,0.717948717948718,0.1282051282051282,0.6388888888888888,0.8235294117647058,0.184640522875817,0.586489713478603,0.8102100240921373,0.22372031061353426
ZNF221,GSM6372563,10307,MTL,16,0.9610914444444445,0.9729246666666668,0.011833222222222273,0.9599873710784526,0.9734901761464672,0.0135028050680146,0.8938333333333334,0.9091666666666668,0.015333333333333421,0.9067125645438898,0.8849169018501097,-0.021795662693780082,0.878,0.9406666666666668,0.06266666666666676,0.892125317527519,0.9119405396671514,0.019815222139632382,0.7880618912481535,0.8199621660680505,0.03190027481989699
ZNF222,GSM2466499,10307,MTL,16,0.9262947739283616,0.9393071051086318,0.013012331180270231,0.8021376433180887,0.8165576789079881,0.01442003558989946,0.9003397508493771,0.9110985277463194,0.010758776896942268,0.7728937728937729,0.8206106870229007,0.04771691412912782,0.6492307692307693,0.6615384615384615,0.012307692307692242,0.705685618729097,0.7325383304940375,0.02685271176494053,0.6498034667197483,0.6856398445814483,0.03583637786170002
ZNF223,GSM2466500,10307,MTL,16,0.8801126584259114,0.9446096072602096,0.06449694883429824,0.7728138278488216,0.9024525585407858,0.1296387306919642,0.9548133595284872,0.975442043222004,0.02062868369351678,0.8831168831168831,0.9761904761904762,0.09307359307359309,0.6476190476190476,0.780952380952381,0.1333333333333333,0.7472527472527473,0.8677248677248677,0.12047212047212041,0.7335810743549945,0.8608383326936337,0.1272572583386392
ZNF224,GSM5214928,10307,MTL,16,0.9649957222222223,0.9737212777777776,0.00872555555555532,0.9593372494787281,0.9715085069655433,0.012171257486815135,0.896,0.9076666666666666,0.011666666666666603,0.8705552089831566,0.8875158428390367,0.016960633855880092,0.9303333333333333,0.9336666666666666,0.0033333333333332993,0.8994521430873348,0.910006497725796,0.010554354638461216,0.793873813037356,0.816437904575926,0.022564091538569975
ZNF225,GSM5330617,10307,MTL,16,0.9794034444444445,0.9802571111111112,0.0008536666666667525,0.9713999161970142,0.972858882866198,0.001458966669183881,0.9263333333333333,0.9308333333333332,0.0044999999999998375,0.9389155799588195,0.8963508126341613,-0.04256476732465819,0.912,0.9743333333333334,0.06233333333333335,0.9252620899560365,0.933716658680722,0.008454568724685418,0.8530172340070661,0.8649462734621889,0.011929039455122803
ZNF227,GSM5331230,10307,MTL,16,0.9427377777777779,0.9528338888888888,0.010096111111110861,0.8431902871740936,0.8603601777677546,0.01716989059366103,0.9319444444444445,0.9380555555555556,0.006111111111111178,0.8186714542190305,0.8604206500956023,0.041749195876571776,0.76,0.75,-0.010000000000000009,0.7882454624027658,0.8014247551202137,0.013179292717447888,0.7485031878218036,0.7674654516459893,0.018962263824185754
ZNF22,GSM2026767,104,MTL,16,0.9619457222222223,0.9634912222222224,0.0015455000000000885,0.971763927343742,0.9729213679342767,0.0011574405905347973,0.9326666666666666,0.9351666666666668,0.0025000000000001688,0.9662356321839081,0.9582309582309584,-0.008004673952949681,0.8966666666666666,0.91,0.01333333333333342,0.9301521438450899,0.9334929047700462,0.0033407609249562764,0.8675850357441367,0.8714379031257167,0.003852867381579972
ZNF230,GSM5214470,10307,MTL,16,0.9678843333333335,0.978696,0.010811666666666553,0.9654894651076359,0.977859468655516,0.012370003547880093,0.9013333333333333,0.9193333333333332,0.017999999999999905,0.9059339177343223,0.9039820166987798,-0.001951901035542547,0.8956666666666667,0.9383333333333334,0.04266666666666663,0.9007710358699296,0.9208374223094538,0.020066386439524186,0.8027182206701258,0.8392728405653865,0.036554619895260765
ZNF232,GSM5214562,10301,MTL,23,0.964635888888889,0.9799386666666668,0.015302777777777887,0.9593580878432033,0.9777305132927148,0.018372425449511454,0.8965,0.9308333333333332,0.034333333333333216,0.8592570220477197,0.9306897700766412,0.07143274802892152,0.9483333333333334,0.931,-0.01733333333333331,0.9016003802883854,0.9308448591901348,0.029244478901749416,0.7972957526894393,0.8616667145370409,0.0643709618476016
ZNF234,GSM5214412,10307,MTL,16,0.9737803333333331,0.9816112222222224,0.007830888888889276,0.9733770812960774,0.9788935465548192,0.005516465258741832,0.9028333333333334,0.935,0.03216666666666668,0.9548362815205118,0.9169329073482428,-0.03790337417226897,0.8456666666666667,0.9566666666666668,0.1110000000000001,0.8969418419657063,0.936378466557912,0.03943662459220576,0.810984744811963,0.8708179855100289,0.05983324069806584
ZNF235,GSM2466503,10307,MTL,16,0.8651222072274705,0.9725596041385516,0.10743739691108112,0.7501576414371449,0.921493637308264,0.17133599587111903,0.9434447300771208,0.9717223650385604,0.028277634961439535,0.7105263157894737,0.9090909090909092,0.1985645933014355,0.7105263157894737,0.7894736842105263,0.07894736842105265,0.7105263157894737,0.8450704225352113,0.13454410674573758,0.6791872844504423,0.8320964051433191,0.15290912069287677
ZNF239,GSM5215600,10307,MTL,16,0.9065305555555556,0.9139430555555554,0.007412499999999822,0.907297572960855,0.9137166159899988,0.006419043029143756,0.8053333333333333,0.8368333333333333,0.03149999999999997,0.9024604569420035,0.8267054639508568,-0.07575499299114674,0.6846666666666666,0.8523333333333334,0.16766666666666674,0.778620166793025,0.8393238142130314,0.060703647420006335,0.6292663439611133,0.6739905969914879,0.04472425303037464
ZNF23,GSM5215019,10332,MTL,2,0.8857054083645219,0.8820766308270475,-0.0036287775374744813,0.658392682681924,0.6732276768492277,0.014834994167303717,0.8812162546177892,0.9002557544757033,0.01903949985791409,0.5871080139372822,0.7250673854447439,0.13795937150746174,0.6505791505791506,0.5193050193050193,-0.13127413127413134,0.6172161172161172,0.6051743532058492,-0.012041764010268019,0.5481452586073424,0.5599103332860671,0.011765074678724674
ZNF248,GSM2466504,10304,MTL,20,0.9892814191220686,0.992080577269994,0.002799158147925418,0.9883320275360236,0.989142060622329,0.0008100330863054506,0.9710486811065837,0.964186146257774,-0.00686253484880972,0.9763092269326683,0.9600246002460024,-0.01628462668666586,0.94167167769092,0.9386650631389056,-0.0030066145520143417,0.9586776859504132,0.9492246883551232,-0.009452997595290058,0.9367698145858557,0.9217065242148044,-0.015063290371051363
ZNF24,GSM2827518,10301,MTL,23,0.9118335,0.9191117777777776,0.007278277777777675,0.9217056536132716,0.9301693752866068,0.0084637216733352,0.8281666666666667,0.84,0.011833333333333251,0.8634182355112587,0.8911042944785276,0.027686058967268834,0.7796666666666666,0.7746666666666666,-0.0050000000000000044,0.8194079523559292,0.8288159771754636,0.0094080248195344,0.6594430150338836,0.6858804941976921,0.026437479163808564
ZNF250,GSM2026762,10305,MTL,20,0.9700241064877895,0.9721072214652552,0.0020831149774657165,0.9266829566692275,0.9334546514328764,0.006771694763648917,0.983670803396473,0.9823644676681909,-0.001306335728282093,0.9735099337748344,0.9433962264150944,-0.03011370735974006,0.875,0.8928571428571429,0.017857142857142905,0.9216300940438872,0.9174311926605504,-0.004198901383336784,0.9141628251002616,0.9079986218684588,-0.006164203231802778
ZNF251,GSM3402706,10325,MTL,4,0.9719039444444444,0.9781713888888888,0.006267444444444381,0.9761569751582083,0.9808539198844722,0.004696944726263919,0.9185,0.9231666666666668,0.004666666666666819,0.9508078994614003,0.9331286250426476,-0.017679274418752722,0.8826666666666667,0.9116666666666666,0.028999999999999915,0.9154710458081244,0.9222728039116508,0.006801758103526345,0.8391577780074526,0.846557277353708,0.007399499346255389
ZNF253,GSM5214373,10316,MTL,7,0.9081833989850598,0.8999266593325999,-0.008256739652459988,0.6953715838479115,0.6752706548749151,-0.020100928972996424,0.9338162660520251,0.9318406322028318,-0.0019756338491933034,0.7206477732793523,0.6832740213523132,-0.03737375192703907,0.5741935483870968,0.6193548387096774,0.04516129032258065,0.6391382405745063,0.649746192893401,0.010607952318894665,0.6079375400271473,0.6129996695989692,0.0050621295718219494
ZNF254,GSM2466505,10306,MTL,20,0.9629929548951333,0.973391907576862,0.010398952681728746,0.9176467578545121,0.9362427905143718,0.01859603265985965,0.968944099378882,0.9732919254658384,0.004347826086956386,0.9090909090909091,0.9774011299435028,0.06831022085259375,0.8490566037735849,0.8160377358490566,-0.03301886792452835,0.8780487804878049,0.8894601542416453,0.011411373753840381,0.8609380508982394,0.8790156558251677,0.018077604926928337
ZNF256,GSM5215271,10303,MTL,21,0.9607321111111109,0.97404,0.013307888888889119,0.9537903426900425,0.9714155110080072,0.01762516831796468,0.8921666666666667,0.918,0.025833333333333375,0.899490662139219,0.9259510869565216,0.026460424817302597,0.883,0.9086666666666666,0.025666666666666615,0.8911690496215307,0.9172274562584118,0.026058406636881193,0.7844651781442179,0.8361456878519755,0.051680509707757616
ZNF257,GSM2466506,10306,MTL,20,0.9811113333333333,0.9813167777777776,0.00020544444444425825,0.980014574916708,0.9805500977067004,0.0005355227899924708,0.9303333333333333,0.9391666666666668,0.00883333333333347,0.9101016518424396,0.9476724430852872,0.03757079124284757,0.955,0.9296666666666666,-0.02533333333333332,0.9320104098893949,0.938583207134444,0.006572797245049111,0.8617159179927019,0.8784919154373966,0.016775997444694712
ZNF25,GSM5215289,10314,MTL,7,0.9539402222222223,0.9622407777777776,0.008300555555555311,0.9464074054820082,0.9566745183069332,0.010267112824924984,0.8871666666666667,0.8975,0.010333333333333306,0.8695513840279987,0.8986960882647944,0.029144704236795715,0.911,0.896,-0.015000000000000013,0.889793260621846,0.8973460190285428,0.00755275840669678,0.7752145209202425,0.7950035775241484,0.019789056603905952
ZNF260,GSM2026812,10314,MTL,7,0.982931700517722,0.9882982875348468,0.00536658701712478,0.9570810015603494,0.9714511058200548,0.014370104259705418,0.9525671097211363,0.9648162627052383,0.012249152984102007,0.9182630906768838,0.9409547738693468,0.022691683192462953,0.8590203106332138,0.8948626045400239,0.03584229390681004,0.8876543209876543,0.917330067360686,0.02967574637303172,0.8584000275781211,0.895456071101506,0.037056043523384985
ZNF263,GSM5214687,10326,MTL,4,0.9750384444444444,0.9757307777777776,0.0006923333333331838,0.9730826231442098,0.9738796822800498,0.0007970591358400503,0.917,0.9235,0.00649999999999995,0.8941398865784499,0.9166939980321416,0.022554111453691683,0.946,0.9316666666666666,-0.014333333333333309,0.9193391642371235,0.9241196892048272,0.004780524967703759,0.8354063371850702,0.8471130029994085,0.011706665814338324
ZNF264,GSM5214155,10322,MTL,5,0.9609721111111109,0.972000888888889,0.01102877777777811,0.9568836378259472,0.9697596915286776,0.012876053702730372,0.8936666666666667,0.9155,0.02183333333333326,0.9269703543022415,0.902746365105008,-0.024223989197233453,0.8546666666666667,0.9313333333333332,0.07666666666666655,0.8893513701005896,0.91681706316653,0.027465693065940378,0.7897393857336937,0.8314169677874087,0.04167758205371497
ZNF266,GSM2827472,10312,MTL,8,0.9687752791718137,0.9760551196739132,0.0072798405020995105,0.9104220966411355,0.9302398749409868,0.01981777829985132,0.9524339360222531,0.9588317107093184,0.006397774687065261,0.9188118811881189,0.906934306569343,-0.01187757461877581,0.7811447811447811,0.8367003367003367,0.05555555555555558,0.8444040036396724,0.8704028021015762,0.025998798461903783,0.8202946297407432,0.8469501097558935,0.02665548001515028
ZNF267,GSM2466511,10338,MTL,2,0.974493257958177,0.970888409006506,-0.0036048489516710136,0.9179010255483097,0.9184361217065244,0.0005350961582147873,0.967278797996661,0.9692821368948248,0.0020033388981637312,0.8357771260997068,0.9094076655052264,0.07363053940551967,0.8715596330275229,0.7981651376146789,-0.07339449541284404,0.8532934131736527,0.8501628664495114,-0.003130546724141259,0.8351207340567484,0.835332057765979,0.00021132370923060417
ZNF26,GSM2825194,10304,MTL,20,0.9238166884145356,0.9274582890974328,0.003641600682897206,0.8336063001046758,0.8487899037457457,0.015183603641069854,0.9317415730337079,0.9390449438202249,0.007303370786516994,0.93646408839779,0.9033018867924528,-0.03316220160533723,0.6064400715563506,0.6851520572450805,0.07871198568872995,0.7361563517915309,0.7792472024415056,0.043090850649974644,0.720791642007838,0.7542363514023542,0.03344470939451627
ZNF273,GSM2466513,10306,MTL,20,0.9744089973812196,0.9760340441451552,0.0016250467639356003,0.9610414629676117,0.9611486848289678,0.00010722186135603273,0.918025930572982,0.9196988707653702,0.0016729401923881726,0.872454448017149,0.8913773796192609,0.018922931602111892,0.9135802469135802,0.8933782267115601,-0.02020202020202011,0.8925438596491229,0.8923766816143498,-0.00016717803477306337,0.8269124034565815,0.8283354392182227,0.001423035761641267
ZNF280A,GSM2026795,212,MTL,4,0.9101207228915663,0.9087505220883536,-0.0013702008032127067,0.8943583440140606,0.8963485507240286,0.0019902067099680787,0.8449261083743842,0.8441379310344828,-0.0007881773399014413,0.8216783216783217,0.8741258741258742,0.0524475524475525,0.7927710843373494,0.7228915662650602,-0.0698795180722892,0.8069659063036546,0.7913479293062516,-0.015617976997402971,0.677748757357819,0.676417256375312,-0.0013315009825070057
ZNF280B,GSM5215277,212,MTL,4,0.9808000000000001,0.982272,0.0014719999999999178,0.9765082209481563,0.9780744221841609,0.001566201236004594,0.9336666666666666,0.9381666666666668,0.0045000000000001705,0.9183279742765273,0.92831541218638,0.009987437909852681,0.952,0.9496666666666668,-0.0023333333333331874,0.934860883797054,0.938869665513264,0.004008781716209997,0.8679169626329285,0.8765652155033077,0.00864825287037918
ZNF280C,GSM2825102,212,MTL,4,0.9713232484076433,0.973595541401274,0.0022722929936307423,0.9286560045765005,0.9265916724698128,-0.002064332106687772,0.9539691289966924,0.9536934950385888,-0.0002756339581035938,0.9065255731922398,0.8979238754325259,-0.008601697759713867,0.8184713375796179,0.8264331210191083,0.007961783439490389,0.8602510460251046,0.8606965174129353,0.00044547138783068707,0.8343415129699774,0.8340161148189448,-0.0003253981510326076
ZNF280D,GSM5214076,212,MTL,4,0.9329327222222222,0.9432428888888889,0.01031016666666662,0.9306012418801953,0.9428789953945006,0.012277753514305267,0.8446666666666667,0.8596666666666667,0.015000000000000013,0.9032761310452418,0.9121466768525592,0.008870545807317387,0.772,0.796,0.02400000000000002,0.8324946081955428,0.850124599501602,0.017629991306059245,0.696730698673132,0.7252367743415773,0.02850607566844532
ZNF281,GSM5213849,73,MTL,2,0.9661698333333333,0.9665904444444444,0.00042061111111113547,0.960311796950522,0.9622998912256062,0.0019880942750841735,0.9015,0.8985,-0.0030000000000000027,0.9177939646201873,0.9255962976148095,0.007802332994622296,0.882,0.8666666666666667,-0.01533333333333331,0.8995410504844467,0.895162678602169,-0.004378371882277632,0.8036113790190826,0.7986202248970076,-0.00499115412207507
ZNF282,GSM2466516,118,MTL,6,0.9891118022623226,0.990708720822812,0.0015969185604893799,0.9853462903236292,0.9842495120542858,-0.0010967782693434014,0.9615521537913848,0.9640441438234248,0.0024919900320400368,0.95603517186251,0.9541139240506328,-0.0019212478118771914,0.9575660528422738,0.9655724579663733,0.008006405124099447,0.9568,0.9598089932351772,0.0030089932351772264,0.9221634097521957,0.9273369892613276,0.005173579509131887
ZNF283,GSM2466517,10302,MTL,21,0.974328097731239,0.9851221640488655,0.010794066317626583,0.9205324788547155,0.9397209550289124,0.019188476174196945,0.9507658643326039,0.9529540481400438,0.002188183807439903,0.8523489932885906,0.8407643312101911,-0.011584662078399477,0.8466666666666667,0.88,0.033333333333333326,0.8494983277591973,0.8599348534201955,0.010436525660998175,0.8200742763676167,0.8319940294909157,0.01191975312329907
ZNF284,GSM2466518,10307,MTL,16,0.9966711111111111,0.996757,8.588888888894086e-05,0.9968469877901435,0.9966157904314286,-0.00023119735871490743,0.979,0.9778333333333332,-0.0011666666666667602,0.9806020066889632,0.9751408684123302,-0.005461138276633082,0.9773333333333334,0.9806666666666668,0.0033333333333334103,0.9789649415692822,0.9778959614425794,-0.0010689801267027566,0.9580053222665745,0.9556820107954648,-0.002323311471109757
ZNF285,GSM2466519,10307,MTL,16,0.9138349514563107,0.9846783980582524,0.07084344660194175,0.7343590378288749,0.9433570242393772,0.20899798641050227,0.9033613445378151,0.9747899159663864,0.07142857142857129,0.68,0.9642857142857144,0.28428571428571436,0.53125,0.84375,0.3125,0.5964912280701754,0.9,0.3035087719298246,0.547873267202446,0.8882349730301751,0.34036170582772907
ZNF287,GSM2466520,10301,MTL,23,0.9155293276108726,0.8781909871244635,-0.03733834048640905,0.7708242272911942,0.6115759832277115,-0.1592482440634827,0.9249855741488748,0.896133871898442,-0.028851702250432876,0.7309417040358744,0.6432432432432432,-0.08769846079263122,0.6995708154506438,0.5107296137339056,-0.18884120171673824,0.7149122807017544,0.569377990430622,-0.1455342902711324,0.671961074215051,0.5156055757597365,-0.1563554984553145
ZNF28,GSM2466521,10309,MTL,12,0.9735668165100123,0.97771434409481,0.004147527584797639,0.967594503723866,0.9722285032914728,0.004633999567606795,0.9135303836974481,0.9278501927666606,0.014319809069212486,0.9233076263924593,0.919869174161897,-0.0034384522305623832,0.8806702084184715,0.9194932570494484,0.03882304863097685,0.9014850449696716,0.9196811771919068,0.01819613222223515,0.8252445340249271,0.8541921557950392,0.02894762177011201
ZNF296,GSM5214706,44,MTL,2,0.9702377777777778,0.9665846666666668,-0.003653111111110996,0.9653403794440483,0.9634278927703944,-0.001912486673653846,0.9038333333333334,0.895,-0.00883333333333336,0.927035600986958,0.9205110007097232,-0.006524600277234782,0.8766666666666667,0.8646666666666667,-0.01200000000000001,0.9011478499229056,0.8917153661051908,-0.009432483817714887,0.8088614735908903,0.7914578008081767,-0.017403672782713597
ZNF2,GSM2466522,10333,MTL,2,0.9684755539954842,0.9749805166062648,0.006504962610780596,0.9208112566809117,0.9327095790013972,0.011898322320485488,0.9326923076923077,0.9349358974358974,0.0022435897435897356,0.8893871449925261,0.8529411764705882,-0.03644596852193793,0.813953488372093,0.8727770177838577,0.05882352941176472,0.85,0.8627450980392157,0.012745098039215752,0.8080378620451353,0.8202074512815891,0.012169589236453837
ZNF300,GSM2827237,10304,MTL,20,0.9370949033391915,0.9400867018160516,0.0029917984768600414,0.847260675671794,0.862129932204299,0.014869256532505037,0.933314653964696,0.9436817035584196,0.010367049593723587,0.8140417457305503,0.923963133640553,0.10992138791000272,0.7539543057996485,0.7047451669595782,-0.04920913884007028,0.7828467153284672,0.7996011964107677,0.016754481082300487,0.7442868358875419,0.7770573877871603,0.032770551899618416
ZNF302,GSM5215455,10334,MTL,2,0.9229057786893431,0.9199749084616984,-0.0029308702276447107,0.7758118358828389,0.7883487046211741,0.01253686873833526,0.9133034379671151,0.9282511210762332,0.014947683109118093,0.6596736596736597,0.7673716012084593,0.10769794153479961,0.7669376693766937,0.6883468834688347,-0.07859078590785906,0.7092731829573935,0.7257142857142858,0.016441102756892256,0.6612485533973167,0.6859194268077342,0.024670873410417515
ZNF304,GSM2466525,10303,MTL,21,0.9769162964077238,0.9708207824418378,-0.006095513965886035,0.9184321071399492,0.9020608829329504,-0.01637122420699877,0.9669344870210136,0.9647713226205192,-0.002163164400494355,0.868632707774799,0.911042944785276,0.04241023701047708,0.8481675392670157,0.7774869109947644,-0.0706806282722513,0.8582781456953642,0.8389830508474576,-0.01929509484790659,0.8396415003651998,0.8225894488822266,-0.017052051482973174
ZNF30,GSM5214975,10302,MTL,21,0.9776622222222223,0.9841257777777778,0.006463555555555445,0.9771655791724416,0.9840501081777756,0.006884529005333984,0.9146666666666666,0.938,0.023333333333333317,0.8849009900990099,0.9418291862811028,0.05692819618209288,0.9533333333333334,0.9336666666666666,-0.01966666666666672,0.9178433889602053,0.9377301640441916,0.019886775083986286,0.8318244031599696,0.8760329005200742,0.04420849736010457
ZNF311,GSM2466527,10329,MTL,3,0.9493883792048928,0.9335881753312946,-0.015800203873598262,0.8601051157792726,0.8503369354822857,-0.009768180296986895,0.937984496124031,0.9457364341085271,0.007751937984496138,0.86,0.8545454545454545,-0.00545454545454549,0.7166666666666667,0.7833333333333333,0.06666666666666665,0.7818181818181819,0.8173913043478261,0.035573122529644285,0.7502340218744596,0.7866211909793763,0.03638716910491668
ZNF316,GSM2423115,96,MTL,4,0.9758123333333333,0.975142,-0.0006703333333333283,0.9813251379788324,0.9800626600079286,-0.0012624779709037304,0.9353333333333333,0.9368333333333332,0.0014999999999998348,0.9463431305536568,0.9548767788962166,0.008533648342559763,0.923,0.917,-0.006000000000000005,0.9345258184272697,0.9355551776908688,0.00102935926359915,0.8709316637479496,0.8743548118233411,0.003423148075391458
ZNF317,GSM5213938,10315,MTL,7,0.9361061666666668,0.9545372222222224,0.018431055555555576,0.9346128829140107,0.9540809031616612,0.019468020247650486,0.85,0.8888333333333334,0.038833333333333386,0.9130605822187254,0.9158645276292336,0.002803945410508213,0.7736666666666666,0.8563333333333333,0.08266666666666667,0.8376037531577047,0.885099052540913,0.04749529938320829,0.7083029117831983,0.7793147115848936,0.07101179980169536
ZNF320,GSM2466529,10309,MTL,12,0.971371280583999,0.9800588609143652,0.008687580330366207,0.9236414890046822,0.9468602217910084,0.023218732786326135,0.9397209792050539,0.9486707028165308,0.008949723611476834,0.8709256844850065,0.8636911942098915,-0.007234490275115024,0.8370927318295739,0.8972431077694235,0.06015037593984962,0.8536741214057508,0.8801475107559926,0.026473389350241794,0.8159888766926345,0.8477539049620538,0.03176502826941929
ZNF322,GSM2026819,104,MTL,16,0.9748628994998092,0.9797171611659068,0.004854261666097592,0.9408161506809007,0.937875516019106,-0.0029406346617947277,0.9489291598023064,0.9527732015376168,0.0038440417353103884,0.8361111111111111,0.8629737609329446,0.026862649821833506,0.8985074626865671,0.8835820895522388,-0.01492537313432829,0.8661870503597122,0.8731563421828908,0.006969291823178625,0.8355054472725248,0.8442351913375843,0.008729744065059442
ZNF324B,GSM2466530,10329,MTL,3,0.8856065367693275,0.8924418604651163,0.006835323695788764,0.7444810458526365,0.7192526014138053,-0.02522844443883121,0.952755905511811,0.94750656167979,-0.005249343832021025,0.9130434782608695,0.8148148148148148,-0.09822866344605474,0.5675675675675675,0.5945945945945946,0.027027027027027084,0.7,0.6875,-0.012499999999999956,0.6984262072330861,0.6693746668263251,-0.029051540406761056
ZNF324,GSM2423938,10329,MTL,3,0.9307715000000001,0.9330578888888889,0.0022863888888887685,0.9330269178295425,0.9346715403727488,0.0016446225432062977,0.8528333333333333,0.8575,0.004666666666666708,0.8784411869860564,0.8873239436619719,0.008882756675915426,0.819,0.819,0.0,0.8476798343971019,0.8517940717628705,0.004114237365768547,0.7072877812642784,0.717129089721386,0.009841308457107623
ZNF329,GSM2026823,10314,MTL,7,0.9722451626851152,0.9833034266565776,0.011058263971462368,0.9241417305673538,0.9388511012495008,0.01470937068214695,0.9602122015915119,0.9559681697612732,-0.004244031830238693,0.9056603773584906,0.925925925925926,0.020265548567435454,0.8275862068965517,0.7758620689655172,-0.051724137931034475,0.8648648648648649,0.8442776735459663,-0.020587191318898634,0.8427678882126249,0.8232102071856441,-0.019557681026980855
ZNF331,GSM2797677,10302,MTL,21,0.9573473888888888,0.9676688888888888,0.010321499999999983,0.9532847332694371,0.9632189090312852,0.009934175761848074,0.8805,0.908,0.02750000000000008,0.8364279398762158,0.9132343011478732,0.07680636127165741,0.946,0.9016666666666666,-0.044333333333333336,0.8878460816518067,0.9074136195907414,0.01956753793893473,0.7676150236292059,0.8160654692115671,0.04845044558236122
ZNF333,GSM5214755,10315,MTL,7,0.9810762222222222,0.9847635555555556,0.0036873333333333758,0.9783493278266898,0.9828949953987776,0.0045456675720877415,0.9301666666666667,0.9396666666666668,0.009500000000000064,0.9150852364104214,0.9523319615912208,0.03724672518079941,0.9483333333333334,0.9256666666666666,-0.022666666666666724,0.9314126698313963,0.9388100067613252,0.007397336929928944,0.8609017639852977,0.8796782348153265,0.018776470830028757
ZNF334,GSM2466534,10304,MTL,20,0.8197945301216046,0.8074552376045233,-0.012339292517081324,0.47893990604008085,0.4486348187633066,-0.03030508727677428,0.8794553464156989,0.8730476571886263,-0.006407689227072577,0.7534246575342466,0.5882352941176471,-0.1651893634165995,0.16272189349112426,0.2071005917159763,0.04437869822485205,0.26763990267639903,0.3063457330415755,0.03870583036517644,0.31351707067004814,0.2961268048265996,-0.01739026584344855
ZNF337,GSM5214174,99,MTL,6,0.9605776666666668,0.9704149444444444,0.009837277777777653,0.9541789937902674,0.9657765069843436,0.011597513194076203,0.891,0.9141666666666668,0.02316666666666678,0.8493150684931506,0.912653603454002,0.0633385349608514,0.9506666666666667,0.916,-0.03466666666666662,0.897137464611513,0.9143237398103476,0.017186275198834644,0.7876281966404082,0.8283389016302212,0.040710704989812996
ZNF33A,GSM5214619,10304,MTL,20,0.9503105555555555,0.9684374444444444,0.018126888888888804,0.9458678520822538,0.966945727638134,0.021077875555880254,0.8796666666666667,0.9071666666666668,0.02750000000000008,0.8957609451007644,0.9251653324051514,0.029404387304386992,0.8593333333333333,0.886,0.026666666666666727,0.877169105137802,0.9051592031329816,0.027990097995179597,0.7599619974902894,0.8150640034690906,0.055102005978801216
ZNF33B,GSM5214279,10304,MTL,20,0.9704869999999999,0.977218222222222,0.006731222222222111,0.9670409338675778,0.9770696813525924,0.010028747485014589,0.9063333333333333,0.913,0.00666666666666671,0.9189003436426116,0.93688293370945,0.017982590066838333,0.8913333333333333,0.8856666666666667,-0.005666666666666598,0.904906937394247,0.9105551747772448,0.0056482373829978005,0.8130326136994482,0.8272370007781294,0.014204387078681213
ZNF343,GSM5215269,99,MTL,6,0.9719318888888888,0.979256,0.007324111111111198,0.97012875885662,0.9783288388153312,0.008200079958711193,0.9146666666666666,0.9271666666666668,0.012500000000000178,0.8982074263764405,0.9236363636363636,0.025428937259923123,0.9353333333333333,0.9313333333333332,-0.004000000000000115,0.9163945133899413,0.9274688796680498,0.011074366278108538,0.8300426773319184,0.8543629992302929,0.02432032189837452
ZNF34,GSM5331303,10305,MTL,20,0.9635249444444445,0.9753491111111112,0.011824166666666747,0.961217257711035,0.973740976352961,0.01252371864192603,0.8995,0.918,0.018500000000000072,0.9055837563451776,0.9271117166212534,0.02152796027607573,0.892,0.9073333333333332,0.015333333333333199,0.8987405541561713,0.9171159029649596,0.018375348808788328,0.7990899026713602,0.8361903014031208,0.03710039873176063
ZNF350,GSM5214587,10313,MTL,7,0.9630011666666666,0.9692232777777776,0.006222111111111039,0.9525929896773917,0.966256821237173,0.013663831559781348,0.8991666666666667,0.9066666666666666,0.007499999999999951,0.890956578517793,0.9007884362680684,0.009831857750275397,0.9096666666666666,0.914,0.004333333333333411,0.9002144153059541,0.9073461283917936,0.007131713085839486,0.7985094240774877,0.8134208259675832,0.014911401890095544
ZNF354A,GSM2466540,10317,MTL,6,0.919235284386591,0.9249535107597926,0.005718226373201629,0.8198506863774443,0.8358336005075663,0.015982914130121983,0.9621920135938827,0.9664401019541208,0.004248088360238045,0.8523809523809524,0.9072164948453608,0.05483554246440847,0.7552742616033755,0.7426160337552743,-0.012658227848101222,0.8008948545861297,0.8167053364269141,0.015810481840784374,0.7818337077486314,0.8032856968583526,0.021451989109721237
ZNF354B,GSM5214239,10317,MTL,6,0.9154530988274707,0.9135067001675042,-0.0019463986599664862,0.8268314416224577,0.8212571997977156,-0.005574241824742088,0.8985774499473129,0.8946259220231823,-0.003951527924130671,0.8689407540394973,0.775,-0.09394075403949731,0.6080402010050251,0.7010050251256281,0.09296482412060303,0.7154471544715447,0.7361477572559367,0.020700602784392008,0.6715508338905494,0.6718392944163131,0.00028846052576370074
ZNF354C,GSM2423266,10317,MTL,6,0.9652707627641178,0.9670287069664444,0.0017579442023265557,0.9152379557017749,0.92275076243909,0.007512806737315136,0.9558278711883728,0.957252778569393,0.0014249073810201907,0.8413926499032882,0.8638211382113821,0.022428488308093852,0.8562992125984252,0.8366141732283464,-0.019685039370078816,0.848780487804878,0.85,0.0012195121951219523,0.822962819036798,0.82522586663685,0.002263047600052026
ZNF35,GSM2026761,10314,MTL,7,0.9192361111111111,0.9355508888888888,0.016314777777777678,0.9132455492683053,0.939390698313831,0.026145149045525784,0.8305,0.8593333333333333,0.028833333333333266,0.7922192749778957,0.8888888888888888,0.09666961391099316,0.896,0.8213333333333334,-0.07466666666666666,0.8409197559831065,0.8537768537768538,0.012857097793747219,0.6667457695386401,0.7207512106034903,0.05400544106485028
ZNF362,GSM5214057,27,MTL,2,0.9305493333333333,0.931253,0.000703666666666658,0.9250495642671078,0.92690796861145,0.001858404344342146,0.8431666666666666,0.8456666666666667,0.0025000000000000577,0.9109780439121756,0.90955766192733,-0.00142038198484562,0.7606666666666667,0.7676666666666667,0.007000000000000006,0.8290644868301544,0.8326102675343456,0.0035457807041912037,0.6958712460517694,0.6999021973352061,0.004030951283436668
ZNF366,GSM2423020,28,MTL,2,0.9429094444444444,0.9406156666666666,-0.002293777777777728,0.9533345798482318,0.9516327690042976,-0.0017018108439341706,0.8743333333333333,0.879,0.004666666666666708,0.9156180606957809,0.917707567964732,0.002089507268951074,0.8246666666666667,0.8326666666666667,0.008000000000000007,0.8677656962469309,0.8731212862635442,0.005355590016613343,0.7523878157584916,0.7612756263983902,0.00888781063989863
ZNF37A,GSM2026770,10304,MTL,20,0.9614190835363615,0.973517338050262,0.012098254513900453,0.8488766284064954,0.9074899720659708,0.05861334365947546,0.9677018633540373,0.9763975155279504,0.008695652173913104,0.8352941176470589,0.9705882352941176,0.1352941176470588,0.8554216867469879,0.7951807228915663,-0.06024096385542166,0.8452380952380952,0.8741721854304636,0.028934090192368367,0.8272835139483017,0.8665023460833197,0.03921883213501798
ZNF382,GSM2424065,10304,MTL,20,0.9033067777777777,0.9078762222222224,0.004569444444444737,0.9039155433121138,0.9121864069808064,0.008270863668692674,0.8273333333333334,0.8351666666666666,0.007833333333333248,0.8847962382445141,0.8641796450561391,-0.020616593188375054,0.7526666666666667,0.7953333333333333,0.04266666666666663,0.8134005763688761,0.8283284152056934,0.014927838836817364,0.6620907490985615,0.6724707413236175,0.010379992225056034
ZNF383,GSM5214281,10302,MTL,21,0.9613321111111112,0.9725481111111112,0.011216000000000004,0.9585764075756612,0.9711305361575248,0.012554128581863555,0.8948333333333334,0.9133333333333332,0.01849999999999985,0.8742496050552923,0.8984575835475579,0.024207978492265636,0.9223333333333333,0.932,0.009666666666666712,0.8976480129764801,0.9149214659685864,0.017273452992106253,0.7908637540777325,0.8272433643929057,0.03637961031517323
ZNF384,GSM2026843,27,MTL,2,0.9929314444444446,0.9928455555555556,-8.588888888894086e-05,0.9935467562369954,0.9936115052854704,6.474904847497687e-05,0.962,0.9561666666666668,-0.005833333333333135,0.9779310344827586,0.9864912904372556,0.008560255954496943,0.9453333333333334,0.925,-0.020333333333333314,0.9613559322033899,0.954756580079133,-0.006599352124256885,0.9245137615075872,0.914110925305714,-0.010402836201873211
ZNF391,GSM2423166,10305,MTL,20,0.9291113333333334,0.9485104444444444,0.019399111111111034,0.9321505305659302,0.95004348464332,0.017892954077389778,0.8535,0.8813333333333333,0.027833333333333266,0.8613287904599659,0.9153957879448076,0.05406699748484167,0.8426666666666667,0.8403333333333334,-0.0023333333333332984,0.8518955349620893,0.8762599930483143,0.024364458086225005,0.7071660070617178,0.7652437555661435,0.05807774850442571
ZNF394,GSM2423060,10326,MTL,4,0.9322645555555557,0.934375111111111,0.0021105555555553934,0.9358588302900912,0.938561251180526,0.00270242089043482,0.8616666666666667,0.862,0.0003333333333332966,0.8710670314637483,0.8949090909090909,0.023842059445342567,0.849,0.8203333333333334,-0.028666666666666618,0.8598919648885888,0.856,-0.0038919648885887836,0.7235655547448488,0.7265270582941604,0.0029615035493115727
ZNF397,GSM5214787,10301,MTL,23,0.9041666666666669,0.9316410256410256,0.02747435897435868,0.7579892287428,0.8026268265542991,0.04463759781149912,0.8981708981708981,0.9074529074529074,0.009282009282009285,0.8280542986425339,0.7822299651567944,-0.045824333485739444,0.5520361990950227,0.6772247360482655,0.12518853695324283,0.6624434389140271,0.7259498787388844,0.06350643982485726,0.6225533519832146,0.6731436113146113,0.050590259331396714
ZNF398,GSM2827460,118,MTL,6,0.9664366666666666,0.964472222222222,-0.0019644444444446574,0.9668038955496404,0.9627832413825812,-0.004020654167059212,0.8995,0.9018333333333334,0.0023333333333334094,0.9460364719017491,0.8938255472067952,-0.05221092469495392,0.8473333333333334,0.912,0.06466666666666665,0.8939687005451029,0.90282131661442,0.008852616069317087,0.8033845636477284,0.8038328539596115,0.00044829031188309276
ZNF3,GSM2825550,10325,MTL,4,0.9287734999999999,0.9400499444444445,0.011276444444444533,0.9244911942477009,0.9334076819515204,0.008916487703819476,0.8443333333333334,0.865,0.02066666666666661,0.8128407026044822,0.8534538411878632,0.040613138583381,0.8946666666666667,0.8813333333333333,-0.01333333333333342,0.8517930815614091,0.867169563791407,0.015376482229997879,0.6921828106977208,0.7303898075592964,0.03820699686157558
ZNF404,GSM2827406,10302,MTL,21,0.9322325352395193,0.9547633375274288,0.02253080228790949,0.7945943628153243,0.8257988377517214,0.03120447493639711,0.9467021985343105,0.9460359760159892,-0.0006662225183212689,0.7843137254901961,0.7619047619047619,-0.022408963585434205,0.6557377049180327,0.6819672131147541,0.02622950819672132,0.7142857142857143,0.7197231833910035,0.005437469105289194,0.6884943295179856,0.6912656569645365,0.002771327446550842
ZNF416,GSM5668028,10303,MTL,21,0.9461435897435898,0.94915754985755,0.003013960113960157,0.8868840646828441,0.8973215772058877,0.01043751252304359,0.8980815347721822,0.9059952038369304,0.007913669064748219,0.9079956188389924,0.8843873517786561,-0.023608267060336252,0.7085470085470086,0.7649572649572649,0.05641025641025632,0.7959673547767643,0.8203483043079743,0.02438094953121006,0.7393795243832321,0.7607961302427734,0.021416605859541304
ZNF417,GSM2466547,10318,MTL,6,0.9752086172456924,0.989135101835085,0.013926484589392607,0.9230643151552902,0.971772988686728,0.04870867353143782,0.9586507072905331,0.9749727965179544,0.016322089227421288,0.9230769230769231,0.9672131147540984,0.04413619167717531,0.7883211678832117,0.8613138686131386,0.07299270072992692,0.8503937007874016,0.9111969111969112,0.060803210409509534,0.8300410898238524,0.8987298953191186,0.06868880549526624
ZNF418,GSM2466548,10318,MTL,6,0.9574499424626007,0.9600736478711164,0.002623705408515642,0.8291167450787824,0.8771230064901383,0.04800626141135589,0.949119373776908,0.9660795825179388,0.01696020874103077,0.9545454545454546,0.9649122807017544,0.010366826156299802,0.5316455696202531,0.6962025316455697,0.16455696202531656,0.6829268292682927,0.8088235294117647,0.12589670014347198,0.6911047968105376,0.8034398350329528,0.1123350382224152
ZNF419,GSM2466550,10303,MTL,21,0.9019641368697771,0.9209643292226806,0.01900019235290351,0.7631623896600896,0.7923371077978822,0.0291747181377926,0.9424657534246575,0.9575342465753424,0.015068493150684814,0.6933333333333334,0.8703703703703703,0.177037037037037,0.7323943661971831,0.6619718309859155,-0.07042253521126762,0.7123287671232876,0.752,0.03967123287671237,0.6807073715034841,0.7374216014903759,0.056714229986891795
ZNF41,GSM5214094,10320,MTL,5,0.901,0.9122951388888888,0.011295138888888778,0.8162187197010704,0.8329185089828042,0.016699789281733768,0.8586223506743738,0.8663294797687862,0.007707129094412402,0.7921406411582212,0.7946692991115498,0.0025286579533285725,0.6649305555555556,0.6987847222222222,0.03385416666666663,0.7229825389334592,0.74364896073903,0.020666421805570767,0.6333877488909158,0.6562188214655221,0.02283107257460637
ZNF423,GSM2423537,137,MTL,2,0.9485036836935167,0.945929,-0.002574683693516655,0.9263572986559262,0.9404619993725007,0.014104700716574547,0.8796664019062749,0.878,-0.0016664019062748725,0.8359962406015038,0.8627639155470249,0.026767674945521125,0.8737721021611002,0.899,0.025227897838899782,0.8544668587896254,0.8805093046033301,0.02604244581370474,0.752513042718068,0.7566676754646045,0.004154632746536491
ZNF425,GSM2466551,95,MTL,2,0.9237388510959941,0.9240720584530108,0.000333207357016696,0.8538495473089621,0.8519804204674813,-0.0018691268414807727,0.8514920194309508,0.8575063613231552,0.0060143418922044,0.8478038815117467,0.7456567060458652,-0.10214717546588148,0.6273620559334845,0.8110355253212396,0.18367346938775508,0.7211120764552563,0.77697320782042,0.055861131365163685,0.636084730854755,0.6738358893272917,0.03775115847253663
ZNF426,GSM3402709,10312,MTL,8,0.9138246810660604,0.98048503220917,0.06666035114310964,0.7715319694731365,0.9055783095216796,0.1340463400485431,0.9570405727923628,0.9701670644391408,0.013126491646778038,0.98,0.9154929577464788,-0.06450704225352122,0.5833333333333334,0.7738095238095238,0.19047619047619047,0.7313432835820896,0.8387096774193549,0.10736639383726532,0.7379135206365962,0.8259300931642809,0.08801657252768469
ZNF429,GSM2466552,10306,MTL,20,0.9657813408602361,0.9692059073990588,0.0034245665388226154,0.9475944108510964,0.951228602805676,0.003634191954579591,0.9170161112337233,0.9207680423747516,0.003751931141028342,0.9051966292134831,0.925199709513435,0.020003080299951903,0.842483660130719,0.8326797385620915,-0.009803921568627416,0.8727149627623562,0.8765049879600963,0.0037900251977401878,0.8124245737070444,0.8208777725985462,0.008453198891501867
ZNF430,GSM5669259,10306,MTL,20,0.971233888888889,0.9743952222222222,0.0031613333333332383,0.967720589137851,0.9738520559047086,0.006131466766857607,0.908,0.9198333333333332,0.01183333333333314,0.943157132512672,0.927964661909616,-0.015192470603055952,0.8683333333333333,0.9103333333333332,0.041999999999999926,0.9041999305796599,0.9190644455662124,0.014864514986552502,0.8185800464201236,0.8398182675471734,0.02123822112704976
ZNF431,GSM2466554,10306,MTL,20,0.9389031937480237,0.9692144373673036,0.03031124361927995,0.8168769390010893,0.8678125690586229,0.050935630057533654,0.911504424778761,0.9380530973451328,0.026548672566371723,0.8548387096774194,0.8314606741573034,-0.02337803552011597,0.5638297872340425,0.7872340425531915,0.22340425531914898,0.6794871794871795,0.8087431693989071,0.1292559899117276,0.6490364174231706,0.7722276624731754,0.12319124505000478
ZNF432,GSM5214227,10313,MTL,7,0.9707744444444444,0.9764,0.005625555555555661,0.9663642362429153,0.9752514910286876,0.008887254785772236,0.8951666666666667,0.9136666666666666,0.01849999999999996,0.9421857515852294,0.9457614942528736,0.003575742667644155,0.842,0.8776666666666667,0.035666666666666735,0.8892800563281112,0.9104426002766252,0.021162543948513912,0.7948396451294224,0.8294861551297947,0.03464651000037233
ZNF433,GSM2466556,10308,MTL,15,0.9668708126943196,0.9723688827595212,0.005498070065201532,0.9000706567879806,0.9036561748195504,0.003585518031569812,0.9706009511456982,0.9706009511456982,0.0,0.9375,0.9516129032258064,0.014112903225806384,0.7627118644067796,0.75,-0.012711864406779627,0.8411214953271028,0.8388625592417062,-0.0022589360853966234,0.8304461709117333,0.830001458521168,-0.0004447123905653161
ZNF436,GSM5214832,10305,MTL,20,0.9177932015226646,0.9401122797976882,0.02231907827502355,0.7781064718091051,0.8157961192389479,0.03768964742984282,0.920033907883583,0.9285108787793162,0.008476970895733182,0.8328981723237598,0.790224032586558,-0.0426741397372018,0.5929368029739777,0.7211895910780669,0.12825278810408924,0.6927252985884907,0.7541302235179786,0.0614049249294879,0.6606272878174752,0.7134261126791211,0.052798824861646
ZNF439,GSM2466557,10308,MTL,15,0.8864624864081188,0.9729521565784706,0.0864896701703518,0.7564586369119065,0.902531342132064,0.14607270522015747,0.9210526315789473,0.9425837320574164,0.021531100478469067,0.8717948717948718,0.9523809523809524,0.08058608058608063,0.5483870967741935,0.6451612903225806,0.09677419354838712,0.6732673267326733,0.7692307692307693,0.09596344249809596,0.6529626969461686,0.7560878136019288,0.10312511665576019
ZNF440,GSM2466558,10308,MTL,15,0.9597091748674755,0.9628340635534356,0.003124888685960059,0.881864547459116,0.8953927379103607,0.013528190451244648,0.9415584415584416,0.947077922077922,0.005519480519480369,0.8656716417910447,0.9146666666666666,0.048995024875621906,0.7341772151898734,0.7236286919831224,-0.010548523206751037,0.7945205479452054,0.8080094228504122,0.013488874905206782,0.7642318589330345,0.7849826154687433,0.020750756535708792
ZNF441,GSM5215741,10308,MTL,15,0.969953,0.9736701111111112,0.003717111111111282,0.9663893611234329,0.9694530817860696,0.0030637206626367153,0.9095,0.9195,0.010000000000000009,0.9223100721897559,0.924451939291737,0.0021418671019810542,0.8943333333333333,0.9136666666666666,0.019333333333333313,0.9081062785581316,0.9190276613579212,0.010921382799789603,0.8193770457129221,0.839057104440589,0.01968005872766687
ZNF442,GSM2466560,10308,MTL,15,0.8498712616359675,0.9810995105112752,0.1312282488753077,0.6269245963421332,0.9302994157777804,0.30337481943564726,0.9407051282051282,0.971153846153846,0.03044871794871784,0.9333333333333333,0.9787234042553192,0.04539007092198588,0.4444444444444444,0.7301587301587301,0.2857142857142857,0.6021505376344086,0.8363636363636363,0.2342130987292277,0.620894259826262,0.831516010485575,0.210621750659313
ZNF443,GSM2466561,10308,MTL,15,0.9437581052487884,0.9971059995904716,0.05334789434168319,0.8670979915259347,0.977731447689837,0.1106334561639023,0.9118303571428571,0.984375,0.0725446428571429,0.5405405405405406,0.963855421686747,0.4233148811462064,0.8791208791208791,0.8791208791208791,0.0,0.6694560669456067,0.9195402298850576,0.2500841629394509,0.6464161937971976,0.912090574614014,0.2656743808168164
ZNF446,GSM5214566,17,MTL,2,0.9792490555555555,0.9792597222222222,1.0666666666714342e-05,0.9788777605226586,0.9788399974079064,-3.776311475223171e-05,0.9288333333333333,0.9283333333333332,-0.000500000000000056,0.928976325441814,0.9355932203389832,0.006616894897169212,0.9286666666666666,0.92,-0.0086666666666666,0.9288214702450408,0.9277310924369748,-0.0010903778080659787,0.8576667143148187,0.8567856729416962,-0.0008810413731225042
ZNF449,GSM2026818,10326,MTL,4,0.9665970570978599,0.9666703980483587,7.334095049882361e-05,0.9482318658486787,0.9364872263619572,-0.011744639486721442,0.9606613454960091,0.952109464082098,-0.008551881413911167,0.9554896142433235,0.937125748502994,-0.018363865740329444,0.8563829787234043,0.8324468085106383,-0.02393617021276595,0.9032258064516129,0.8816901408450705,-0.02153566560654241,0.88070620099144,0.8541484942123045,-0.026557706779135493
ZNF44,GSM5215095,10308,MTL,15,0.9643036666666667,0.9715867777777778,0.007283111111111129,0.9610850546135067,0.9686569962971666,0.007571941683659933,0.8941666666666667,0.9108333333333334,0.01666666666666672,0.8560674495633845,0.9060955518945636,0.05002810233117905,0.9476666666666667,0.9166666666666666,-0.031000000000000028,0.8995412118335706,0.911350455675228,0.01180924384165738,0.7928852713605095,0.8217225913571918,0.028837319996682376
ZNF454,GSM2466564,10305,MTL,20,0.9173128560315189,0.8718161057993927,-0.04549675023212618,0.7968875027030419,0.6881423051055701,-0.10874519759747181,0.9312424607961399,0.9095295536791316,-0.02171290711700835,0.7755102040816326,0.7647058823529411,-0.010804321728691502,0.6846846846846847,0.4684684684684684,-0.21621621621621628,0.7272727272727273,0.5810055865921788,-0.14626714068054847,0.6898568195507097,0.5537213334099026,-0.13613548614080706
ZNF45,GSM2466565,10307,MTL,16,0.9095184948979592,0.9346832482993198,0.025164753401360596,0.6753973280340505,0.7819291314747987,0.1065318034407482,0.941717791411043,0.9585889570552149,0.016871165644171904,0.7407407407407407,0.9302325581395348,0.18949181739879406,0.625,0.625,0.0,0.6779661016949152,0.7476635514018691,0.0696974497069539,0.6489978680954474,0.7431149225610522,0.09411705446560481
ZNF460,GSM5214269,10322,MTL,5,0.9560338333333332,0.9648757777777776,0.008841944444444305,0.9479070409837439,0.9575250242744004,0.009617983290656551,0.8936666666666667,0.907,0.013333333333333308,0.8884868421052632,0.8995418848167539,0.011055042711490715,0.9003333333333333,0.9163333333333332,0.015999999999999903,0.8943708609271523,0.9078599735799208,0.01348911265276842,0.7874033278512592,0.814141853961134,0.026738526109874816
ZNF467,GSM2026821,96,MTL,4,0.9873892222222223,0.9833618333333334,-0.004027388888888872,0.9862684893886495,0.98085863259772,-0.005409856790929535,0.9486666666666667,0.9386666666666666,-0.010000000000000009,0.9367293964957819,0.9115071919949967,-0.02522220450078516,0.9623333333333334,0.9716666666666668,0.009333333333333416,0.9493587635646169,0.9406260083898031,-0.008732755174813756,0.8976687251280923,0.8792504307691474,-0.01841829435894482
ZNF468,GSM2466567,10309,MTL,12,0.9907727272727272,0.9930227272727272,0.0022499999999999742,0.9829510982510569,0.9868069872917552,0.003855889040698335,0.9533039647577093,0.9594713656387666,0.006167400881057272,0.9623955431754875,0.9242803504380476,-0.03811519273743991,0.8974025974025974,0.9590909090909092,0.06168831168831179,0.928763440860215,0.9413639260675588,0.012600485207343803,0.8953042695018176,0.91077730297481,0.015473033472992337
ZNF473,GSM2827562,10305,MTL,20,0.9590395993477754,0.9669277894246447,0.007888190076869361,0.9387123686541697,0.9491840944332788,0.010471725779109042,0.9140148950575491,0.9273301737756714,0.013315278718122325,0.8894658753709199,0.9074210139603232,0.01795513858940323,0.8378756114605171,0.8630328441649197,0.02515723270440251,0.8629003238575027,0.8846704871060171,0.02177016324851444,0.8011062035665932,0.8322287689550244,0.031122565388431167
ZNF479,GSM2466568,10319,MTL,6,0.981231,0.983217777777778,0.001986777777778004,0.9830008294309333,0.9842401725904554,0.0012393431595221216,0.9211666666666667,0.9461666666666668,0.025000000000000133,0.8850960073148431,0.9439469320066336,0.05885092469179054,0.968,0.9486666666666668,-0.019333333333333202,0.9246935201401051,0.9463009143807148,0.021607394240609756,0.8460529087747407,0.892344487709145,0.046291578934404276
ZNF480,GSM2466569,10311,MTL,9,0.9606274007682458,0.958130275157438,-0.0024971256108078377,0.8835002688858816,0.880423570699645,-0.0030766981862365705,0.9545081967213115,0.960655737704918,0.006147540983606481,0.8035087719298246,0.9272727272727272,0.12376395534290263,0.8063380281690141,0.7183098591549296,-0.0880281690140845,0.804920913884007,0.8095238095238095,0.00460289563980254,0.7791744595450427,0.7959711682823297,0.016796708737287003
ZNF483,GSM5214170,10301,MTL,23,0.9596854444444446,0.9768186666666666,0.017133222222222022,0.9601165739069266,0.975993583402462,0.015877009495535388,0.85,0.9233333333333332,0.07333333333333325,0.9561251086012164,0.9213669542136697,-0.0347581543875467,0.7336666666666667,0.9256666666666666,0.19199999999999995,0.8302527348170502,0.9235118057864982,0.09325907096944797,0.7197524993987734,0.84667588607651,0.12692338667773662
ZNF484,GSM5214427,10320,MTL,5,0.9732954204204205,0.9747308558558558,0.0014354354354353394,0.9713478925359182,0.971785066349096,0.0004371738131777603,0.892478813559322,0.91454802259887,0.02206920903954801,0.8354554358472086,0.9061102831594636,0.07065484731225502,0.9605855855855856,0.9129129129129128,-0.04767267267267283,0.8936616029334731,0.9094988780852656,0.015837275151792563,0.793834981564814,0.8285853588212355,0.034750377256421494
ZNF485,GSM5215420,10317,MTL,6,0.9770498888888888,0.9752941666666668,-0.0017557222222219782,0.973089056290491,0.97242577315135,-0.000663283139140991,0.9243333333333333,0.9168333333333332,-0.007500000000000173,0.9031032298923369,0.8953525134366108,-0.007750716455726114,0.9506666666666667,0.944,-0.00666666666666671,0.9262747645339396,0.9190329385039754,-0.00724182602996426,0.849846127276208,0.8348999362157724,-0.014946191060435599
ZNF486,GSM2466573,10316,MTL,7,0.8730755460078768,0.9729233798782672,0.09984783387039031,0.5613252701815447,0.855375404433986,0.2940501342524413,0.9207920792079208,0.9683168316831684,0.04752475247524757,0.8461538461538461,0.9230769230769232,0.0769230769230771,0.22448979591836735,0.7346938775510204,0.5102040816326531,0.3548387096774194,0.8181818181818182,0.46334310850439886,0.4113900992638829,0.80733751945328,0.3959474201893971
ZNF48,GSM2534006,104,MTL,16,0.9778319999999999,0.9817652777777776,0.003933277777777633,0.9729715677985529,0.97770426691197,0.004732699113417116,0.916,0.9333333333333332,0.0173333333333332,0.9476327116212339,0.926509186351706,-0.021123525269527876,0.8806666666666667,0.9413333333333334,0.06066666666666665,0.9129232895646164,0.9338624338624338,0.020939144297817402,0.834085224675239,0.8667776213037448,0.03269239662850576
ZNF490,GSM2026888,10310,MTL,10,0.9891205312185297,0.99117887713998,0.0020583459214502664,0.9896883514786562,0.991251063684596,0.0015627122059398424,0.953257790368272,0.9488314447592068,-0.004426345609065185,0.9501510574018127,0.9207991437745272,-0.02935191362728551,0.9501510574018127,0.9746978851963746,0.024546827794561854,0.9501510574018127,0.9469822050999817,-0.00316885230183106,0.9061510574018127,0.8989718166575262,-0.007179240744286441
ZNF491,GSM2828996,10308,MTL,15,0.9016084213942357,0.9571527087601162,0.05554428736588046,0.7814221601787306,0.8606551724657914,0.07923301228706081,0.9167340339531124,0.9280517380759904,0.011317704122878025,0.7456647398843931,0.896,0.15033526011560694,0.6861702127659575,0.5957446808510638,-0.09042553191489366,0.7146814404432132,0.7156549520766773,0.0009735116334640415,0.666823223776872,0.694848148397459,0.028024924620587033
ZNF492,GSM2466575,10306,MTL,20,0.8946155457783365,0.8476848941965223,-0.0469306515818142,0.7247148459239834,0.7208143882487108,-0.003900457675272584,0.909433962264151,0.9132075471698112,0.0037735849056602655,0.7714285714285715,0.9166666666666666,0.14523809523809517,0.627906976744186,0.5116279069767442,-0.11627906976744184,0.6923076923076923,0.6567164179104478,-0.03559127439724452,0.6445250372193578,0.6457068393210558,0.0011818021016979374
ZNF493,GSM2827531,10306,MTL,20,0.9387343286829295,0.9535530717141226,0.014818743031193127,0.7676466365775945,0.7878402171474819,0.020193580569887404,0.9502762430939227,0.9497739829231542,-0.0005022601707684871,0.7891891891891892,0.8354430379746836,0.04625384878549432,0.7087378640776699,0.6407766990291263,-0.06796116504854366,0.7468030690537084,0.7252747252747253,-0.02152834377898316,0.7206006068513731,0.7056080848803665,-0.014992521971006534
ZNF501,GSM5213997,10305,MTL,20,0.9637764444444443,0.973386,0.009609555555555649,0.9632739117399469,0.9731574328258292,0.009883521085882307,0.8966666666666666,0.915,0.018333333333333424,0.9001344989912575,0.92462482946794,0.024490330476682476,0.8923333333333333,0.9036666666666666,0.011333333333333306,0.8962169400736525,0.914025623735671,0.017808683662018487,0.793363129085912,0.8302132999728872,0.036850170886975175
ZNF502,GSM2026839,10305,MTL,20,0.89288084965151,0.9099734483903088,0.01709259873879876,0.808599759877541,0.7988537573871085,-0.009746002490432448,0.9318181818181818,0.9090909090909092,-0.022727272727272596,0.8205128205128205,0.95,0.12948717948717947,0.6956521739130435,0.4130434782608695,-0.28260869565217395,0.7529411764705882,0.5757575757575758,-0.17718360071301242,0.7169762813646412,0.5919462378374215,-0.1250300435272197
ZNF506,GSM2466577,10316,MTL,7,0.9837769619091327,0.98789857732905,0.0041216154199172905,0.9806746991546661,0.984639282956944,0.003964583802277932,0.9391774473836648,0.9476732960030894,0.00849584861942454,0.9263494967978042,0.9278026905829596,0.0014531937851554044,0.9293253786140432,0.9495181275814594,0.020192748967416185,0.9278350515463918,0.9385348151508278,0.01069976360443603,0.875277325694581,0.893172680734241,0.01789535503966
ZNF510,GSM3634206,10304,MTL,20,0.9651767025089606,0.969504659498208,0.004327956989247372,0.9327894350159716,0.9486093750422568,0.015819940026285284,0.9371501272264631,0.9519083969465648,0.014758269720101747,0.8920780711825488,0.957972805933251,0.06589473475070218,0.8354838709677419,0.8333333333333334,-0.0021505376344085336,0.8628539700166574,0.8913168487636572,0.02846287874699982,0.8228878354074126,0.8640776541816049,0.041189818774192255
ZNF514,GSM2828998,10330,MTL,3,0.9628887218045112,0.9672105263157894,0.004321804511278171,0.9153616894251453,0.91912626749764,0.003764578072494751,0.9489768076398363,0.9525238744884038,0.003547066848567537,0.9561068702290076,0.9391771019677996,-0.016929768261208067,0.7533834586466165,0.7894736842105263,0.03609022556390984,0.8427249789739276,0.8578431372549019,0.015118158280974292,0.8210049223031415,0.8341089032034265,0.013103980900284973
ZNF519,GSM2466578,10319,MTL,6,0.9841901666666666,0.9871304444444444,0.0029402777777778333,0.9830166374245406,0.9866436348278946,0.0036269974033540375,0.9378333333333333,0.9373333333333334,-0.0004999999999999449,0.927710843373494,0.9077066500932256,-0.020004193280268368,0.9496666666666667,0.9736666666666668,0.024000000000000132,0.9385603689672212,0.9395303956256033,0.0009700266583820838,0.8759120050488588,0.8769851671228152,0.0010731620739563574
ZNF521,GSM2827398,137,MTL,2,0.9796865781710915,0.9810973451327434,0.001410766961651877,0.9612682182206129,0.984003463229922,0.022735245009309124,0.9620901639344263,0.9406512605042016,-0.0214389034302247,0.9385150812064965,0.9680473372781064,0.02953225607160992,0.8949115044247787,0.9048672566371682,0.009955752212389424,0.9161947904869762,0.9353916523727844,0.01919686188580827,0.8921387966960422,0.8823415509950365,-0.009797245701005708
ZNF524,GSM2827213,15,MTL,2,0.9679272222222222,0.9692178888888888,0.0012906666666666622,0.9693361441418822,0.9708803629278632,0.0015442187859809886,0.908,0.9155,0.007499999999999951,0.9556962025316456,0.9369085173501576,-0.01878768518148799,0.8556666666666667,0.891,0.03533333333333333,0.9029194512838551,0.9133777549974372,0.01045830371358214,0.8205067482705027,0.8319994155580888,0.011492667287586023
ZNF525,GSM2466579,10309,MTL,12,0.9619196036122432,0.9756553184687924,0.01373571485654923,0.9309986131703416,0.9541212690588938,0.023122655888552224,0.9790419161676647,0.9827844311377244,0.0037425149700597293,0.9864864864864865,0.9570552147239264,-0.029431271762560107,0.8488372093023255,0.9069767441860463,0.05813953488372081,0.9125,0.9313432835820896,0.018843283582089643,0.9039534285065093,0.9219446760013208,0.017991247494811513
ZNF526,GSM5215619,119,MTL,2,0.9727314444444445,0.9764399444444444,0.0037084999999998924,0.9685510987562644,0.9713551528957028,0.0028040541394384055,0.9146666666666666,0.9216666666666666,0.007000000000000006,0.9044213263979194,0.8950655840099938,-0.00935574238792558,0.9273333333333333,0.9553333333333334,0.028000000000000025,0.9157340355497038,0.9242179941954208,0.008483958645717049,0.829599585348011,0.8452516015175398,0.015652016169528715
ZNF527,GSM2466580,10321,MTL,5,0.9073624595469255,0.9311719833564494,0.023809523809523836,0.7690309689350247,0.8176262503915734,0.04859528145654879,0.9178082191780822,0.9342465753424658,0.016438356164383605,0.825,0.8478260869565217,0.022826086956521774,0.5892857142857143,0.6964285714285714,0.1071428571428571,0.6875,0.7647058823529411,0.07720588235294112,0.6537364022690059,0.7316675458531163,0.07793114358411046
ZNF528,GSM2026811,10311,MTL,9,0.9236875555555556,0.9314916666666666,0.007804111111111012,0.926029931664268,0.9379441328356674,0.011914201171399408,0.8396666666666667,0.8515,0.011833333333333362,0.8662832494608196,0.8748666903661572,0.00858344090533758,0.8033333333333333,0.8203333333333334,0.017000000000000015,0.8336215842269111,0.8467228625494582,0.013101278322547039,0.6811340589162719,0.7043697265143407,0.023235667598068832
ZNF529,GSM2466582,10302,MTL,21,0.8870076552660823,0.9148505988393628,0.027842943573280543,0.7493531595611036,0.8095968110441838,0.060243651483080196,0.922971114167813,0.9312242090784044,0.008253094910591452,0.8529411764705882,0.8292682926829268,-0.023672883787661414,0.5576923076923077,0.6538461538461539,0.09615384615384615,0.6744186046511628,0.7311827956989247,0.05676419104776198,0.651290907457698,0.6988126705144831,0.04752176305678513
ZNF530,GSM5213903,10303,MTL,21,0.974408655687476,0.9822109025915996,0.0078022469041235665,0.9671511997572664,0.9785029381268472,0.01135173836958081,0.9069684548208875,0.9335234361076457,0.02655498128675815,0.9397894736842105,0.936427457098284,-0.003362016585926497,0.8548448870164688,0.9195710455764076,0.0647261585599388,0.8953068592057761,0.9279227053140096,0.032615846108233426,0.8148870851377987,0.8663717168288878,0.05148463169108908
ZNF532,GSM2543140,332,MTL,3,1.0,1.0,0.0,1.0,1.0,0.0,0.875,1.0,0.125,0.0,1.0,1.0,0.0,1.0,1.0,0.0,1.0,1.0,0.0,1.0,1.0
ZNF534,GSM2466584,10311,MTL,9,0.9838528888888889,0.9879007777777776,0.00404788888888874,0.984378469540866,0.9880980601907218,0.0037195906498557196,0.9461666666666667,0.9493333333333334,0.003166666666666651,0.9442416196481912,0.956639566395664,0.012397946747472854,0.9483333333333334,0.9413333333333334,-0.007000000000000006,0.9462830533843339,0.9489247311827956,0.0026416777984616946,0.8923417114698441,0.8987817180903447,0.0064400066205005935
ZNF540,GSM2466585,10302,MTL,21,0.8783499164790473,0.9320938339748712,0.05374391749582397,0.7397943464076082,0.8223280116559953,0.08253366524838712,0.906060606060606,0.9242424242424242,0.018181818181818188,0.6875,0.8157894736842105,0.1282894736842105,0.673469387755102,0.6326530612244898,-0.04081632653061218,0.6804123711340206,0.7126436781609196,0.032231307026898914,0.6254027371510891,0.6769977846260911,0.05159504747500199
ZNF543,GSM5215509,10322,MTL,5,0.9687013333333334,0.9794562222222222,0.010754888888888758,0.9676062006648607,0.9781308721893576,0.010524671524496876,0.902,0.9276666666666666,0.025666666666666615,0.9316392269148175,0.916829109811566,-0.01481011710325153,0.8676666666666667,0.9406666666666668,0.07300000000000006,0.898515705902658,0.9285949325435998,0.03007922664094187,0.8059022041439827,0.8556225826576714,0.04972037851368871
ZNF544,GSM2797684,10328,MTL,3,0.9544434444444443,0.9618392222222222,0.00739577777777789,0.9499467445437364,0.9597804393864946,0.0098336948427582,0.8751666666666666,0.8893333333333333,0.01416666666666666,0.9130275229357798,0.8556638246041413,-0.05736369833163857,0.8293333333333334,0.9366666666666666,0.10733333333333328,0.8691703056768559,0.8943348185868873,0.02516451291003141,0.7535057825612528,0.7821794135361152,0.02867363097486242
ZNF546,GSM3402711,10302,MTL,21,0.9464698721850274,0.9759180361128016,0.029448163927774162,0.8402504659076773,0.9143636035977776,0.0741131376901003,0.944980694980695,0.9671814671814672,0.022200772200772212,1.0,0.875,-0.125,0.46226415094339623,0.7924528301886793,0.33018867924528306,0.632258064516129,0.8316831683168316,0.19942510380070266,0.6599757911937851,0.8147767337495261,0.15480094255574095
ZNF547,GSM5215496,10303,MTL,21,0.9753008888888891,0.9835039444444444,0.008203055555555339,0.9742325823508251,0.983177614921569,0.00894503257074386,0.9135,0.9365,0.02300000000000002,0.9403620873269436,0.9520193303417328,0.01165724301478921,0.883,0.9193333333333332,0.03633333333333322,0.9107787519339866,0.9353908767169749,0.024612124782988243,0.8285429407997339,0.8735149918404538,0.044972051040719885
ZNF548,GSM5214148,10303,MTL,21,0.971809111111111,0.980859888888889,0.009050777777777963,0.966983174622141,0.9776514163860708,0.010668241763929776,0.9116666666666666,0.9333333333333332,0.021666666666666612,0.9276315789473685,0.9307488402915838,0.003117261344215305,0.893,0.9363333333333334,0.043333333333333335,0.9099864130434783,0.9335327351279494,0.02354632208447116,0.823907705665515,0.8666822670878793,0.042774561422364354
ZNF549,GSM5215051,10303,MTL,21,0.9629111104366067,0.9758346148917084,0.012923504455101709,0.9122265871790171,0.9375757051979215,0.025349118018904493,0.9140491147915477,0.9374643061107938,0.023415191319246076,0.8794587945879458,0.8913773796192609,0.011918585031315043,0.7788671023965141,0.8671023965141612,0.08823529411764708,0.8261120739456961,0.8790723357261182,0.052960261780422124,0.7718106844317304,0.837056097927501,0.06524541349577062
ZNF550,GSM5215298,10322,MTL,5,0.9621107222222223,0.966221277777778,0.004110555555555728,0.9566904051534229,0.9641276473664004,0.007437242212977591,0.8903333333333333,0.8908333333333334,0.000500000000000056,0.8934811827956989,0.8933243877893324,-0.00015679500636645027,0.8863333333333333,0.8876666666666667,0.0013333333333334085,0.8898929049531459,0.8904865407122555,0.0005936357591096453,0.7806916491991679,0.7816823438975509,0.0009906946983829767
ZNF551,GSM5374463,10303,MTL,21,0.8763571144973372,0.8982078558617763,0.021850741364439097,0.6618406897429663,0.7061583027645018,0.044317613021535474,0.9310960371295965,0.9425205283827204,0.011424491253123836,0.8602941176470589,0.8186274509803921,-0.04166666666666674,0.4020618556701031,0.5738831615120275,0.17182130584192434,0.5480093676814989,0.6747474747474748,0.12673810706597588,0.5600201363273128,0.6565299002002074,0.09650976387289456
ZNF552,GSM2466592,10318,MTL,6,0.9499158249158249,0.9643939393939394,0.014478114478114423,0.8292516153101005,0.9158833131259784,0.08663169781587787,0.9331210191082803,0.9585987261146496,0.02547770700636931,0.8108108108108109,0.8974358974358975,0.08662508662508661,0.6818181818181818,0.7954545454545454,0.11363636363636365,0.7407407407407407,0.8433734939759037,0.10263275323516297,0.7061548999320645,0.8215996031367059,0.1154447032046414
ZNF554,GSM2026822,10325,MTL,4,0.9603853888888889,0.9650989444444444,0.004713555555555526,0.9586801079467823,0.963182961723298,0.004502853776515714,0.8928333333333334,0.9036666666666666,0.01083333333333325,0.9168730102582243,0.8881410256410256,-0.028731984617198725,0.864,0.9236666666666666,0.059666666666666646,0.8896516217607688,0.9055555555555556,0.015903933794786718,0.7869762792822519,0.8079799760748354,0.021003696792583515
ZNF555,GSM2466593,10323,MTL,5,0.9330427201394944,0.9563955660729856,0.023352845933491184,0.7860049513516647,0.8183898742393396,0.032384922887674916,0.9526288391462779,0.9541905257678291,0.001561686621551206,0.7865853658536586,0.8050314465408805,0.018446080687221977,0.6972972972972973,0.6918918918918919,-0.00540540540540535,0.7392550143266475,0.7441860465116279,0.004931032184980366,0.7148728905562225,0.7216747277553086,0.006801837199086114
ZNF556,GSM5215682,10323,MTL,5,0.9632597777777778,0.9637103333333332,0.0004505555555553986,0.9599999496214158,0.9617982934831384,0.0017983438617226177,0.8953333333333333,0.8971666666666667,0.0018333333333333535,0.9064427690198766,0.9026698208854342,-0.0037729481344424,0.8816666666666667,0.8903333333333333,0.0086666666666666,0.8938830686042581,0.8964591374391676,0.002576068834909462,0.7909621901945895,0.7944075256340073,0.0034453354394178293
ZNF557,GSM5214760,10315,MTL,7,0.9642568333333332,0.9737266666666666,0.0094698333333334,0.9610738277317706,0.9713388058068336,0.010264978075062992,0.8988333333333334,0.9161666666666668,0.017333333333333423,0.8989663221073692,0.9230769230769232,0.024110600969554086,0.8986666666666666,0.908,0.009333333333333416,0.8988164694115686,0.9154763905226012,0.01665992111103265,0.7976667109814851,0.8324443795708473,0.034777668589362154
ZNF558,GSM2423492,10315,MTL,7,0.8897618333333333,0.9021635555555556,0.012401722222222356,0.8952434624548377,0.9116143902406724,0.01637092778583471,0.812,0.8198333333333333,0.007833333333333248,0.8232044198895028,0.8269165247018739,0.003712104812371164,0.7946666666666666,0.809,0.01433333333333342,0.8086838534599728,0.817860151642797,0.009176298182824172,0.6243752929646224,0.6398168635320304,0.015441570567408025
ZNF560,GSM2827456,10312,MTL,8,0.9714321959755031,0.9726561679790028,0.0012239720034996626,0.8891232928472332,0.8946587032983873,0.005535410451154021,0.9597752144335995,0.9597752144335996,1.1102230246251565e-16,0.8450704225352113,0.8039702233250621,-0.04110019921014918,0.7874015748031497,0.8503937007874016,0.06299212598425197,0.8152173913043478,0.826530612244898,0.011313220940550206,0.7933034709092959,0.8042059334330889,0.01090246252379301
ZNF561,GSM2466596,10312,MTL,8,0.9697528789293495,0.9814154995331466,0.01166262060379708,0.9009943323781917,0.9434535096054302,0.042459177227238465,0.9440251572327044,0.949685534591195,0.005660377358490565,0.900709219858156,0.8425655976676385,-0.0581436221905175,0.8063492063492064,0.9174603174603174,0.11111111111111105,0.8509212730318257,0.878419452887538,0.027498179855712235,0.8184895100503997,0.8479913594123072,0.029501849361907473
ZNF562,GSM2466597,10312,MTL,8,0.9356543456543457,0.9837862137862138,0.048131868131868094,0.8695744640266216,0.9443528729264684,0.07477840889984677,0.9696078431372549,0.9686274509803922,-0.0009803921568627416,0.9247311827956989,0.8305084745762712,-0.09422270821942769,0.7818181818181819,0.8909090909090909,0.10909090909090902,0.8472906403940886,0.8596491228070176,0.012358482412928917,0.834156005423849,0.8426710853014717,0.008515079877622678
ZNF563,GSM2026838,10308,MTL,15,0.9492489808641104,0.941491615567818,-0.00775736529629234,0.8220406630395518,0.8153343959754196,-0.006706267064132243,0.903435468895079,0.9025069637883008,-0.0009285051067782213,0.8137254901960784,0.7536,-0.06012549019607838,0.6566455696202531,0.745253164556962,0.08860759493670889,0.7267950963222417,0.7494033412887828,0.022608244966541124,0.6746354889438105,0.6889034036780745,0.01426791473426392
ZNF564,GSM2466598,10310,MTL,10,0.9857147051914493,0.9892456542165844,0.003530949025135066,0.948124940605112,0.9661986977116326,0.018073757106520594,0.9729957805907173,0.9848101265822784,0.01181434599156106,0.970873786407767,0.9586776859504132,-0.012196100457353753,0.7751937984496124,0.8992248062015504,0.12403100775193798,0.8620689655172413,0.928,0.06593103448275872,0.8539065543328661,0.9201079524237455,0.06620139809087944
ZNF565,GSM5330893,10302,MTL,21,0.9183011576438541,0.928260810350698,0.009959652706843847,0.8194801591806463,0.8346830454141662,0.015202886233519841,0.8816285498869063,0.8823825081678813,0.00075395828097502,0.8460490463215259,0.7854748603351955,-0.06057418598633035,0.634320735444331,0.7180796731358529,0.08375893769152187,0.7250437828371279,0.7502668089647813,0.02522302612765337,0.6625508253170003,0.6747049923814529,0.012154167064452603
ZNF566,GSM2466600,10302,MTL,21,0.965607210626186,0.9879388045540798,0.022331593927893745,0.865899750035282,0.9253468256245,0.059447075589218024,0.9191542288557214,0.9614427860696516,0.04228855721393021,0.9154929577464789,0.8251748251748252,-0.09031813257165366,0.5241935483870968,0.9516129032258064,0.42741935483870963,0.6666666666666666,0.8838951310861424,0.21722846441947574,0.655999166621303,0.8640633551200578,0.20806418849875485
ZNF567,GSM2466601,10304,MTL,20,0.9366340560549974,0.9399582819202068,0.003324225865209418,0.8166860834803529,0.8271606536166147,0.010474570136261852,0.9591761677087164,0.9547627804339832,-0.0044133872747331715,0.9421052631578948,0.9020618556701032,-0.04004340748779156,0.6415770609318996,0.6272401433691757,-0.014336917562723928,0.7633262260127932,0.7399577167019028,-0.023368509310890406,0.758284501827482,0.7302540935383954,-0.02803040828908654
ZNF569,GSM5213972,10314,MTL,7,0.9586034956969214,0.9698636619051844,0.011260166208262978,0.9134444321286482,0.9382012284650572,0.024756796336408926,0.8992603029235646,0.9253258189503346,0.026065516026769986,0.8045356371490281,0.8735362997658079,0.06900066261677984,0.8764705882352941,0.8776470588235294,0.0011764705882353343,0.838963963963964,0.8755868544600939,0.03662289049612988,0.7673500499167862,0.8222451452951386,0.054895095378352354
ZNF570,GSM2466602,10321,MTL,5,0.9091273456002915,0.8527236290763345,-0.05640371652395704,0.711698486292697,0.6418448149420821,-0.06985367135061493,0.9386281588447654,0.9386281588447654,0.0,0.7837837837837838,0.8620689655172413,0.07828518173345755,0.5272727272727272,0.4545454545454545,-0.07272727272727275,0.6304347826086957,0.5952380952380952,-0.035196687370600444,0.6123657234151523,0.5995191325658884,-0.012846590849263873
ZNF571,GSM2466603,10302,MTL,21,0.9433815296236795,0.9442740535189784,0.0008925238952989245,0.8684569008843932,0.868325908095289,-0.00013099278910422285,0.9118589743589743,0.9246794871794872,0.012820512820512886,0.7615384615384615,0.8877551020408163,0.12621664050235482,0.8048780487804879,0.7073170731707317,-0.09756097560975618,0.782608695652174,0.7873303167420814,0.0047216210899074795,0.7278236016785834,0.749350302583497,0.021526700904913598
ZNF572,GSM5215720,104,MTL,16,0.9601446666666666,0.9668865555555556,0.006741888888888936,0.952778241615826,0.9621145162452256,0.009336274629399566,0.8893333333333333,0.8976666666666666,0.008333333333333304,0.8435294117647059,0.8739811912225706,0.030451779457864703,0.956,0.9293333333333332,-0.026666666666666727,0.89625,0.9008077544426496,0.004557754442649609,0.785681823387693,0.79693323316254,0.011251409774846954
ZNF573,GSM2466604,10302,MTL,21,0.9445650689966605,0.8547814580664131,-0.08978361093024734,0.8378893816919016,0.57260950774163,-0.26527987395027164,0.9238134887593672,0.8659450457951707,-0.057868442964196465,0.9106382978723404,0.6607142857142857,-0.2499240121580547,0.5691489361702128,0.2952127659574468,-0.273936170212766,0.7004909983633388,0.4080882352941176,-0.29240276306922125,0.6834298967007454,0.3805014923816973,-0.3029284043190481
ZNF574,GSM5214932,119,MTL,2,0.9780952222222221,0.9812793333333334,0.0031841111111112763,0.976511358802256,0.9795213229164356,0.003009964114179531,0.92,0.9253333333333332,0.00533333333333319,0.9265402843601895,0.895046439628483,-0.03149384473170658,0.9123333333333333,0.9636666666666668,0.05133333333333345,0.9193819281155525,0.9280898876404494,0.008707959524896891,0.8400987640824078,0.8531777566412267,0.013078992558818947
ZNF577,GSM3402712,10333,MTL,2,0.9615616151993862,0.9722238760551454,0.010662260855759165,0.8840599181109707,0.9007675578822332,0.01670763977126244,0.952619589977221,0.9517084282460136,-0.0009111617312073106,0.8737201365187713,0.8488745980707395,-0.024845538448031834,0.7925696594427245,0.8173374613003096,0.024767801857585092,0.8311688311688312,0.832807570977918,0.0016387398090867977,0.804979596832164,0.8047948075158909,-0.00018478931627308182
ZNF578,GSM3402713,10309,MTL,12,0.9300258330430743,0.9503270250396688,0.020301191996594525,0.8065826079228136,0.8455940551401697,0.039011447217356165,0.9507042253521126,0.95962441314554,0.008920187793427403,0.8323353293413174,0.9166666666666666,0.08433133732534925,0.6435185185185185,0.6620370370370371,0.0185185185185186,0.7258485639686684,0.7688172043010753,0.04296864033240688,0.7062423873629082,0.7592165565484625,0.05297416918555431
ZNF57,GSM5215105,10323,MTL,5,0.919939907550077,0.928602465331279,0.008662557781201952,0.7418979083523998,0.7888195571352846,0.04692164878288485,0.898876404494382,0.9114825979720472,0.012606193477665228,0.8286384976525821,0.8286290322580645,-9.465394517627068e-06,0.5439137134052389,0.6332819722650231,0.08936825885978428,0.6567441860465116,0.7179039301310044,0.06115974408449276,0.6187294198872333,0.6749920473784047,0.05626262749117139
ZNF580,GSM2527559,15,MTL,2,0.966844888888889,0.9662696666666668,-0.0005752222222221715,0.9636951269746752,0.963138768090078,-0.0005563588845971523,0.9061666666666667,0.9038333333333334,-0.0023333333333332984,0.8949756888168557,0.8896751366999035,-0.00530055211695224,0.9203333333333333,0.922,0.0016666666666667052,0.9074774034511093,0.9055491897200852,-0.001928213731024031,0.812659591355071,0.8082002999366046,-0.00445929141846646
ZNF582,GSM2026852,10302,MTL,21,0.906541180877464,0.979538324671068,0.072997143793604,0.8465960552538255,0.9169011527081484,0.0703050974543229,0.9577114427860697,0.9477611940298508,-0.00995024875621886,0.96,0.92,-0.039999999999999925,0.7619047619047619,0.7301587301587301,-0.031746031746031744,0.8495575221238938,0.8141592920353983,-0.03539823008849552,0.8327957312757018,0.7913261556566219,-0.041469575619079935
ZNF583,GSM5214241,10321,MTL,5,0.9230739618831252,0.9242617695317432,0.0011878076486180333,0.917917987085338,0.9194410807274744,0.0015230936421364305,0.828576493529516,0.8521538734266974,0.02357737989718134,0.9047388781431335,0.8492462311557789,-0.055492646987354566,0.7084437712987505,0.8318818629307081,0.12343809163195762,0.7946485453387131,0.8404743687834736,0.045825823444760494,0.6656002121181155,0.7028717968791176,0.03727158476100212
ZNF584,GSM2825490,10303,MTL,21,0.9356482222222222,0.949501111111111,0.013852888888888804,0.9353601721462205,0.9523977472201852,0.01703757507396475,0.8591666666666666,0.875,0.015833333333333366,0.8415213946117274,0.9061371841155236,0.0646157895037962,0.885,0.8366666666666667,-0.04833333333333334,0.8627132412672623,0.8700173310225303,0.007304089755267973,0.7192940326247754,0.7522139312079781,0.032919898583202656
ZNF585A,GSM2466607,10320,MTL,5,0.8997611940298507,0.9148883706467662,0.015127176616915539,0.7944479519692995,0.8262288153832045,0.03178086341390496,0.8455304518664047,0.8683693516699411,0.022838899803536372,0.6862910008410429,0.8366834170854272,0.15039241624438426,0.7611940298507462,0.621268656716418,-0.1399253731343283,0.7218045112781954,0.7130620985010707,-0.00874241277712473,0.6168637064539819,0.6418133981682033,0.024949691714221345
ZNF586,GSM2026882,10318,MTL,6,0.993421180457059,0.9949420224526988,0.0015208419956398433,0.9887054501400363,0.9906382760579536,0.0019328259179173246,0.9819189268008166,0.984251968503937,0.002333041703120431,0.9541984732824428,0.96640826873385,0.012209795451407213,0.9664948453608248,0.963917525773196,-0.002577319587628746,0.9603072983354674,0.9651612903225808,0.0048539919871134485,0.9486335698895608,0.9549893160040474,0.006355746114486527
ZNF587,GSM2466608,10318,MTL,6,0.9424887433483421,0.9780164214683008,0.03552767811995872,0.8852428424653483,0.9212490553470594,0.03600621288171102,0.9473684210526315,0.9645042839657284,0.017135862913096878,0.9222222222222223,0.875,-0.047222222222222276,0.6974789915966386,0.8823529411764706,0.18487394957983194,0.7942583732057417,0.8786610878661087,0.08440271466036708,0.7745582104179861,0.8578832865567368,0.08332507613875073
ZNF589,GSM2563966,99,MTL,6,1.0,1.0,0.0,1.0,1.0,0.0,0.8333333333333334,1.0,0.16666666666666663,0.0,1.0,1.0,0.0,1.0,1.0,0.0,1.0,1.0,0.0,1.0,1.0
ZNF592,GSM2825585,332,MTL,3,0.8865217777777779,0.8888264444444445,0.0023046666666666216,0.8865775599063086,0.8929275377419825,0.006349977835673926,0.8001666666666667,0.8081666666666667,0.008000000000000007,0.7894567663130826,0.8016313213703099,0.01217455505722731,0.8186666666666667,0.819,0.0003333333333332966,0.8037964326624121,0.8102225886232481,0.006426155960836066,0.6007446839024134,0.6164780514177823,0.015733367515368912
ZNF595,GSM2026826,10319,MTL,6,0.8986402296982502,0.9115878433284575,0.012947613630207355,0.7513119035268494,0.7918836772186678,0.040571773691818414,0.9060092449922958,0.9568567026194144,0.05084745762711851,0.5111111111111111,0.8723404255319149,0.36122931442080386,0.7301587301587301,0.6507936507936508,-0.0793650793650793,0.6013071895424836,0.7454545454545455,0.14414735591206185,0.5611537800606601,0.7316917518458274,0.17053797178516727
ZNF596,GSM2026841,10335,MTL,2,0.9120898814447201,0.9188861317893576,0.006796250344637489,0.835599910551869,0.8448087866792018,0.009208876127332788,0.9200581395348837,0.876453488372093,-0.043604651162790664,0.9120879120879121,0.643312101910828,-0.2687758101770841,0.6384615384615384,0.7769230769230769,0.13846153846153852,0.751131221719457,0.7038327526132404,-0.0472984691062166,0.721194206293992,0.6311040888323147,-0.09009011746167728
ZNF605,GSM6372180,10304,MTL,20,0.9671978888888888,0.9760773888888888,0.00887950000000004,0.9627298283732313,0.9738695063372368,0.011139677964005501,0.9021666666666667,0.9235,0.021333333333333315,0.9196521739130434,0.9290780141843972,0.009425840271353736,0.8813333333333333,0.917,0.035666666666666735,0.9000851063829787,0.9229994967287368,0.02291439034575815,0.8050324497915542,0.8470715805729654,0.042039130781411194
ZNF607,GSM5214323,10302,MTL,21,0.9720717222222222,0.9830597777777778,0.010988055555555598,0.9710083895126123,0.9815363732126248,0.010527983700012511,0.9046666666666666,0.9351666666666668,0.030500000000000194,0.9295824486907289,0.9259380097879282,-0.0036444389028007507,0.8756666666666667,0.946,0.07033333333333325,0.9018194301407484,0.9358615004122012,0.034042070271452785,0.8106980762131696,0.8705376918614546,0.059839615648284994
ZNF608,GSM5214477,337,MTL,2,0.9775599444444444,0.980517,0.0029570555555555877,0.9754235549711779,0.9786148222561336,0.003191267284955668,0.916,0.9301666666666668,0.014166666666666772,0.8878185208203854,0.921594250245018,0.03377572942463258,0.9523333333333334,0.9403333333333334,-0.01200000000000001,0.9189449983917658,0.9308694934829236,0.011924495091157783,0.8342054028729218,0.8605112385191859,0.026305835646264097
ZNF609,GSM5213896,337,MTL,2,0.9485750000000001,0.9532097222222222,0.004634722222222165,0.9463127623752683,0.9508566274885314,0.004543865113263101,0.881,0.8826666666666667,0.0016666666666667052,0.8815086782376502,0.8881000676132522,0.006591389375601997,0.8803333333333333,0.8756666666666667,-0.004666666666666597,0.880920613742495,0.8818395434709634,0.0009189297284684095,0.7620006773342365,0.7654083470271931,0.003407669692956583
ZNF610,GSM2423864,10311,MTL,9,0.9284686666666666,0.9388458888888888,0.010377222222222149,0.9354321577759179,0.9418309345422478,0.006398776766329828,0.8481666666666666,0.8638333333333333,0.015666666666666718,0.9237322515212981,0.8916397560100466,-0.032092495511251484,0.759,0.8283333333333334,0.06933333333333336,0.8333028362305581,0.8588214964575773,0.025518660227019208,0.7076773065856286,0.7295077139709958,0.021830407385367234
ZNF611,GSM2466611,10309,MTL,12,0.9809979423868314,0.9856382716049382,0.0046403292181068645,0.9532069617111463,0.9638925262302346,0.010685564519088309,0.953018372703412,0.9590551181102362,0.0060367454068241955,0.9388038942976356,0.8968446601941747,-0.04195923410346081,0.8333333333333334,0.9123456790123456,0.07901234567901227,0.8829300196206671,0.90452876376989,0.021598744149222915,0.8560444123058483,0.8785226429856022,0.022478230679753963
ZNF613,GSM2466612,10313,MTL,7,0.8917012523663899,0.9030508227755932,0.011349570409203369,0.7106766664299126,0.7400126622071538,0.02933599577724122,0.8897464167585446,0.9051819184123484,0.015435501653803807,0.7,0.7457627118644068,0.045762711864406835,0.5347222222222222,0.6111111111111112,0.07638888888888895,0.6062992125984252,0.6717557251908397,0.06545651259241447,0.5501950755265611,0.6211586882666686,0.07096361274010754
ZNF614,GSM2466613,10313,MTL,7,0.8928381335383525,0.9010290377905258,0.008190904252173281,0.7910103119478257,0.8037608165856163,0.012750504637790594,0.9378531073446328,0.9416195856873822,0.0037664783427494575,0.9555555555555556,0.9777777777777776,0.022222222222222032,0.581081081081081,0.5945945945945946,0.013513513513513598,0.7226890756302521,0.7394957983193278,0.01680672268907568,0.7171385509565132,0.736663781462482,0.01952523050596877
ZNF615,GSM5214514,10313,MTL,7,0.9607410555555556,0.9705467777777776,0.00980572222222209,0.9573408639428501,0.9690712904099936,0.011730426467143507,0.8935,0.906,0.012500000000000067,0.9164021164021164,0.9371859296482412,0.02078381324612477,0.866,0.8703333333333333,0.0043333333333333,0.8904884318766066,0.9025233321811268,0.012034900304520146,0.788193044903979,0.8140738262211493,0.02588078131717031
ZNF616,GSM5215705,10311,MTL,9,0.9804956666666669,0.9839455555555556,0.0034498888888887524,0.9801264690440031,0.9827324480408336,0.0026059789968304603,0.93,0.9345,0.0044999999999999485,0.924621461487821,0.9230769230769232,-0.0015445384108977445,0.9363333333333334,0.948,0.011666666666666603,0.9304405432262338,0.9353724716329552,0.004931928406721409,0.8600689994141516,0.869316923788612,0.009247924374460426
ZNF619,GSM5215625,10324,MTL,4,0.9674354444444444,0.9665676666666666,-0.0008677777777778006,0.9587298674578548,0.9598312247388604,0.0011013572810055772,0.9075,0.9058333333333334,-0.0016666666666665941,0.8874801901743264,0.8858954041204438,-0.0015847860538826808,0.9333333333333333,0.9316666666666666,-0.0016666666666667052,0.9098294069861901,0.908204711616572,-0.0016246953696180677,0.8160899813306617,0.812752189995976,-0.0033377913346857024
ZNF620,GSM2466617,10324,MTL,4,0.8354771784232365,0.8903526970954356,0.054875518672199086,0.7453142206741827,0.8179442027501421,0.07262998207595939,0.9252669039145908,0.9395017793594306,0.014234875444839812,0.8518518518518519,1.0,0.14814814814814814,0.575,0.575,0.0,0.6865671641791045,0.7301587301587301,0.04359156597962566,0.6620444093050408,0.7328795283679134,0.07083511906287254
ZNF624,GSM5214027,10304,MTL,20,0.8999820359281439,0.9081448214681748,0.008162785540030915,0.8309698416171089,0.8525512800502715,0.021581438433162625,0.8409948922940262,0.8527648234510327,0.011769931157006419,0.8276436303080766,0.8626943005181347,0.03505067021005803,0.6613439787092482,0.6646706586826348,0.003326679973386537,0.735207100591716,0.7508455467869222,0.015638446195206157,0.6316173593222572,0.6599414781437033,0.028324118821446143
ZNF626,GSM2466619,10316,MTL,7,0.8661895023858214,0.8785957736877982,0.012406271301976801,0.6309175158586037,0.67738785899809,0.04647034313948628,0.9303867403314917,0.9425414364640884,0.012154696132596676,0.7755102040816326,0.9523809523809524,0.1768707482993198,0.4222222222222222,0.4444444444444444,0.0222222222222222,0.5467625899280576,0.6060606060606061,0.05929801613254848,0.5405011808033795,0.6287571089322047,0.08825592812882521
ZNF627,GSM2466620,10310,MTL,10,0.9683291518557412,0.977292599443739,0.00896344758799783,0.9262372922262534,0.9403174841695566,0.014080191943303233,0.9767441860465116,0.977119279819955,0.0003750937734433579,0.9518072289156626,0.924812030075188,-0.026995198840474632,0.8257839721254355,0.8571428571428571,0.03135888501742157,0.8843283582089553,0.8896925858951176,0.005364227686162293,0.8741896971302655,0.8777368569319488,0.0035471598016832973
ZNF629,GSM5215117,104,MTL,16,0.9718698888888888,0.9769632222222224,0.005093333333333616,0.9730200277193368,0.9765349163088368,0.003514888589499998,0.9146666666666666,0.9228333333333332,0.008166666666666544,0.9316446911866759,0.9114498864742134,-0.02019480471246249,0.895,0.9366666666666666,0.04166666666666663,0.9129547772866372,0.9238862403419366,0.01093146305529935,0.8299756140966775,0.8459905080163775,0.016014893919700013
ZNF649,GSM2466622,10313,MTL,7,0.9875118079752225,0.9905168408826944,0.003005032907471894,0.9756523009272815,0.9809414077876358,0.005289106860354331,0.9735819735819736,0.9748769748769748,0.0012950012950011525,0.9577804583835947,0.9751243781094528,0.017343919725858137,0.9221835075493612,0.9105691056910568,-0.011614401858304424,0.9396449704142011,0.9417417417417416,0.002096771327540492,0.9230140720597368,0.9266335441355464,0.0036194720758095933
ZNF658,GSM2828881,10304,MTL,20,0.9686230816451811,0.9789914057704112,0.010368324125230144,0.9102313951780876,0.9309850005521392,0.020753605374051576,0.9483488569009314,0.95766299745978,0.009314140558848605,0.8260869565217391,0.8800773694390716,0.05399041291733242,0.8397790055248618,0.8379373848987108,-0.0018416206261510082,0.8328767123287671,0.8584905660377359,0.025613853708968737,0.8023712487482175,0.833962932395835,0.03159168364761744
ZNF660,GSM5215022,10305,MTL,20,0.9741500983507339,0.9831768800121048,0.009026781661370942,0.9632648355462319,0.9739598579277312,0.01069502238149933,0.9104362867576398,0.9369594464731884,0.02652315971554864,0.9379727685325264,0.9342288096340898,-0.0037439588984365946,0.8443032228778938,0.9155696777122108,0.07126645483431693,0.8886765408504539,0.9248051352590556,0.03612859440860172,0.8172559523086037,0.8706772405403571,0.053421288231753405
ZNF662,GSM2827532,10324,MTL,4,0.9355658989123481,0.9423125399872042,0.006746641074856119,0.8890799457623979,0.8987265510422346,0.00964660527983674,0.9119247897080653,0.9156358238495794,0.00371103414151408,0.8633474576271186,0.8855885588558856,0.02224110122876699,0.7821497120921305,0.772552783109405,-0.009596928982725461,0.8207452165156093,0.8252178370066633,0.0044726204910540135,0.7641879671870386,0.773075102731001,0.008887135543962366
ZNF664,GSM2423889,10330,MTL,3,0.9228166666666666,0.9275826666666668,0.004766000000000159,0.9332043083852379,0.9366756618815666,0.003471353496328655,0.8458333333333333,0.856,0.010166666666666657,0.8400524418223533,0.9101382488479264,0.0700858070255731,0.8543333333333333,0.79,-0.06433333333333324,0.8471327053379607,0.8458244111349036,-0.0013082942030571143,0.6917666341684778,0.7182851992948297,0.026518565126351867
ZNF667,GSM2466624,10321,MTL,5,0.9090491803278689,0.9076065573770492,-0.0014426229508196498,0.804728462213514,0.8045394690149079,-0.0001889931986061022,0.9352112676056338,0.9464788732394366,0.011267605633802802,0.9090909090909091,0.918918918918919,0.00982800982800991,0.6,0.68,0.08000000000000007,0.7228915662650602,0.7816091954022989,0.05871762913723866,0.7070053201106699,0.7629596175581528,0.055954297447482926
ZNF669,GSM2466625,10310,MTL,10,0.9569837701117121,0.9747066676034568,0.017722897491744716,0.8420375790313689,0.927735044388389,0.08569746535702016,0.946524064171123,0.9705882352941176,0.024064171122994638,0.8484848484848485,0.872093023255814,0.02360817477096544,0.6511627906976745,0.872093023255814,0.22093023255813948,0.7368421052631579,0.872093023255814,0.1352509179926561,0.7153360895356682,0.8554767090564181,0.14014061952074996
ZNF670,GSM2825542,10310,MTL,10,0.9789814432989691,0.9895766323024056,0.010595189003436478,0.9449148997000043,0.962833144877438,0.017918245177433678,0.9715925394548063,0.976470588235294,0.004878048780487698,0.9251101321585903,0.929637526652452,0.004527394493861747,0.865979381443299,0.8989690721649485,0.03298969072164948,0.8945686900958466,0.9140461215932912,0.01947743149744463,0.8788138461645895,0.9005902613081885,0.02177641514359907
ZNF671,GSM2466626,10303,MTL,21,0.9758134903044551,0.9767512511120146,0.0009377608075594734,0.9376260889615051,0.9413655123264884,0.00373942336498323,0.9390653240382133,0.9424218951717016,0.0033565711334883064,0.8479212253829321,0.9144316730523628,0.0665104476694307,0.8887614678899083,0.8211009174311926,-0.06766055045871566,0.8678611422172452,0.8652567975830816,-0.002604344634163591,0.8286792829435978,0.8307217809254165,0.0020424979818186584
ZNF674,GSM5215097,10304,MTL,20,0.980380057993937,0.9881418215368392,0.007761763542902145,0.97632492224936,0.985346888593804,0.009021966344444077,0.9301862904684391,0.9459215047929102,0.015735214324471003,0.915149166989539,0.9485116653258246,0.033362498336285684,0.9339659944642151,0.9323843416370108,-0.0015816528272043495,0.9244618395303327,0.9403788634097708,0.015917023879438164,0.8597324093388273,0.8910164497694257,0.0312840404305984
ZNF675,GSM2466628,10306,MTL,20,0.9870246797875665,0.9911212121212122,0.004096532333645708,0.9776431427494586,0.9824131777398192,0.00477003499036055,0.9650848291123678,0.965330710597492,0.0002458814851241664,0.9400570884871551,0.940952380952381,0.0008952924652259053,0.9259606373008434,0.9259606373008434,0.0,0.9329556185080264,0.9333963155408596,0.000440697032833115,0.9094011514298044,0.9100183723520806,0.0006172209222762293
ZNF678,GSM5215333,10336,MTL,2,0.9765546666666667,0.9764311666666666,-0.00012350000000005412,0.9749577919651051,0.9749607221842383,2.930219133223666e-06,0.9166666666666666,0.921,0.004333333333333411,0.9367575122292103,0.9066323245331616,-0.030125187696048772,0.8936666666666667,0.9386666666666666,0.04499999999999993,0.914704878880928,0.9223714379299052,0.007666559048977173,0.8342164016768416,0.8425260877558932,0.008309686079051581
ZNF680,GSM2466630,10306,MTL,20,0.9779536590961229,0.9813577655425556,0.003404106446432742,0.9797839945324665,0.9834655960505648,0.0036816015180983763,0.9263460887233322,0.942092786996275,0.015746698272942727,0.904418985270049,0.952364149611856,0.047945164341806956,0.9507914659325534,0.9287680660701996,-0.0220233998623538,0.9270256668344238,0.9404181184668988,0.013392451632475044,0.8538595448579692,0.8843744935306334,0.030514948672664133
ZNF681,GSM2466631,10306,MTL,20,0.9653959460053643,0.9811590379457414,0.015763091940377172,0.9101041131000421,0.921984312149384,0.0118801990493419,0.9492924528301887,0.956367924528302,0.007075471698113289,0.8672566371681416,0.8869565217391304,0.019699884570988813,0.7777777777777778,0.8095238095238095,0.031746031746031744,0.8200836820083682,0.8464730290456431,0.026389347037274913,0.7922606676681299,0.8222689808122537,0.030008313144123888
ZNF682,GSM2466633,10336,MTL,2,0.966956241956242,0.967257308328737,0.0003010663724950513,0.9143545704423466,0.9066598921860368,-0.0076946782563097615,0.9303175049171115,0.9275077268895756,-0.002809778027535903,0.8427109974424553,0.8058139534883721,-0.03689704395408311,0.8405612244897959,0.8839285714285714,0.04336734693877553,0.8416347381864623,0.843065693430657,0.001430955244194676,0.796967312025176,0.7975050404771267,0.0005377284519506587
ZNF684,GSM2466634,10331,MTL,2,0.9529285930637589,0.9481296380433136,-0.00479895502044525,0.8864097181596777,0.8859271555776685,-0.0004825625820091828,0.9300225733634312,0.9435665914221218,0.013544018058690654,0.9444444444444444,0.8770491803278688,-0.06739526411657559,0.5985915492957746,0.7535211267605634,0.15492957746478875,0.7327586206896551,0.8106060606060606,0.07784743991640541,0.7187535456940789,0.780766492523727,0.062012946829648086
ZNF687,GSM5215692,332,MTL,3,0.9832424242424241,0.9834222575095938,0.00017983326716963788,0.9831115065505536,0.9834135687892384,0.000302062238684786,0.9378510599746331,0.9416560971190432,0.0038050371444100506,0.9489692463670159,0.9344581440622972,-0.014511102304718637,0.936,0.96,0.02399999999999991,0.9424400067125357,0.9470568891811904,0.0046168824686546595,0.8750117901717523,0.8825092189279948,0.007497428756242486
ZNF691,GSM5214837,104,MTL,16,0.9767256666666666,0.9846538888888888,0.007928222222222225,0.9738316887828232,0.9833001020845242,0.009468413301701006,0.9251666666666667,0.9401666666666668,0.015000000000000124,0.9216528925619835,0.9319594373568858,0.01030654479490234,0.9293333333333333,0.9496666666666668,0.020333333333333425,0.9254771784232365,0.940729734191844,0.015252555768607512,0.8503628603341697,0.8804922765351667,0.03012941620099696
ZNF695,GSM2466635,10337,MTL,2,0.9384812220276318,0.93116433158202,-0.00731689044561179,0.898057608371483,0.8853622041651488,-0.012695404206334193,0.8669637173774666,0.8648419265860386,-0.0021217907914279355,0.8596026490066225,0.8325092707045736,-0.027093378302048943,0.7577349678925861,0.7863397548161121,0.02860478692352597,0.8054607508532423,0.8087661362954068,0.0033053854421645212,0.7082266716142884,0.7050711912276487,-0.0031554803866397085
ZNF696,GSM5214437,104,MTL,16,0.8892949094816226,0.9181356052466196,0.028840695764997037,0.6746991804539548,0.7222536267728966,0.04755444631894179,0.9310009718172984,0.933916423712342,0.002915451895043608,0.6935483870967742,0.75,0.056451612903225756,0.602803738317757,0.5467289719626168,-0.05607476635514019,0.645,0.6324324324324324,-0.012567567567567606,0.6088250106393547,0.6061191974371335,-0.0027058132022211856
ZNF697,GSM5214050,104,MTL,16,0.9773896666666666,0.9827382222222224,0.005348555555555801,0.9755059814904704,0.9809037198051832,0.005397738314712797,0.9218333333333333,0.935,0.013166666666666771,0.9356282271944922,0.9177336747759284,-0.017894552418563858,0.906,0.9556666666666668,0.04966666666666675,0.920575783234547,0.9363161332462444,0.01574035001169738,0.8440899901604217,0.8707441269438534,0.026654136783431648
ZNF699,GSM6372198,10323,MTL,5,0.8987518453371863,0.9469661871407482,0.04821434180356188,0.7223211437011392,0.8128669114304194,0.09054576772928025,0.9370112945264987,0.9509122502172024,0.013900955690703709,0.7877094972067039,0.835820895522388,0.04811139831568412,0.5685483870967742,0.6774193548387096,0.10887096774193539,0.6604215456674473,0.7483296213808464,0.08790807571339909,0.636832264803685,0.7263541574698663,0.08952189266618127
ZNF69,GSM2466636,10308,MTL,15,0.8564654175341199,0.9448299791811244,0.08836456164700457,0.6645276098720877,0.8438393860614234,0.1793117761893357,0.9450800915331807,0.9588100686498856,0.013729977116704872,0.8571428571428571,0.90625,0.049107142857142905,0.5454545454545454,0.6590909090909091,0.11363636363636365,0.6666666666666666,0.7631578947368421,0.09649122807017552,0.65774879758969,0.75249926810272,0.0947504705130301
ZNF700,GSM5215466,10308,MTL,15,0.8667800674920495,0.8912872766434463,0.024507209151396814,0.6262479409394697,0.6750057551455043,0.048757814206034644,0.914756025867137,0.9168136390358612,0.002057613168724215,0.697508896797153,0.7543103448275862,0.05680144803043319,0.48877805486284287,0.4364089775561097,-0.05236907730673318,0.5747800586510264,0.5529225908372828,-0.021857467813743647,0.5393759070350024,0.5339491915878393,-0.005426715447163111
ZNF701,GSM2938898,10309,MTL,12,0.9444625078764964,0.9449857172862844,0.0005232094097880058,0.9063597927737898,0.9186359479476612,0.012276155173871484,0.8862001308044474,0.882494004796163,-0.0037061260082843495,0.8420038535645472,0.8191230207064556,-0.022880832858091615,0.8260869565217391,0.847511027095148,0.021424070573408893,0.833969465648855,0.833075255497058,-0.0008942101517970258,0.7474930547882287,0.7427079412680742,-0.004785113520154538
ZNF705G,GSM2466638,10335,MTL,2,0.924276699607096,0.918918918918919,-0.0053577806881770496,0.8278393583989424,0.7774089514312813,-0.0504304069676611,0.946969696969697,0.9393939393939394,-0.007575757575757569,0.9259259259259259,0.8387096774193549,-0.08721624850657106,0.6756756756756757,0.7027027027027027,0.027027027027027084,0.78125,0.7647058823529411,-0.016544117647058876,0.7640041664035401,0.7339992128172453,-0.030004953586294736
ZNF708,GSM2466640,10306,MTL,20,0.9433558068928454,0.9639160348505008,0.02056022795765544,0.8534093660998311,0.8974788018593423,0.044069435759511166,0.9287179487179488,0.9405128205128204,0.011794871794871598,0.9033613445378151,0.9056603773584906,0.0022990328206754507,0.649546827794562,0.7250755287009063,0.07552870090634434,0.7557117750439367,0.8053691275167785,0.049657352472841754,0.7286242510330585,0.7774077835570138,0.048783532523955286
ZNF709,GSM5215570,10310,MTL,10,0.9727671111111111,0.9799305555555556,0.0071634444444445,0.9711177680866125,0.9771093060258352,0.005991537939222691,0.9053333333333333,0.9296666666666666,0.024333333333333318,0.9415395787944808,0.9131410256410256,-0.028398553153455186,0.8643333333333333,0.9496666666666668,0.08533333333333348,0.9012860618700035,0.931045751633987,0.029759689763983466,0.8134059499724043,0.8600216260614887,0.046615676089084346
ZNF70,GSM5330849,10305,MTL,20,0.8901521666666667,0.9002676666666668,0.010115500000000055,0.8902160707608213,0.9028007396133054,0.012584668852484104,0.809,0.819,0.009999999999999898,0.8102409638554217,0.8444924406047516,0.034251476749329934,0.807,0.782,-0.025000000000000022,0.8086172344689379,0.8120456905503635,0.0034284560814256126,0.6180049440593288,0.6397540511846214,0.021749107125292544
ZNF710,GSM5215732,28,MTL,2,0.9505961111111112,0.9513621666666668,0.0007660555555556448,0.941066112332432,0.9457045652363688,0.004638452903936829,0.8796666666666667,0.8795,-0.00016666666666675933,0.8779031187790312,0.8824319785018475,0.0045288597228163585,0.882,0.8756666666666667,-0.006333333333333302,0.8799467908214167,0.8790363058390497,-0.0009104849823670103,0.759341601764681,0.759022307150045,-0.00031929461463597875
ZNF711,GSM2741765,59,MTL,3,0.9456136533323242,0.9490968393516448,0.0034831860193206277,0.9192929462699208,0.9196707375062152,0.00037779123629444467,0.9074458617620884,0.911302284188668,0.0038564224265795755,0.9118236472945892,0.939936775553214,0.028113128258624775,0.8024691358024691,0.7865961199294532,-0.015873015873015928,0.8536585365853658,0.8564570331253001,0.0027984965399342476,0.7898130864398053,0.7995947749811353,0.009781688541329991
ZNF713,GSM5214817,10325,MTL,4,0.9627334434806554,0.9683727110009638,0.005639267520308411,0.9524578926021826,0.959493912327396,0.007036019725213394,0.8867367644346061,0.9038922707987456,0.017155506364139428,0.9123687813783661,0.8812199036918138,-0.03114887768655228,0.825691862866584,0.9070631970260224,0.08137133415943842,0.8668690372940157,0.8939548137594138,0.027085776465398115,0.7716402768887368,0.8063967301713976,0.03475645328266075
ZNF714,GSM2466641,10306,MTL,20,0.9515403032721469,0.9528092577813247,0.0012689545091778553,0.8595802578415039,0.8342887169937492,-0.025291540847754757,0.9135381114903299,0.9124004550625712,-0.0011376564277587597,0.8601398601398601,0.8642857142857143,0.004145854145854222,0.6871508379888268,0.6759776536312849,-0.011173184357541888,0.7639751552795031,0.7586206896551724,-0.005354465624330729,0.7185827010280852,0.7140414630117689,-0.00454123801631634
ZNF716,GSM2466642,10319,MTL,6,0.9090460153698513,0.8886513069973807,-0.020394708372470594,0.7367676240881312,0.7334552980524286,-0.0033123260357026396,0.8948598130841121,0.8977803738317757,0.0029205607476635587,0.7012987012987013,0.6991869918699187,-0.002111709428782582,0.5934065934065934,0.63003663003663,0.03663003663003661,0.6428571428571429,0.6628131021194605,0.019955959262317635,0.5845052613502655,0.6038994587652923,0.019394197415026793
ZNF71,GSM2423047,10305,MTL,20,0.9634096666666666,0.9713011666666664,0.00789149999999983,0.9610053514921189,0.9704237376355984,0.009418386143479562,0.8971666666666667,0.9148333333333334,0.01766666666666672,0.8957157090667552,0.9245991129307404,0.028883403863985135,0.899,0.9033333333333332,0.004333333333333189,0.8973548494426884,0.9138425223402462,0.016487672897557815,0.794338673072361,0.8298862006039304,0.03554752753156942
ZNF720,GSM5215681,10338,MTL,2,0.9609415333701048,0.962110130538702,0.0011685971685971852,0.9329573455678819,0.9350057773082427,0.0020484317403608454,0.890504882609599,0.8913359650945356,0.0008310824849365739,0.8449570815450643,0.8732638888888888,0.028306807343824514,0.8687258687258688,0.8323221180364038,-0.036403750689465,0.8566766385640467,0.8523016097147699,-0.004375028849276874,0.7683113644956099,0.7669836863042141,-0.001327678191395787
ZNF724,GSM3402714,10306,MTL,20,0.9316287812748637,0.9640788793827604,0.032450098107896674,0.8285497375586118,0.8931772930481264,0.0646275554895146,0.96051227321238,0.9701173959445036,0.009605122732123661,0.924812030075188,0.9455782312925172,0.020766201217329194,0.6577540106951871,0.7433155080213903,0.08556149732620322,0.76875,0.8323353293413174,0.06358532934131733,0.760825459428689,0.8233171243597062,0.06249166493101721
ZNF729,GSM3402715,10306,MTL,20,0.9012073262753527,0.9584066951729814,0.057199368897628666,0.7846756614857764,0.892421294121776,0.10774563263599957,0.9503619441571872,0.96794208893485,0.017580144777662787,0.7912087912087912,0.9487179487179488,0.15750915750915762,0.7128712871287128,0.7326732673267327,0.01980198019801982,0.75,0.8268156424581006,0.07681564245810057,0.7237386596546439,0.817683510860517,0.09394485120587315
ZNF730,GSM2466643,10306,MTL,20,0.9155981348516238,0.9399596336227696,0.024361498771145795,0.7891739990959069,0.8342405530561539,0.04506655396024695,0.9264112903225806,0.9339717741935484,0.007560483870967749,0.8051948051948052,0.8046875,-0.0005073051948052409,0.6480836236933798,0.7177700348432056,0.06968641114982577,0.7181467181467182,0.7587476979742173,0.040600979827499106,0.6816671092128923,0.7222237182661201,0.04055660905322778
ZNF736,GSM2466644,10319,MTL,6,0.9729630726373398,0.97692231763893,0.0039592450015901726,0.954012866210796,0.9622087346831096,0.008195868472313683,0.9732142857142857,0.9771205357142856,0.003906249999999889,0.9575971731448764,0.9854014598540146,0.02780428670913826,0.8827361563517915,0.8794788273615635,-0.0032573289902280145,0.9186440677966101,0.9294320137693632,0.010787945972753121,0.903715087733373,0.9179403697982922,0.014225282064919242
ZNF737,GSM5214797,10316,MTL,7,0.9677448888888889,0.9649441111111112,-0.002800777777777652,0.9639909027488566,0.9589856666745494,-0.00500523607430714,0.9035,0.896,-0.007499999999999951,0.8918743930074458,0.8502358490566038,-0.04163854395084199,0.9183333333333333,0.9613333333333334,0.04300000000000004,0.904910494334045,0.902377972465582,-0.002532521868462978,0.8073553594173735,0.7988490461831944,-0.008506313234179053
ZNF746,GSM3402720,118,MTL,6,0.9512856973575068,0.9746770944424696,0.02339139708496285,0.8444319445065721,0.8896841808179736,0.04525223631140152,0.9607032057911065,0.9627714581178904,0.0020682523267839814,0.8554216867469879,0.7904761904761904,-0.06494549627079749,0.7319587628865979,0.8556701030927835,0.12371134020618557,0.7888888888888889,0.8217821782178217,0.03289328932893287,0.7702025450264673,0.8018174951804887,0.03161495015402138
ZNF747,GSM2827587,93,MTL,3,0.9768525161933233,0.977724962630792,0.0008724464374687546,0.9377224656587949,0.9297021067601198,-0.00802035889867514,0.9591169255928046,0.9550286181520852,-0.004088307440719419,0.9073783359497645,0.89375,-0.013628335949764425,0.8639760837070254,0.8550074738415545,-0.008968609865470878,0.885145482388974,0.8739495798319328,-0.01119590255704117,0.8606786001190705,0.8469060784159382,-0.013772521703132257
ZNF749,GSM2466646,10303,MTL,21,0.9277038526999846,0.957914281293517,0.0302104285935324,0.8474594419597176,0.88850821173579,0.041048769776072414,0.9388379204892966,0.9464831804281344,0.007645259938837801,0.76,0.8904109589041096,0.1304109589041096,0.8260869565217391,0.7065217391304348,-0.11956521739130432,0.7916666666666666,0.7878787878787878,-0.0037878787878787845,0.7567997162417985,0.7643612571552408,0.0075615409134422995
ZNF74,GSM2466647,10317,MTL,6,0.873791599818997,0.9284832777983462,0.05469167797934915,0.7108964437295999,0.8041293117510586,0.09323286802145869,0.9404600811907984,0.9445196211096076,0.004059539918809252,0.8222222222222222,0.7666666666666667,-0.05555555555555547,0.5068493150684932,0.6301369863013698,0.12328767123287665,0.6271186440677966,0.6917293233082706,0.06461067924047403,0.6174118828942793,0.6654079955820287,0.04799611268774939
ZNF75A,GSM2574809,104,MTL,16,0.9599263860133425,0.9701230733839428,0.01019668737060031,0.9388102281834521,0.9488721462616516,0.010061918078199561,0.9190581309786607,0.927888153053716,0.008830022075055233,0.9053333333333333,0.9224598930481284,0.017126559714795042,0.8200483091787439,0.8333333333333334,0.013285024154589431,0.8605830164765526,0.8756345177664975,0.015051501289944924,0.8057073823713742,0.8271531635158124,0.02144578114443818
ZNF75D,GSM2466648,104,MTL,16,0.9885993982376962,0.9902877713303244,0.0016883730926282592,0.9855559701602891,0.9865038050764776,0.0009478349161885502,0.968358602504944,0.965721819380356,-0.002636783124588038,0.958904109589041,0.9474021808851828,-0.011501928703858244,0.9477756286266924,0.9522888459058672,0.004513217279174753,0.953307392996109,0.94983922829582,-0.0034681647002889893,0.9294166230398654,0.9238118295014692,-0.005604793538396158
ZNF761,GSM5215642,10309,MTL,12,0.9667914444444445,0.976086,0.009294555555555473,0.9659238098328154,0.9743652197676096,0.008441409934794142,0.9023333333333333,0.9136666666666666,0.011333333333333306,0.9012632978723404,0.8823166974738139,-0.01894660039852647,0.9036666666666666,0.9546666666666668,0.051000000000000156,0.9024633821571239,0.9170669228306116,0.014603540673487792,0.8046695277189626,0.8301289341412449,0.025459406422282282
ZNF763,GSM3402716,10308,MTL,15,0.9275548986486486,0.9562077702702704,0.028652871621621778,0.7434025502575783,0.8172659902953434,0.07386344003776513,0.9418416801292407,0.9499192245557352,0.008077544426494443,0.7413793103448276,0.8055555555555556,0.06417624521072796,0.671875,0.6796875,0.0078125,0.7049180327868853,0.7372881355932204,0.03237010280633512,0.6737493979993628,0.7129593341848892,0.03920993618552637
ZNF764,GSM2466650,93,MTL,3,0.8253400143163923,0.8992483894058697,0.07390837508947745,0.687411904371619,0.7529375178642799,0.06552561349266084,0.912751677852349,0.9328859060402684,0.020134228187919434,0.95,0.8,-0.1499999999999999,0.4318181818181818,0.7272727272727273,0.29545454545454547,0.59375,0.7619047619047619,0.16815476190476186,0.6066371175672094,0.7240577505345166,0.1174206329673072
ZNF765,GSM2466651,10309,MTL,12,0.9805900343642612,0.9867731958762886,0.0061831615120274686,0.9583584045342891,0.97203454792747,0.013676143393180906,0.9465994962216625,0.9657430730478588,0.019143576826196274,0.8964435146443515,0.9503239740820736,0.05388045943772213,0.8835051546391752,0.9072164948453608,0.023711340206185594,0.8899273104880582,0.9282700421940928,0.03834273170603464,0.8547180478791235,0.9062053916121396,0.05148734373301611
ZNF766,GSM2825565,10311,MTL,9,0.9427576666666665,0.9538538888888888,0.011096222222222285,0.9440075372485676,0.9559358067365468,0.011928269487979204,0.8711666666666666,0.8823333333333333,0.011166666666666658,0.8659217877094972,0.8968858131487889,0.030964025439291665,0.8783333333333333,0.864,-0.014333333333333309,0.8720834022836339,0.8801358234295416,0.008052421145907651,0.7424095992144654,0.7651812114834504,0.022771612268985053
ZNF768,GSM5215173,104,MTL,16,0.9846563888888888,0.9863361111111112,0.0016797222222223462,0.9820996498707794,0.9843165708697178,0.002216920998938443,0.9325,0.945,0.012499999999999956,0.9547844374342797,0.9243483788938336,-0.030436058540446065,0.908,0.9693333333333334,0.06133333333333335,0.9308047155304972,0.9463065408395704,0.015501825309073292,0.8660403062066748,0.8910558336609138,0.02501552745423896
ZNF76,GSM959052,82,MTL,2,0.9767436666666667,0.9812885555555556,0.004544888888888932,0.9751860205256906,0.9802304193676402,0.005044398841949627,0.9193333333333333,0.9265,0.0071666666666666545,0.9302325581395349,0.9529203539823008,0.022687795842765923,0.9066666666666666,0.8973333333333333,-0.009333333333333305,0.9182984469952734,0.9242918454935622,0.005993398498288838,0.8389359150866543,0.854454999055813,0.015519083969158687
ZNF772,GSM5214161,10303,MTL,21,0.9789117777777778,0.987866888888889,0.008955111111111136,0.9750408140105208,0.9860709757250116,0.011030161714490783,0.9265,0.9483333333333334,0.02183333333333337,0.9332881815103284,0.9556233062330624,0.022335124722733912,0.9186666666666666,0.9403333333333334,0.021666666666666723,0.9259197043507476,0.9479166666666666,0.021996962315919077,0.8531047013297196,0.8967814620411821,0.04367676071146254
ZNF773,GSM5214043,10303,MTL,21,0.9830512222222222,0.9883578888888888,0.005306666666666571,0.9832038311836062,0.9880007516157412,0.004796920432134977,0.9331666666666667,0.9475,0.014333333333333309,0.9330223258913696,0.9570990806945864,0.024076754803216804,0.9333333333333333,0.937,0.003666666666666707,0.9331778036993834,0.9469429004547752,0.013765096755391837,0.8663333814629669,0.8951974127966825,0.028864031333715623
ZNF774,GSM2026816,104,MTL,16,0.8856292517006803,0.9389172335600908,0.05328798185941053,0.78310688104192,0.8724752104750594,0.08936832943313933,0.9224137931034483,0.9525862068965516,0.030172413793103314,1.0,1.0,0.0,0.5,0.6944444444444444,0.19444444444444442,0.6666666666666666,0.819672131147541,0.15300546448087438,0.6767155423319645,0.8108893879997352,0.13417384566777069
ZNF775,GSM5214683,96,MTL,4,0.9466634103019539,0.9457764949674364,-0.0008869153345174574,0.8864027688882025,0.8841358666856491,-0.0022669022025533225,0.8928744546776539,0.8892389723703344,-0.003635482307319471,0.8244781783681214,0.7916303400174368,-0.03284783835068461,0.7717584369449378,0.8063943161634103,0.03463587921847244,0.7972477064220184,0.7989441267047954,0.0016964202827770558,0.7252928411190638,0.7225776860661116,-0.0027151550529521673
ZNF776,GSM5213864,10318,MTL,6,0.9865057777777779,0.9860052222222222,-0.0005005555555557262,0.9867556204172249,0.9852377037536726,-0.0015179166635522767,0.942,0.9415,-0.0004999999999999449,0.9497964721845319,0.9285021028793272,-0.021294369305204675,0.9333333333333333,0.9566666666666668,0.023333333333333428,0.9414929388029589,0.9423739944179936,0.0008810556150347093,0.8841328263754038,0.8834065096025766,-0.0007263167728271958
ZNF777,GSM5214377,118,MTL,6,0.9857428888888888,0.9866983888888888,0.000955499999999998,0.9840284890034097,0.9839887908624876,-3.9698140922084235e-05,0.9426666666666667,0.9463333333333334,0.003666666666666707,0.9394440767703508,0.941622691292876,0.002178614522525213,0.9463333333333334,0.9516666666666668,0.005333333333333412,0.9428761208900698,0.9466180371352784,0.0037419162452085875,0.8853571399231663,0.8927174538153593,0.007360313892192938
ZNF778,GSM5214896,10312,MTL,8,0.9713003710045662,0.9730614297945204,0.0017610587899541397,0.9610779734342739,0.9638933444840284,0.0028153710497544893,0.9115442278860569,0.9175412293853074,0.005997001499250421,0.9120247568523431,0.9016949152542372,-0.010329841598105904,0.8831335616438356,0.910958904109589,0.02782534246575341,0.8973466724662897,0.9063032367972744,0.008956564330984684,0.820001534649674,0.8327135075154426,0.01271197286576864
ZNF77,GSM5214626,10323,MTL,5,0.9163996174211424,0.9237381306881488,0.007338513267006408,0.7172516240398505,0.7595658769699176,0.042314252930067076,0.9380968060586105,0.9466578860717814,0.008561080013170907,0.6970802919708029,0.7701612903225806,0.07308099835177773,0.6452702702702703,0.6452702702702703,0.0,0.6701754385964912,0.7022058823529411,0.03203044375644992,0.6366522013367122,0.6763403388814749,0.03968813754476275
ZNF780A,GSM5369886,10302,MTL,21,0.9206537340629687,0.934818436399714,0.014164702336745272,0.7658509254922499,0.800625097509033,0.03477417201678312,0.9248013620885358,0.923950056753689,-0.0008513053348467858,0.8075117370892019,0.7871396895787139,-0.020372047510487934,0.6527514231499051,0.6736242884250474,0.020872865275142316,0.7219307450157397,0.7259713701431493,0.004040625127409547,0.6841551677310426,0.6849174666624862,0.000762298931443639
ZNF782,GSM5215308,10304,MTL,20,0.968410111111111,0.9814557777777776,0.013045666666666622,0.9665223462483156,0.980091113396604,0.013568767148288474,0.9023333333333333,0.9335,0.031166666666666676,0.9238061797752809,0.9421965317919077,0.018390352016626754,0.877,0.9236666666666666,0.046666666666666634,0.8997948016415869,0.9328395892947317,0.03304478765314478,0.8057014938510806,0.8671677168200893,0.06146622296900872
ZNF783,GSM2466659,118,MTL,6,0.9976519313081602,0.9941428249605768,-0.0035091063475833906,0.9991006309949266,0.9930005188559118,-0.006100112139014846,0.9822595704948646,0.9813258636788048,-0.0009337068160597539,0.9883268482490273,0.9808184143222506,-0.007508433926776692,0.9870466321243523,0.993523316062176,0.006476683937823746,0.9876863253402463,0.9871299871299872,-0.000556338210259022,0.9559694076712635,0.9533834415518576,-0.002585966119405869
ZNF785,GSM5213943,93,MTL,3,0.9140360423282142,0.9144502286145876,0.00041418628637335253,0.7788893786874105,0.7583264956676824,-0.020562883019728084,0.9504950495049505,0.944898837709858,-0.005596211795092398,0.8071065989847716,0.7523364485981309,-0.05477015038664068,0.673728813559322,0.6822033898305084,0.008474576271186418,0.7344110854503464,0.7155555555555555,-0.01885552989479089,0.7108680559680943,0.686136527023292,-0.02473152894480235
ZNF786,GSM5213826,95,MTL,2,0.9649466666666666,0.9653893333333332,0.00044266666666659127,0.963692486203475,0.9648397246600452,0.0011472384565701654,0.8975,0.8991666666666667,0.0016666666666667052,0.8883099967437317,0.8819776714513556,-0.00633232529237604,0.9093333333333333,0.9216666666666666,0.012333333333333307,0.8986987316751771,0.9013854930725348,0.0026867613973576843,0.7952227377394474,0.7991428755332365,0.00392013779378908
ZNF790,GSM2466663,10302,MTL,21,0.8558328606541881,0.9720173945925504,0.11618453393836237,0.7451652207624319,0.8966150364285775,0.15144981566614568,0.9100346020761245,0.9307958477508652,0.02076124567474069,0.7297297297297297,0.7948717948717948,0.06514206514206511,0.627906976744186,0.7209302325581395,0.09302325581395343,0.675,0.7560975609756098,0.08109756097560972,0.6255017560642929,0.717045286654665,0.09154353059037212
ZNF791,GSM2828913,10310,MTL,10,0.9544384624854256,0.9657135564740832,0.011275093988657559,0.9128756821571817,0.9345786502357752,0.02170296807859351,0.9219330855018587,0.936555142503098,0.014622057001239308,0.8903365906623235,0.8985655737704918,0.00822898310816833,0.793036750483559,0.8481624758220503,0.05512572533849125,0.8388746803069054,0.872636815920398,0.033762135613492616,0.7898853289905627,0.8310528781960999,0.04116754920553711
ZNF792,GSM2533985,10303,MTL,21,0.9619542222222224,0.9738074444444446,0.011853222222222182,0.954517731781507,0.9710484541375894,0.01653072235608244,0.8605,0.9168333333333332,0.056333333333333124,0.9463475030953363,0.923181049069374,-0.02316645402596229,0.7643333333333333,0.9093333333333332,0.1449999999999999,0.8456573852111378,0.9162048698572628,0.07054748464612504,0.7347174289593714,0.8337604699962753,0.09904304103690387
ZNF793,GSM2466666,10313,MTL,7,0.9861972777777777,0.9856104444444446,-0.0005868333333330922,0.9865762392807924,0.9854050949497568,-0.0011711443310356007,0.9448333333333333,0.9465,0.0016666666666667052,0.9373975745657162,0.9563884156729132,0.018990841107197065,0.9533333333333334,0.9356666666666666,-0.01766666666666672,0.9452982978020162,0.9459140690817186,0.0006157712797023596,0.889795251371406,0.8932096807724385,0.003414429401032426
ZNF799,GSM2466668,10308,MTL,15,0.9341564401875686,0.935912401476604,0.0017559612890354348,0.8034736149515093,0.8267035973925786,0.02322998244106933,0.9444829979181124,0.9507286606523248,0.006245662734212343,0.8015873015873016,0.9047619047619048,0.10317460317460314,0.6474358974358975,0.6089743589743589,-0.03846153846153855,0.7163120567375887,0.7279693486590039,0.01165729192141518,0.6907358106664214,0.7186697473804933,0.02793393671407185
ZNF79,GSM2466669,10305,MTL,20,0.8512042500674921,0.7982925902051206,-0.05291165986237156,0.6572299619242011,0.5957900706071938,-0.061439891317007334,0.8992614475627769,0.8927621861152142,-0.006499261447562743,0.7554858934169278,0.8341232227488151,0.07863732933188727,0.4781746031746032,0.3492063492063492,-0.128968253968254,0.5856622114216282,0.4923076923076923,-0.09335451911393594,0.5496407875320762,0.4963026304364106,-0.05333815709566564
ZNF7,GSM5214321,10305,MTL,20,0.9684336666666666,0.972608,0.004174333333333391,0.9653963248628076,0.970387118077222,0.004990793214414424,0.901,0.9088333333333334,0.007833333333333359,0.9023411371237459,0.9263121306916928,0.023970993567946963,0.8993333333333333,0.8883333333333333,-0.01100000000000001,0.9008347245409015,0.9069253020248426,0.00609057748394104,0.8020044555926855,0.8183547831645052,0.016350327571819645
ZNF805,GSM2466671,10322,MTL,5,0.9351562322978271,0.9748600820247888,0.039703849726961726,0.8384293625673251,0.906763250339701,0.06833388777237581,0.955491744436468,0.968413496051687,0.012921751615219024,0.9157894736842105,0.8489208633093526,-0.06686861037485792,0.6170212765957447,0.8368794326241135,0.21985815602836878,0.7372881355932204,0.8428571428571429,0.10556900726392249,0.7306203695484046,0.8253262996736218,0.09470593012521722
ZNF808,GSM2466672,10309,MTL,12,0.9594151034151035,0.9649206349206348,0.005505531505531347,0.9026468090096106,0.9180779551897404,0.015431146180129862,0.933658272407257,0.94286487950176,0.00920660709450305,0.8578274760383386,0.887459807073955,0.029632331035616355,0.7748917748917749,0.7965367965367965,0.02164502164502169,0.8142532221379833,0.8395437262357415,0.025290504097758126,0.7754801200227002,0.8066514794738117,0.03117135945111149
ZNF816,GSM6372196,10309,MTL,12,0.9621631111111111,0.9709493333333332,0.00878622222222214,0.9592107687776329,0.9688504677172076,0.009639698939574726,0.8668333333333333,0.902,0.03516666666666668,0.951579811243332,0.860430364614465,-0.09114944662886704,0.773,0.9596666666666668,0.18666666666666676,0.8530439580651095,0.9073432083202017,0.05429925025509219,0.7469376772228774,0.8094012595633486,0.062463582340471224
ZNF81,GSM2466674,10320,MTL,5,0.9759004966818315,0.9917609249133936,0.015860428231562085,0.9422740483685647,0.9629069723417804,0.0206329239732157,0.982899893124332,0.9807623797648736,-0.002137513359458443,0.9340659340659341,0.9110320284697508,-0.023033905596183235,0.8947368421052632,0.8982456140350877,0.0035087719298245723,0.9139784946236559,0.9045936395759716,-0.00938485504768427,0.9047476512554847,0.8939245378552242,-0.010823113400260542
ZNF823,GSM2466675,10308,MTL,15,0.9476068601583112,0.9559995602462622,0.00839270008795101,0.8827782481715205,0.904937860044504,0.022159611872983542,0.9201703033528472,0.9329430548163916,0.012772751463544396,0.8021108179419525,0.8990536277602523,0.09694280981829984,0.8021108179419525,0.7519788918205804,-0.05013192612137207,0.8021108179419525,0.8189655172413793,0.016854699299426845,0.7521108179419526,0.7828919675536393,0.030781149611686764
ZNF837,GSM2423882,104,MTL,16,0.9638284745762713,0.9663814689265536,0.002552994350282334,0.9440295641370723,0.9472419814581724,0.003212417321100114,0.9235754189944134,0.9217877094972068,-0.0017877094972066354,0.8840677966101695,0.9014989293361884,0.017431132726018816,0.8840677966101695,0.856271186440678,-0.02779661016949153,0.8840677966101695,0.8783031988873435,-0.005764597722826004,0.8270677966101695,0.8213268749831377,-0.00574092162703177
ZNF83,GSM5214276,10311,MTL,9,0.9753943333333335,0.981132888888889,0.00573855555555558,0.9706567864807201,0.9799751214723528,0.009318334991632704,0.9136666666666666,0.9295,0.015833333333333366,0.9397590361445783,0.9265143992055612,-0.013244636939017118,0.884,0.933,0.049000000000000044,0.9110271384403985,0.929745889387145,0.018718750946746465,0.828793480259471,0.8590210462734537,0.030227566013982687
ZNF846,GSM2466676,10312,MTL,8,0.9714153725880389,0.9796808926477382,0.008265520059699272,0.966257236781354,0.9694407033718724,0.00318346659051838,0.9548872180451128,0.9598997493734336,0.005012531328320802,0.970954356846473,0.9358490566037736,-0.03510530024269942,0.8897338403041825,0.9429657794676806,0.05323193916349811,0.9285714285714286,0.9393939393939394,0.010822510822510845,0.8975212685661185,0.9094466050259272,0.011925336459808755
ZNF84,GSM2466677,10304,MTL,20,0.9824256736300333,0.9819320314865274,-0.0004936421435058902,0.9804532361004933,0.980740074571266,0.0002868384707727101,0.9429065743944637,0.9448289119569396,0.0019223375624759509,0.9662261380323054,0.9723729649728664,0.006146826940561012,0.896457765667575,0.8950953678474114,-0.0013623978201635634,0.930035335689046,0.9321352565618348,0.002099920872788874,0.8836945951680663,0.8879471892987182,0.004252594130651932
ZNF850,GSM5669572,10302,MTL,21,0.9737546666666665,0.98424,0.010485333333333458,0.9737267537232047,0.9841639394328748,0.010437185709670116,0.908,0.9366666666666666,0.028666666666666618,0.93342776203966,0.9372496662216288,0.003821904181968705,0.8786666666666667,0.936,0.05733333333333335,0.9052197802197802,0.9366244162775184,0.03140463605773813,0.8174078805865634,0.8733341096306647,0.05592622904410127
ZNF85,GSM2026800,10306,MTL,20,0.9551226415094339,0.9687264150943397,0.01360377358490572,0.8882147045768111,0.9070255746902656,0.018810870113454503,0.9506702412868633,0.953887399463807,0.0032171581769436797,0.9390862944162437,0.8808510638297873,-0.05823523058645641,0.6981132075471698,0.7811320754716982,0.0830188679245284,0.8008658008658008,0.828,0.027134199134199122,0.7844886629751986,0.803413929287516,0.01892526631231739
ZNF860,GSM2466679,10309,MTL,12,0.9571024335031126,0.9794567062818336,0.02235427277872093,0.8939795639940447,0.9320285791475204,0.038049015153475696,0.9281183932346723,0.9408033826638478,0.012684989429175508,0.7864077669902912,0.8217821782178217,0.03537441122753049,0.8709677419354839,0.8924731182795699,0.021505376344086002,0.826530612244898,0.8556701030927835,0.029139490847885474,0.7829667879515987,0.8196182713338209,0.03665148338222224
ZNF879,GSM2466680,10317,MTL,6,0.9070832715738297,0.912478581804168,0.005395310230338235,0.7439370906399669,0.7604337614973266,0.01649667085735962,0.9351791530944625,0.9482084690553746,0.013029315960912058,0.6698717948717948,0.8201754385964912,0.1503036437246964,0.6852459016393443,0.6131147540983607,-0.0721311475409836,0.6774716369529984,0.701688555347092,0.024216918394093567,0.6414966750307981,0.6825386713599247,0.04104199632912664
ZNF880,GSM2466681,10311,MTL,9,0.9195546558704454,0.9460323886639675,0.02647773279352217,0.8068488645849956,0.8652779217580169,0.05842905717302127,0.9258426966292135,0.9415730337078652,0.01573033707865168,0.9210526315789473,0.9148936170212766,-0.006159014557670761,0.5384615384615384,0.6615384615384615,0.12307692307692308,0.6796116504854369,0.7678571428571429,0.08824549237170598,0.6705011788241074,0.7480783787497797,0.07757719992567225
ZNF883,GSM5331233,10305,MTL,20,0.9825520555555555,0.9863838333333332,0.0038317777777777673,0.9806474435836955,0.985310803189742,0.004663359606046469,0.9265,0.9333333333333332,0.006833333333333247,0.9383350462487153,0.9212572909915748,-0.017077755257140503,0.913,0.9476666666666668,0.034666666666666734,0.9254941713127217,0.9342753861321064,0.008781214819384653,0.8533110885980276,0.8670229899993634,0.013711901401335824
ZNF891,GSM5213974,10315,MTL,7,0.9797161666666667,0.9809895555555556,0.0012733888888888378,0.9740973723505074,0.977170046944248,0.0030726745937406097,0.9281666666666667,0.9271666666666668,-0.0009999999999998899,0.8997821350762527,0.9273091030343448,0.027526967958092063,0.9636666666666667,0.927,-0.036666666666666625,0.9306293256075969,0.9271545257542924,-0.0034747998533045665,0.8584999162581256,0.8543333807963002,-0.004166535461825438
ZNF8,GSM5331012,10315,MTL,7,0.9321433333333332,0.9381025555555556,0.005959222222222338,0.9402907163194874,0.945190324902447,0.00489960858295968,0.8531666666666666,0.863,0.00983333333333336,0.9086000771307366,0.8826423049894588,-0.025957772141277813,0.7853333333333333,0.8373333333333334,0.052000000000000046,0.842481673520472,0.8593910366062265,0.016909363085754525,0.7129246507452037,0.7269584399466484,0.014033789201444713
ZNF90,GSM2466684,10316,MTL,7,0.952827846467054,0.9939917572868564,0.04116391081980242,0.9256781017331024,0.976765299913234,0.05108719818013163,0.9782608695652174,0.9847826086956522,0.006521739130434745,0.9534883720930233,0.9375,-0.015988372093023284,0.8367346938775511,0.9183673469387756,0.08163265306122458,0.8913043478260869,0.9278350515463918,0.03653070372030487,0.8815995955461747,0.9193916471923445,0.03779205164616972
ZNF92,GSM1463921,10306,MTL,20,0.9467854444444445,0.9440934444444444,-0.0026920000000000277,0.9535321022575496,0.9495472815328452,-0.003984820724704408,0.877,0.8631666666666666,-0.013833333333333364,0.8929812369701181,0.9244253992987924,0.03144416232867431,0.8566666666666667,0.791,-0.06566666666666665,0.8744470908472269,0.8525238009700018,-0.02192328987722514,0.7546242486053707,0.7340191562904743,-0.02060509231489638
ZNF93,GSM2466685,10316,MTL,7,0.9805131350496379,0.9812513976444353,0.0007382625947973676,0.9597038934383306,0.960959377829208,0.001255484390877415,0.9484924623115578,0.9449748743718592,-0.0035175879396985854,0.9048117154811716,0.8869653767820774,-0.017846338699094133,0.8835546475995915,0.8896833503575077,0.006128702757916216,0.8940568475452196,0.8883222845486997,-0.005734562996519976,0.8601443578699406,0.8518180685490523,-0.008326289320888303
ZSCAN12,GSM5669608,10301,MTL,23,0.9685785,0.980670111111111,0.012091611111111011,0.9676887642311802,0.9797709392137584,0.012082174982578131,0.9068333333333334,0.933,0.02616666666666667,0.8920655316415034,0.9424386920980926,0.05037316045658924,0.9256666666666666,0.9223333333333332,-0.0033333333333334103,0.9085555373793555,0.932277628032345,0.02372209065298958,0.8142444876817172,0.8661971304008405,0.051952642719123254
ZSCAN16,GSM2026868,10301,MTL,23,0.9758102222222221,0.9767360555555558,0.0009258333333336255,0.9800509087939088,0.9806770973927292,0.0006261885988204652,0.93,0.9345,0.0044999999999999485,0.9584221748400853,0.9591405424445228,0.0007183676044375531,0.899,0.9076666666666666,0.0086666666666666,0.9277605779153767,0.9326939544442542,0.004933376528877487,0.8616577006849456,0.8702541179281353,0.008596417243189713
ZSCAN20,GSM2423936,100,MTL,5,0.9257464444444445,0.9263324444444444,0.0005859999999998644,0.9260601104305346,0.9276258861778678,0.0015657757473331868,0.8508333333333333,0.8558333333333333,0.0050000000000000044,0.8779174147217235,0.8700173310225303,-0.00790008369919315,0.815,0.8366666666666667,0.021666666666666723,0.8452895419187554,0.8530161427357689,0.007726600817013485,0.7034755566330896,0.7121901209424089,0.008714564309319273
ZSCAN21,GSM2825590,10301,MTL,23,0.9170794444444443,0.9305799444444444,0.013500500000000026,0.9218830255549553,0.9351617942750998,0.013278768720144551,0.8211666666666667,0.8518333333333333,0.03066666666666662,0.9165585819282317,0.8999621068586586,-0.01659647506957307,0.7066666666666667,0.7916666666666666,0.08499999999999996,0.7980425371729719,0.8423479340308565,0.044305396857884594,0.6598683973369353,0.7088172562475579,0.04894885891062262
ZSCAN22,GSM2026754,10301,MTL,23,0.9695713384292368,0.9650080165780606,-0.00456332185117625,0.9482320749040627,0.9451270307244688,-0.0031050441795938966,0.9048643994834266,0.9078777442961689,0.0030133448127422913,0.8377316114542392,0.946441672780631,0.10871006132639172,0.9069908814589666,0.78419452887538,-0.12279635258358657,0.8709865732632808,0.8577127659574468,-0.01327380730583394,0.7974001327796071,0.7981260399094889,0.0007259071298818531
ZSCAN23,GSM2423872,10301,MTL,23,0.9296997977635023,0.9383881156316918,0.008688317868189466,0.9324172608165987,0.9424837695949072,0.010066508778308503,0.8478110996208204,0.8648741813167873,0.01706308169596693,0.9002920317062996,0.9152263374485596,0.014934305742260068,0.7701641684511064,0.793718772305496,0.023554603854389677,0.8301596460857857,0.8501529051987767,0.01999325911299099,0.700751811848907,0.7343734903701643,0.0336216785212573
ZSCAN26,GSM2827159,10301,MTL,23,0.9579118246687055,0.9668993374108054,0.008987512742099857,0.9315894545046511,0.9441503477946358,0.012560893289984665,0.9206128133704735,0.9250232126276694,0.004410399257195885,0.8833333333333333,0.9301310043668122,0.04679767103347887,0.8509174311926605,0.8142201834862385,-0.03669724770642202,0.866822429906542,0.8683245006114961,0.001502070704954117,0.8105902940996962,0.8197704044206946,0.009180110320998414
ZSCAN29,GSM5214069,100,MTL,5,0.954026,0.9562197777777778,0.002193777777777739,0.9481705714297552,0.950881107761852,0.0027105363320967246,0.8813333333333333,0.891,0.009666666666666712,0.9147933284989123,0.890479360852197,-0.02431396764671523,0.841,0.8916666666666667,0.05066666666666675,0.8763459534560611,0.891072618254497,0.014726664798435873,0.7651602210340495,0.782000695112038,0.0168404740779885
ZSCAN2,GSM2574782,104,MTL,16,0.9160516389025563,0.9378978155775792,0.021846176675022977,0.7665846561715747,0.8297887452047864,0.06320408903321173,0.8815139879319802,0.9007131102578168,0.019199122325836537,0.7003058103975535,0.8346774193548387,0.13437160895728528,0.659942363112392,0.5965417867435159,-0.06340057636887608,0.6795252225519288,0.6957983193277311,0.016273096775802243,0.607327766529497,0.6512892402216393,0.043961473692142206
ZSCAN30,GSM5214362,10301,MTL,23,0.9642615555555556,0.9801391111111112,0.01587755555555559,0.9644314041169725,0.9801685647266396,0.015737160609667122,0.897,0.9293333333333332,0.032333333333333214,0.8854368932038835,0.9354293441514536,0.0499924509475701,0.912,0.9223333333333332,0.010333333333333194,0.8985221674876848,0.9288351795904666,0.03031301210278181,0.7943575413585257,0.8587508283719727,0.06439328701344704
ZSCAN31,GSM5214630,10301,MTL,23,0.9759295555555555,0.9851417777777778,0.009212222222222288,0.9740430865409256,0.982156088846212,0.008113002305286332,0.9168333333333333,0.9425,0.025666666666666726,0.9200537453812563,0.945320362294532,0.025266616913275697,0.913,0.9393333333333334,0.02633333333333332,0.9165133009871173,0.9423173382377528,0.025804037250635514,0.833691168283822,0.8850177497006385,0.051326581416816563
ZSCAN32,GSM5214783,100,MTL,5,0.9309566160709677,0.9370618915090008,0.006105275438033075,0.860044995413082,0.8673538083567152,0.0073088129436331695,0.8963704630788486,0.8968710888610764,0.0005006257822277593,0.8145336225596529,0.8859416445623343,0.07140802200268137,0.755533199195171,0.6720321931589537,-0.08350100603621735,0.7839248434237995,0.7643020594965675,-0.019622783927232046,0.7167675073331136,0.7108291609863955,-0.005938346346718082
ZSCAN5A,GSM2423368,91,MTL,2,0.9527244444444445,0.9558642222222224,0.0031397777777779634,0.957625968159203,0.960602435649132,0.002976467489928969,0.8846666666666667,0.8831666666666667,-0.0015000000000000568,0.9283593170007424,0.8709261051952243,-0.05743321180551808,0.8336666666666667,0.8996666666666666,0.06599999999999995,0.8784685634000703,0.8850631251024759,0.006594561702405577,0.7733669067374219,0.7667509429469554,-0.0066159637904664725
ZSCAN5C,GSM2828682,91,MTL,2,0.9021865555555555,0.9034621111111112,0.0012755555555556963,0.9042626126662398,0.9032774711678389,-0.0009851414984008988,0.8201666666666667,0.8105,-0.009666666666666712,0.8486388384754991,0.7697654213727194,-0.07887341710277973,0.7793333333333333,0.886,0.10666666666666669,0.8125108601216333,0.8238028823802882,0.011292022258654888,0.6424794079600183,0.6282031261159546,-0.01427628184406371
ZSCAN9,GSM2534346,10301,MTL,23,0.9563152222222222,0.9737480000000002,0.017432777777777964,0.9493487157088223,0.968777045308163,0.01942832959934071,0.8831666666666667,0.9228333333333332,0.03966666666666652,0.9190667152752461,0.9146779993461917,-0.004388715929054432,0.8403333333333334,0.9326666666666666,0.09233333333333327,0.877938359742295,0.9235847499587392,0.04564639021644423,0.7691608809625362,0.8458302566599641,0.07666937569742793
Zbtb12,GSM5330759,129,MTL,3,0.9572455548053117,0.9587125815890164,0.0014670267837046946,0.9296215494316085,0.9350407410385388,0.005419191606930385,0.9087257308636465,0.9107342111135908,0.0020084802499442667,0.8988095238095238,0.8869005010737294,-0.011909022735794417,0.8156650911546253,0.8365968939905469,0.020931802835921665,0.8552212389380531,0.8610145934676859,0.00579335452963281,0.7907861701326544,0.7960863537879886,0.005300183655334245
Zbtb7a,GSM2771543,67,MTL,2,0.9658748888888891,0.9659986111111112,0.00012372222222212237,0.9636615132134693,0.9635249742337632,-0.0001365389797061134,0.897,0.9051666666666668,0.008166666666666766,0.9457335329341318,0.8932384341637011,-0.05249509877043068,0.8423333333333334,0.9203333333333332,0.07799999999999985,0.8910437235543018,0.9065834838285995,0.01553976027429771,0.798788624415655,0.8107063891445314,0.011917764728876401
Zbtb7b,GSM5214739,67,MTL,2,0.9616136666666668,0.9641260555555556,0.002512388888888828,0.9532746619878026,0.9583460961747892,0.005071434186986523,0.8993333333333333,0.899,-0.0003333333333332966,0.8791139240506329,0.8904109589041096,0.011297034853476662,0.926,0.91,-0.016000000000000014,0.9019480519480519,0.9000989119683481,-0.0018491399797038177,0.7998049771202221,0.798193186129394,-0.001611790990828088
Zfp3,GSM6372573,10305,MTL,20,0.9586347331583551,0.9696391951006124,0.011004461942257238,0.9435504979722735,0.957444653372344,0.01389415540007044,0.9023445463812436,0.9215086646279308,0.01916411824668718,0.9064994298745724,0.9166666666666666,0.010167236792094192,0.8346456692913385,0.8776902887139107,0.043044619422572206,0.8690899152773982,0.8967551622418879,0.027665246964489687,0.793143980819938,0.8340032932945768,0.04085931247463881
Zfp42,GSM2026848,81,MTL,3,0.942598413411166,0.9423738961233348,-0.00022451728783123848,0.8876496891700881,0.8878924090804261,0.00024271991033797402,0.9456869009584664,0.9456869009584664,0.0,0.9473684210526315,1.0,0.052631578947368474,0.7058823529411765,0.6666666666666666,-0.03921568627450989,0.8089887640449438,0.8,-0.008988764044943753,0.7895647749650349,0.7912303079628261,0.0016655329977912636
Zfp62,GSM5214642,10305,MTL,20,0.9642203354297695,0.9801293501048216,0.015909014675052124,0.9302136779584853,0.963208961451428,0.03299528349294267,0.9030501089324618,0.9320261437908496,0.028976034858387734,0.8381571175428234,0.9294354838709676,0.09127836632814423,0.8924528301886793,0.869811320754717,-0.02264150943396226,0.8644532439841608,0.898635477582846,0.03418223359868522,0.7900485205643442,0.8486432417256538,0.05859472116130959
Zhx1,GSM2424107,217,MTL,2,0.964928963888329,0.9680711219471736,0.0031421580588445464,0.9223874711992912,0.9238433008113822,0.0014558296120910086,0.902946273830156,0.9129116117850952,0.009965337954939146,0.951048951048951,0.816358024691358,-0.13469092635759305,0.6677577741407529,0.8657937806873978,0.19803600654664488,0.7846153846153846,0.840349483717236,0.05573409910185134,0.7433009004515186,0.7811833549264323,0.037882454474913674
Zic2,GSM2828565,68,MTL,2,0.9626034444444443,0.9630372777777776,0.0004338333333332445,0.9569569080308983,0.9582760305170192,0.0013191224861208717,0.9045,0.902,-0.0024999999999999467,0.8834123222748815,0.894375408763898,0.01096308648901645,0.932,0.9116666666666666,-0.020333333333333425,0.9070559610705596,0.9029382634532848,-0.004117697617274874,0.8102263955874447,0.8041503008023042,-0.0060760947851404845
