TF_Name,GSM_ID,Cluster_ID,Cluster_Type,TF_Count_in_Cluster,Single_Test_ROC_AUC,MTL_Test_ROC_AUC,Delta_ROC_AUC,Single_F1
ADNP,GSM5215548,479,Single,1,0.9432364444444445,0.9422827777777776,-0.0009536666666669635,0.85817680510081
AFF1,GSM2364545,630,Single,1,0.977637888888889,0.9777579444444444,0.00012005555555538727,0.9314575494847047
AFF4,GSM1405081,631,Single,1,0.9553618888888891,0.9529811111111112,-0.0023807777777778982,0.8746498599439776
AHR,GSM4558333,384,Single,1,0.978491111111111,0.9775215555555556,-0.0009695555555553348,0.9392779903510231
AKNA,GSM5215207,608,Single,1,0.9583774946921444,0.9579674451521584,-0.0004100495399860238,0.8665926748057714
ARID1B,GSM2424019,617,MTL,2,0.9238270000000001,0.9236237777777778,-0.0002032222222222435,0.8339350180505415
ARID3A,GSM2574781,744,Single,1,0.9333793103448277,0.932878881454795,-0.0005004288900326559,0.8128430296377607
ARID3B,GSM5215174,745,Single,1,0.9484352473278648,0.9575172756649266,0.009082028337061843,0.8317651486639067
ARID4A,GSM5215315,558,Single,1,0.9729025555555555,0.9729761111111112,7.355555555565996e-05,0.9008761381205979
ARID4B,GSM2534717,559,Single,1,0.9668463333333333,0.9655311666666666,-0.001315166666666645,0.8916955017301038
ARNT,GSM1462476,504,Single,1,0.9618611111111113,0.96375,0.0018888888888887179,0.8871080139372822
AR,GSM980658,741,Single,1,0.9489004444444444,0.9514245,0.002524055555555571,0.880852437843074
ATF1,GSM1861935,495,MTL,2,0.9659127777777778,0.9732864444444445,0.007373666666666612,0.8984388114822898
ATF3,GSM1917770,650,Single,1,0.9847919444444444,0.9836973888888888,-0.0010945555555555986,0.9385346664481232
ATF6,GSM5214216,434,Single,1,0.963138,0.9622262222222222,-0.0009117777777778446,0.9039934800325998
ATF7,GSM2828822,652,MTL,2,0.9486081666666666,0.9458697777777778,-0.0027383888888887764,0.8663082437275985
ATOH8,GSM5215678,540,Single,1,0.9307513225646008,0.9321607347470832,0.0014094121824823613,0.722397476340694
Aebp2,GSM3908365,564,Single,1,0.8762923351158645,0.8253119429590018,-0.050980392156862675,0.5625
Arid1a,GSM3499207,617,MTL,2,0.9325931111111111,0.9345602777777776,0.00196716666666652,0.8509038840164668
Arid2,GSM2495986,503,Single,1,0.9612596666666667,0.9618415555555556,0.0005818888888888818,0.899666139518538
Arid5b,GSM2797486,641,Single,1,0.9206357777777778,0.917126,-0.003509777777777834,0.8081031307550645
Arntl,GSM2983900,505,Single,1,0.9526798888888888,0.9532743333333332,0.000594444444444453,0.9016527573228604
Ascl1,GSM4654881,748,Single,1,0.9807988888888888,0.9802233888888888,-0.000575499999999951,0.9237141870900932
Atf2,GSM2824378,652,MTL,2,0.9931887222222221,0.9929646666666668,-0.00022405555555526924,0.9808403361344538
Atf4,GSM4066026,404,Single,1,0.898126,0.8969902777777778,-0.0011357222222221353,0.8076066472502998
Atf5,GSM5214942,603,Single,1,0.9729143888888889,0.9735625555555556,0.0006481666666666719,0.8960878031510002
BATF2,GSM1643142,400,Single,1,0.9275491949910554,0.9015461282903144,-0.02600306670074093,0.6292134831460674
BATF,GSM803538,398,Single,1,0.9535002222222222,0.9551452222222224,0.0016450000000002296,0.8879135719108711
BCL6B,GSM2827437,349,MTL,2,0.9010600255427843,0.9093595146871007,0.008299489144316441,0.8084512656966315
BCL6,GSM763404,349,MTL,2,0.9708852222222222,0.9727280555555556,0.0018428333333334601,0.923921821999677
BNC2,GSM5330896,639,Single,1,0.8950461111111111,0.8886821666666667,-0.006363944444444436,0.8107387026846756
Bach1,GSM2827284,388,Single,1,0.9591107222222223,0.9586226666666668,-0.00048805555555542224,0.8937779305603301
Bach2,GSM5667482,550,Single,1,0.902347757284732,0.8890374331550802,-0.01331032412965183,0.6462882096069869
Batf3,GSM4815741,399,Single,1,0.9641859999999999,0.9641520555555556,-3.394444444426714e-05,0.9105191256830601
Bcl11a,GSM803388,55,Single,1,0.9517007777777777,0.949326388888889,-0.0023743888888887454,0.885408342656225
Bclaf1,GSM803509,637,Single,1,0.9456355,0.950387388888889,0.004751888888889,0.8768939393939394
Bhlhe40,GSM2828892,581,MTL,2,0.9625945555555555,0.9616176666666668,-0.000976888888888694,0.9063282684922358
Bhlhe41,GSM2515691,581,MTL,2,0.9211925925925926,0.9121654320987652,-0.009027160493827346,0.7065420560747664
Brg,GSM3526000,582,Single,1,0.9291787222222222,0.9299925555555556,0.0008138333333334025,0.8549214226633581
CAMTA2,GSM5330758,615,Single,1,0.9712709999999998,0.9712147777777778,-5.622222222201323e-05,0.9127906976744186
CASZ1,GSM2667962,611,Single,1,0.9806851666666667,0.980819111111111,0.00013394444444425613,0.9327338751513056
CBFB,GSM5214672,773,Single,1,0.9647706666666667,0.965484777777778,0.0007141111111113041,0.8664635239290195
CC2D1A,GSM2827292,606,Single,1,0.9263406111111112,0.9267152222222222,0.00037461111111103396,0.8608005185545292
CDX2,GSM3175501,709,Single,1,0.9607002222222221,0.9621098333333332,0.0014096111111111531,0.8925564163017851
CDX4,GSM5667453,710,Single,1,0.9135590717299579,0.9109198312236289,-0.0026392405063290214,0.7494456762749445
CEBPA,GSM3392789,642,Single,1,0.9478951111111112,0.9507293333333334,0.0028342222222221825,0.8866048862679022
CEBPD,GSM5214881,644,Single,1,0.9672530555555555,0.968157777777778,0.0009047222222224871,0.9063657797238127
CEBPZ,GSM2423746,396,Single,1,0.9350806020099426,0.941034546498166,0.005953944488223395,0.837037037037037
CENPA,GSM1053820,506,Single,1,0.9582153931339978,0.9578073089700996,-0.0004080841638982591,0.8225108225108225
CENPT,GSM1709885,405,Single,1,0.896577452584962,0.9105311928372004,0.013953740252238389,0.7330677290836654
CENPX,GSM5669176,426,Single,1,0.9496890774189625,0.9514048531289908,0.0017157757100283444,0.7958762886597938
CREB3L1,GSM2423031,498,Single,1,0.9451214444444445,0.9448318888888888,-0.00028955555555565393,0.8487258268570396
CREB3,GSM5214674,497,Single,1,0.969248232229252,0.9677219327626846,-0.00152629946656746,0.9015985790408526
CREM,GSM2527443,496,Single,1,0.9779438888888888,0.9796984444444444,0.0017545555555555925,0.9284984678243106
CSDC2,GSM5331228,22,Single,1,0.8872771666666666,0.8892753333333334,0.0019981666666668563,0.79628400796284
CSDE1,GSM2825437,16,Single,1,0.9102010323281717,0.9044688943221952,-0.005732138005976495,0.7776096822995462
CSRNP3,GSM5379224,555,Single,1,0.8698036752733193,0.8593957897185392,-0.010407885554780005,0.6232876712328768
CTCFL,GSM1817667,115,Single,1,0.9950574444444445,0.9942653333333334,-0.0007921111111111045,0.9694581280788177
CUX1,GSM5508477,392,Single,1,0.9579798888888887,0.9593493888888888,0.0013695000000000235,0.8950407608695652
Cebpb,GSM1684643,643,Single,1,0.9867755555555555,0.9874758333333332,0.0007002777777777025,0.9581568693884466
Cebpg,GSM2534241,645,Single,1,0.970779888888889,0.969732,-0.0010478888888889593,0.9151860543077439
Clock,GSM4304355,528,Single,1,0.8510192222222221,0.8470267777777779,-0.003992444444444243,0.7422644163150492
Creb1,GSM1861929,495,MTL,2,0.9762961666666666,0.981133,0.004836833333333401,0.9109766637856526
Creb5,GSM4087688,653,Single,1,0.9604121111111112,0.9600753333333334,-0.00033677777777785245,0.8945612278945613
Ctcf,GSM3094388,116,Single,1,0.9875368333333333,0.9877391111111112,0.0002022777777779261,0.952286282306163
DBP,GSM5331377,519,Single,1,0.9682977893368011,0.9670043346337236,-0.0012934547030775123,0.8833557649170032
DDIT3,GSM3027229,6,Single,1,0.9494603333333334,0.951471722222222,0.002011388888888632,0.8676470588235294
DEAF1,GSM5214710,578,Single,1,0.9665783333333333,0.9702958333333336,0.0037175000000002623,0.9114754098360656
DLX4,GSM5213952,717,MTL,2,0.8968101152081126,0.889999445694064,-0.006810669514048628,0.6376237623762376
DLX6,GSM5214395,717,MTL,2,0.9580163888888888,0.9566896111111112,-0.0013267777777776768,0.8948406178113704
DMTF1,GSM5214210,678,Single,1,0.9665095404984423,0.9661505062305296,-0.00035903426791272786,0.8751500600240096
DUX4,GSM837613,706,Single,1,0.995865,0.9961642222222222,0.0002992222222222285,0.9889595182335229
E2F1,GSM2501567,573,Single,1,0.9545632222222223,0.9556391666666668,0.0010759444444444766,0.8917154811715481
E2F2,GSM5213912,572,MTL,2,0.979126611111111,0.9784705555555556,-0.0006560555555553682,0.9224240366661008
E2F3,GSM5214110,572,MTL,2,0.9642392835731416,0.966339628297362,0.002100344724220382,0.8750885478158206
E2F4,GSM5215179,571,MTL,2,0.982764388888889,0.9839645555555556,0.0012001666666666688,0.9371771371438093
E2F5,GSM5214544,571,MTL,2,0.9823302222222223,0.9841956666666668,0.001865444444444475,0.9180672268907563
E2F7,GSM991660,476,Single,1,0.945352888888889,0.9422385555555556,-0.003114333333333441,0.8736989280720833
E2f6,GSM701863,574,Single,1,0.9803497777777779,0.980164,-0.00018577777777784021,0.9286666666666666
E4F1,GSM5369620,71,Single,1,0.8989300369996636,0.8972954927682477,-0.0016345442314158465,0.7274969173859432
EBF1,GSM5071691,787,MTL,2,0.9716647222222223,0.9748535555555556,0.0031888333333333074,0.9198284394589245
EBF3,GSM2410317,787,MTL,2,0.9439465555555555,0.9470771111111111,0.0031305555555556364,0.8693724420190996
EGR1,GSM5214022,82,Single,1,0.9818607777777777,0.9811098333333332,-0.0007509444444444568,0.9321692411014103
EGR3,GSM2026802,81,MTL,2,0.9920887777777777,0.9936663333333332,0.0015775555555554988,0.9633699633699634
ELF1,GSM1010764,409,Single,1,0.9670304999999999,0.9693174444444446,0.0022869444444446607,0.8986498034524013
ELF2,GSM5374824,411,Single,1,0.9175724444444444,0.9173160555555556,-0.0002563888888887922,0.829120683517266
ELF3,GSM1574273,412,Single,1,0.9345648888888888,0.933915,-0.0006498888888887278,0.8144075829383887
ELK3,GSM5215532,420,Single,1,0.8785488114362879,0.8699739237736025,-0.008574887662685438,0.5971107544141252
ELK4,GSM5668838,421,Single,1,0.9796576187625733,0.9794281285981488,-0.0002294901644245284,0.9143593045717965
EMX1,GSM1327160,726,Single,1,0.9875229444444444,0.987138,-0.0003849444444444794,0.9541523902757383
EN1,GSM3422095,728,Single,1,0.9669995742869306,0.9691583652618136,0.002158790974883029,0.8865295288652952
ERF,GSM2797516,423,Single,1,0.9685988888888888,0.9693743333333332,0.0007754444444444397,0.9152099330174808
ESR2,GSM542548,456,Single,1,0.9880483333333332,0.9883039444444444,0.00025561111111116475,0.9407253554880971
ESRRA,GSM2160188,455,MTL,3,0.9485928888888888,0.952004,0.0034111111111111425,0.8857621440536013
ESRRG,GSM3119070,455,MTL,3,0.9493836666666668,0.9495524444444444,0.0001687777777775734,0.8849529280357428
ETS1,GSM1252929,416,MTL,2,0.9724585555555555,0.972347222222222,-0.00011133333333346318,0.915615906886518
ETV1,GSM2127447,415,MTL,3,0.9592853333333333,0.9611445555555556,0.0018592222222222343,0.8948959032907992
ETV4,GSM738817,415,MTL,3,0.9096878889862154,0.932355969449695,0.022668080463479567,0.6155419222903885
ETV6,GSM2574796,432,Single,1,0.9599356666666667,0.9628335555555554,0.0028978888888886445,0.8922022279348758
Egr2,GSM2026759,81,MTL,2,0.9916694444444444,0.9935633333333332,0.0018938888888888616,0.962876643915432
Ehf,GSM3138380,413,Single,1,0.9520810555555556,0.9531593333333334,0.001078277777777803,0.890487087283426
Elf4,GSM5215543,410,Single,1,0.958320918435456,0.9554302496328928,-0.0028906688025631677,0.8792756539235412
Elf5,GSM773912,414,Single,1,0.9363025210084034,0.9321008403361344,-0.004201680672269004,0.78125
Elk1,GSM5213949,422,Single,1,0.9674066666666666,0.9647085,-0.002698166666666668,0.8905620731920855
Eomes,GSM640691,753,Single,1,0.9581153333333332,0.956002111111111,-0.002113222222222211,0.8902939166097061
Epas1,GSM2501227,762,Single,1,0.9725163284587578,0.9718380299046993,-0.0006782985540585429,0.893908281998631
Erg,GSM585590,419,MTL,2,0.9854964811260397,0.9857380678182982,0.0002415866922584886,0.9523341523341523
Esr1,GSM3261517,457,Single,1,0.9528166666666666,0.954223,0.0014063333333333983,0.8808925204274042
Esrrb,GSM5214290,455,MTL,3,0.9158663316555227,0.9142711716849464,-0.0015951599705762431,0.7040498442367601
Ets2,GSM2298952,416,MTL,2,0.9307413600891861,0.9286510590858416,-0.002090301003344508,0.7628865979381443
Etv2,GSM3516725,417,Single,1,0.9796977241615332,0.9808561772758384,0.0011584531143051802,0.9283154121863799
Etv5,GSM5215523,415,MTL,3,0.9686251111111112,0.9697503333333332,0.0011252222222219999,0.9031382527565733
FEZF1,GSM2424023,43,Single,1,0.8993236666666669,0.8971052777777777,-0.0022183888888891445,0.821697803998689
FOSB,GSM610337,646,Single,1,0.987919,0.9865920555555556,-0.0013269444444443668,0.9526889040163377
FOSL1,GSM1010756,649,Single,1,0.9524233333333333,0.9497191111111112,-0.002704222222222108,0.8779709116708052
FOS,GSM3184658,648,Single,1,0.9818330555555556,0.9831056666666668,0.0012726111111112104,0.940327868852459
FOXA1,GSM1716765,686,MTL,3,0.9639493333333333,0.9713563333333332,0.00740699999999983,0.9054032127210774
FOXA2,GSM2977503,686,MTL,3,0.9556061111111112,0.9545420555555554,-0.0010640555555557762,0.8906224605883309
FOXJ3,GSM5213944,691,Single,1,0.9452607222222222,0.944604,-0.0006567222222222391,0.8775307002987056
FOXK2,GSM3898636,685,MTL,2,0.956676611111111,0.9599635,0.0032868888888889503,0.8818652849740932
FOXM1,GSM1010731,695,Single,1,0.9307523333333333,0.9306691666666668,-8.316666666652317e-05,0.824580598103574
FOXN1,GSM4956501,683,Single,1,0.9715566666666667,0.9721169444444444,0.0005602777777776735,0.9162663006177076
FOXN3,GSM2462038,684,Single,1,0.9334325396825396,0.9422619047619046,0.008829365079365048,0.9069767441860465
FOXO1,GSM5214708,692,Single,1,0.962593888888889,0.9626254444444444,3.155555555545142e-05,0.8818149841716497
FOXP4,GSM5214072,681,MTL,3,0.9515468333333333,0.95455,0.003003166666666668,0.8816035332087651
FOXS1,GSM5215132,687,Single,1,0.8812684630738523,0.883309880239521,0.0020414171656686353,0.6446826051112943
Fli1,GSM2436677,419,MTL,2,0.9192601111111111,0.9136522222222224,-0.005607888888888635,0.8285714285714286
Fosl2,GSM5214172,647,Single,1,0.9638907777777779,0.9637006666666666,-0.00019011111111122414,0.8919715623374371
Foxa3,GSM2527454,686,MTL,3,0.9578035555555555,0.9597923333333334,0.0019887777777778393,0.8776223776223776
Foxc2,GSM3717669,688,Single,1,0.9565290093048713,0.953964696223317,-0.002564313081554248,0.8325754443985118
Foxd3,GSM2451236,689,Single,1,0.9304954304954305,0.9184704184704184,-0.01202501202501205,0.8
Foxf2,GSM5214218,690,Single,1,0.902982774049217,0.8973658836689038,-0.005616890380313211,0.8147375738616615
Foxh1,GSM727589,679,Single,1,0.9760987222222223,0.9757554444444444,-0.00034327777777787283,0.9216190170253774
Foxk1,GSM2797525,685,MTL,2,0.9578507777777777,0.960341388888889,0.0024906111111112628,0.8907131862493587
Foxo3,GSM2574751,693,Single,1,0.9686793333333333,0.9701702222222222,0.0014908888888888194,0.9102626067343322
Foxo4,GSM5331159,694,Single,1,0.9310025569282495,0.9310742893795516,7.173245130209782e-05,0.758765778401122
Foxp1,GSM3633494,681,MTL,3,0.9317045555555555,0.9342210555555556,0.0025165000000000326,0.8298145768312832
Foxp2,GSM803480,681,MTL,3,0.9856313333333334,0.9871148888888888,0.0014835555555553492,0.94119612429001
Foxp3,GSM3395256,682,Single,1,0.9107295,0.9106396666666668,-8.983333333312249e-05,0.8340136054421768
Foxr2,GSM2151469,408,Single,1,0.8856548856548857,0.8885135135135135,0.0028586278586277825,0.7346938775510204
GABPA,GSM803343,418,Single,1,0.9884014444444444,0.988133222222222,-0.0002682222222224473,0.9495628782784129
GABPB2,GSM5378799,513,MTL,2,0.9125927780659239,0.9078604260189936,-0.004732352046930233,0.6928104575163399
GATA1,GSM1278240,672,Single,1,0.9612647777777779,0.9620445555555556,0.0007797777777777126,0.8809984179996484
GATA3,GSM1010738,671,MTL,2,0.9162083333333334,0.9179726666666668,0.0017643333333333677,0.8389450986896666
GATAD1,GSM2527475,704,Single,1,0.9719016666666667,0.9724597222222222,0.0005580555555555478,0.8856786160156946
GATAD2A,GSM2534640,436,Single,1,0.9367219444444443,0.9306346111111112,-0.0060873333333331114,0.8673684210526316
GATAD2B,GSM1415923,437,Single,1,0.9671592222222223,0.969101611111111,0.0019423888888887575,0.913304164641063
GFI1B,GSM2423489,108,MTL,2,0.9028763586956521,0.9052427536231884,0.0023663949275363194,0.7709108960039712
GLI2,GSM3112048,67,Single,1,0.9692060555555556,0.9687595,-0.00044655555555561666,0.9066529138731305
GLI4,GSM5214704,330,Single,1,0.9749872029250457,0.9746926416819012,-0.000294561243144531,0.8918789043728976
GLIS2,GSM2423632,66,Single,1,0.9780353888888889,0.9782746666666666,0.00023927777777776882,0.9279811097992916
GMEB1,GSM5214268,768,Single,1,0.974540888888889,0.9746098888888888,6.89999999997637e-05,0.9069204152249135
GMEB2,GSM2534381,769,Single,1,0.9824810522895333,0.9841134535331004,0.0016324012435671165,0.9297023432552248
GPBP1L1,GSM5215723,429,Single,1,0.9365538347794251,0.9388020601920144,0.0022482254125892887,0.755741127348643
GRHL1,GSM4156315,14,MTL,2,0.9823320425208809,0.9871164009111618,0.004784358390280907,0.9263803680981595
GRHL3,GSM1034504,15,Single,1,0.9823557777777777,0.9815433333333332,-0.0008124444444445045,0.9458096013018714
GSC,GSM3982994,666,Single,1,0.9961874328678839,0.9963995703544576,0.00021213748657367137,0.9913793103448276
GTF3A,GSM5213922,114,Single,1,0.9624380714879467,0.9623747773423584,-6.329414558825519e-05,0.8905454545454545
GZF1,GSM5214475,119,Single,1,0.9521500555555555,0.9528246666666668,0.000674611111111223,0.8780236747297993
Gabpb1,GSM2534044,513,MTL,2,0.9903050065876153,0.9903253458498024,2.0339262187030194e-05,0.9661466976435447
Gata2,GSM3272024,671,MTL,2,0.9696302222222222,0.9702113333333336,0.0005811111111114764,0.9094574164286914
Gata4,GSM3271996,670,MTL,2,0.9418732222222223,0.9542288333333332,0.012355611111110942,0.866708780795957
Gata6,GSM3381975,670,MTL,2,0.9404443333333333,0.9515907777777778,0.011146444444444459,0.8667022601886457
Gfi1,GSM5214648,108,MTL,2,0.9486336111111111,0.9505642222222224,0.0019306111111112578,0.8746291959406713
Glis1,GSM2026832,64,Single,1,0.9726385,0.9720430555555556,-0.0005954444444443707,0.918195339613287
Glis3,GSM2946599,65,Single,1,0.9795111111111112,0.9794541111111112,-5.699999999997374e-05,0.9324369747899159
Grhl2,GSM3096457,14,MTL,2,0.9721865000000001,0.9752638888888888,0.0030773888888887546,0.8840733444461282
Gtf2i,GSM5378697,1,Single,1,0.9411854444444445,0.9410846666666668,-0.00010077777777772745,0.8618307426597582
HES1,GSM2574800,575,MTL,2,0.9581031029012395,0.9562747035573124,-0.0018283993439270896,0.7915465898174832
HES4,GSM5667709,575,MTL,2,0.9829900280112045,0.9828930532212884,-9.697478991610442e-05,0.9341337335334334
HES6,GSM1207903,576,Single,1,0.9725206111111111,0.974077,0.001556388888888871,0.9089347079037801
HEY1,GSM803448,580,MTL,2,0.9716195555555555,0.9698724444444444,-0.0017471111111110327,0.906980600232134
HEY2,GSM2183991,580,MTL,2,0.9312724014336917,0.9171594982078852,-0.014112903225806495,0.7176470588235294
HIC2,GSM6347221,369,Single,1,0.9621756666666668,0.962471111111111,0.00029544444444429274,0.9035947712418301
HIF1A,GSM1462475,763,Single,1,0.965493,0.964524,-0.0009689999999999976,0.8811089390438955
HINFP,GSM5215639,557,Single,1,0.9751455,0.9744549999999998,-0.0006905000000001493,0.9139316811788346
HIVEP1,GSM5215783,385,Single,1,0.9725595555555556,0.9735613333333332,0.001001777777777546,0.8993732590529248
HMG20A,GSM2527434,530,Single,1,0.9460937222222221,0.9452798333333334,-0.0008138888888886697,0.8700623700623701
HMGA1,GSM942073,482,MTL,2,0.9374101111111112,0.938231222222222,0.0008211111111108282,0.868455497382199
HMGA2,GSM2931556,482,MTL,2,0.8862711937716263,0.8795640138408304,-0.006707179930795948,0.6418554476806904
HMGB1,GSM2589815,562,MTL,2,0.9849779447702834,0.9844660923753664,-0.0005118523949170228,0.9475262368815592
HMGB2,GSM2589816,562,MTL,2,0.8959451111111112,0.8980043333333332,0.0020592222222219903,0.7961099932930918
HMGXB3,GSM2797541,640,Single,1,0.9484276666666666,0.9479402777777778,-0.0004873888888887734,0.869189562813202
HMGXB4,GSM5215559,585,Single,1,0.9819236666666666,0.9806043333333334,-0.001319333333333228,0.9322591252877342
HNF1A,GSM5215665,403,MTL,2,0.9507827777777778,0.9563432777777776,0.005560499999999857,0.8378527946873271
HNF4A,GSM3130733,451,MTL,2,0.9334587777777779,0.9346831666666668,0.0012243888888889831,0.8369996393797331
HNF4G,GSM2277166,451,MTL,2,0.9664387777777776,0.9716548888888888,0.005216111111111199,0.8851990715943582
HOMEZ,GSM2527486,556,Single,1,0.9562613888888889,0.9542185555555556,-0.002042833333333327,0.8849131257526234
HOXA1,GSM2689473,711,Single,1,0.9250265738894359,0.9234232591882088,-0.0016033147012270987,0.6815101645692159
HOXA3,GSM5215609,716,Single,1,0.971441,0.971473777777778,3.277777777799251e-05,0.912483039348711
HOXA5,GSM5214768,714,MTL,5,0.9650528888888887,0.9720910555555556,0.007038166666666901,0.8975515463917526
HOXA7,GSM5213824,714,MTL,5,0.8182609805924413,0.8422735784814438,0.02401259788900245,0.5841550493029581
HOXB5,GSM5215275,714,MTL,5,0.969724560686555,0.9749032829314808,0.005178722244925771,0.8957842927455596
HOXC11,GSM1306053,708,MTL,2,0.8212454212454213,0.8417582417582419,0.02051282051282055,0.6153846153846154
HOXC5,GSM2572272,714,MTL,5,0.9459501111111113,0.9540493333333332,0.008099222222221925,0.872809863724854
HOXD1,GSM5215058,712,Single,1,0.967376888888889,0.9686805555555555,0.001303666666666592,0.8966350301984469
HSF1,GSM1553235,463,Single,1,0.9866977777777778,0.9858596111111112,-0.0008381666666665843,0.9525237381309345
HSF2,GSM5214185,464,Single,1,0.9611192914025679,0.9629278400780108,0.0018085486754428892,0.8770180436847104
Hand1,GSM2527318,755,MTL,2,0.9286319003993422,0.9327439511393,0.0041120507399577955,0.84901298239374
Hand2,GSM2486155,755,MTL,2,0.9290707777777778,0.933188611111111,0.004117833333333154,0.8471760797342193
Hmg20b,GSM2534642,531,Single,1,0.9549715555555555,0.9536234444444446,-0.0013481111111108834,0.8904489795918368
Hnf1b,GSM5214807,403,MTL,2,0.958469,0.9672925555555556,0.008823555555555584,0.8861952861952862
Hoxa11,GSM2410501,708,MTL,2,0.8876048462255359,0.8529356943150046,-0.034669151910531326,0.6
Hoxa13,GSM2410502,724,Single,1,0.922020656779661,0.9262579449152544,0.00423728813559332,0.6761904761904762
Hoxa9,GSM5269347,713,MTL,2,0.9436127777777776,0.9490763333333334,0.005463555555555777,0.8734625105307497
Hoxb13,GSM1716768,725,Single,1,0.9401682222222222,0.942745888888889,0.0025776666666668113,0.8656963281508435
Hoxb8,GSM3665347,715,Single,1,0.925414111111111,0.9235830555555556,-0.0018310555555554053,0.8489809555629803
Hoxc9,GSM848789,713,MTL,2,0.944815888888889,0.9533016666666666,0.008485777777777592,0.8665276329509907
IKZF4,GSM5331031,54,MTL,3,0.9828495555555554,0.9849599444444443,0.0021103888888889255,0.930161427357689
INSM1,GSM3579032,730,MTL,2,0.919163111111111,0.922594777777778,0.0034316666666669438,0.8123827392120075
INSM2,GSM2423396,730,MTL,2,0.9297589999999999,0.9339584444444444,0.004199444444444533,0.8361683079677709
IRF2,GSM2423390,472,Single,1,0.9783546550536842,0.9770520741394528,-0.0013025809142314104,0.8598130841121495
IRF3,GSM2423468,12,Single,1,0.9741891147503333,0.9803309750360204,0.006141860285687084,0.9211775878442545
IRF4,GSM803390,9,Single,1,0.9542613333333334,0.9572086666666668,0.002947333333333413,0.8608587208266524
IRF6,GSM3421852,7,Single,1,0.9528203333333335,0.9522255000000002,-0.0005948333333333222,0.8867707477403451
IRF9,GSM4830083,11,Single,1,0.9636985656867094,0.9475070909115352,-0.01619147477517424,0.8
ISL2,GSM5214622,481,MTL,2,0.9528562222222221,0.9526918888888888,-0.0001643333333333219,0.8670316086879746
ISX,GSM5215026,707,Single,1,0.9709179773380686,0.9692809910366986,-0.0016369863013699915,0.890703186726363
Ikzf1,GSM2827350,54,MTL,3,0.9302948888888888,0.9346311111111112,0.004336222222222408,0.8545935228023793
Ikzf2,GSM2423992,54,MTL,3,0.9735938888888889,0.9726371111111112,-0.0009567777777776953,0.922762148337596
Irf1,GSM935549,473,Single,1,0.9792857777777777,0.9788692777777775,-0.00041650000000015286,0.9245890527029317
Irf5,GSM5214006,8,Single,1,0.9766642222222223,0.9775326666666668,0.0008684444444445605,0.9220800797474663
Irf8,GSM3514948,10,Single,1,0.9866959937627444,0.9855454000239896,-0.0011505937387548126,0.9509025270758122
Isl1,GSM2486159,481,MTL,2,0.9349077777777777,0.933487,-0.0014207777777777153,0.8681245858184228
JDP2,GSM3178724,651,Single,1,0.9783117252931324,0.97744405360134,-0.0008676716917923599,0.9156314699792961
JUNB,GSM2437769,655,Single,1,0.9546674444444444,0.9539488333333334,-0.0007186111111110449,0.8884048257372654
JUND,GSM1503220,654,MTL,2,0.9801398888888888,0.9810363333333334,0.0008964444444445885,0.9519890260631001
JUN,GSM3070218,654,MTL,2,0.9727526111111111,0.9732081111111108,0.00045549999999972,0.9145627821434543
Jarid2,GSM4498400,465,Single,1,0.9888702340042546,0.9895763377515956,0.0007061037473410359,0.9663517321398972
KHSRP,GSM2827485,734,Single,1,0.8702540954415955,0.8707638888888889,0.0005097934472934051,0.7443023902167871
KLF10,GSM2574747,88,Single,1,0.9726802628155088,0.970093221441582,-0.002587041373926735,0.893756397134084
KLF11,GSM1443813,89,Single,1,0.9734347777777779,0.971751111111111,-0.001683666666666861,0.9132755170113409
KLF12,GSM5215153,83,MTL,2,0.9749111111111111,0.9776204444444444,0.0027093333333333414,0.9211806681803438
KLF17,GSM3577152,46,Single,1,0.9696643305053486,0.9694541989425796,-0.00021013156276905587,0.8979752309809318
KLF1,GSM1067275,85,Single,1,0.9778965000000001,0.9770376666666668,-0.0008588333333332532,0.9196534737557329
KLF3,GSM4192052,83,MTL,2,0.9805765555555556,0.9801612777777778,-0.0004152777777777228,0.9297854077253219
KLF5,GSM4447200,86,Single,1,0.9639054444444445,0.9618068888888888,-0.0020985555555557145,0.8919562113279391
KLF7,GSM2026749,84,MTL,2,0.9629464285714285,0.9557043650793652,-0.007242063492063355,0.7787610619469026
KLF9,GSM1522563,90,Single,1,0.9903306666666666,0.9904554444444444,0.00012477777777786248,0.9474405067625407
Klf13,GSM2423733,93,Single,1,0.9443414634146341,0.9437718065316246,-0.0005696568830094728,0.8529929577464789
Klf15,GSM2519950,92,Single,1,0.9092043333333334,0.9063484444444444,-0.002855888888888991,0.8291219204042957
Klf16,GSM2527382,91,Single,1,0.9612326666666667,0.9593882222222224,-0.0018444444444443153,0.8916398168560284
Klf4,GSM3597672,87,Single,1,0.9637262222222222,0.9644405555555556,0.0007143333333334834,0.8997280761386812
Klf6,GSM2534396,84,MTL,2,0.9680132222222222,0.9675107777777778,-0.000502444444444361,0.8479641389615241
Kmt2c,GSM2171853,621,Single,1,0.9191822222222222,0.9178236666666668,-0.0013585555555554185,0.8112696405996027
L3MBTL3,GSM2679735,394,Single,1,0.9548795426704776,0.9528634136382196,-0.002016129032258007,0.8627450980392157
L3MBTL4,GSM2574756,395,Single,1,0.950607611111111,0.9475458888888888,-0.0030617222222222296,0.8826890756302521
LBX2,GSM5214062,722,Single,1,0.9792421111111111,0.9794488888888888,0.00020677777777766693,0.9234944868532655
LCORL,GSM5214905,570,Single,1,0.9475090555555555,0.9503275555555556,0.002818500000000057,0.8786049631120053
LCOR,GSM5214415,569,Single,1,0.9462151666666666,0.9461553888888888,-5.9777777777769714e-05,0.8358806404657934
LHX2,GSM1567049,480,MTL,2,0.9590266111111113,0.9636088888888888,0.0045822777777775325,0.8964960439205555
LHX9,GSM3262278,480,MTL,2,0.9352255555555555,0.9370088333333332,0.0017832777777776476,0.8560431100846805
LRRFIP1,GSM3267286,524,Single,1,0.9651604444444444,0.9651275555555556,-3.288888888874908e-05,0.8883383471951867
Lef1,GSM1875147,703,MTL,6,0.9730576441102756,0.9726019594440648,-0.0004556846662108205,0.8571428571428571
Lyl1,GSM1901548,732,Single,1,0.9758589743589744,0.9735517279821628,-0.002307246376811567,0.8929370405880473
MAF1,GSM5214681,466,Single,1,0.9747011111111111,0.9760667777777778,0.0013656666666667094,0.9142185663924794
MAFB,GSM1278507,567,MTL,2,0.9632332205301749,0.9661751318510604,0.002941911320885504,0.8548916611950098
MAFK,GSM1159670,566,MTL,3,0.950854872999888,0.9556425534295624,0.004787680429674368,0.8773983739837399
MAF,GSM1859073,567,MTL,2,0.9713623333333332,0.9704599444444444,-0.0009023888888888276,0.9147574123989218
MAX,GSM894103,3,Single,1,0.9755616666666668,0.9751835,-0.00037816666666679044,0.9263565891472868
MBD1,GSM5369703,788,Single,1,0.9226914086381127,0.9214154709245874,-0.0012759377135252992,0.7801652892561983
MBD2,GSM1388125,554,MTL,2,0.984642111111111,0.9846731666666668,3.105555555582562e-05,0.9442688404591583
MBD3,GSM2104436,554,MTL,2,0.9556121666666666,0.957953222222222,0.0023410555555554158,0.8919293384135781
MEF2B,GSM3011725,590,Single,1,0.9198220000000001,0.922928277777778,0.0031062777777778328,0.848678673623969
MEF2D,GSM5215167,589,MTL,2,0.9556826666666667,0.9527743888888888,-0.0029082777777779123,0.8894601542416453
MIER3,GSM2534128,433,Single,1,0.960930111111111,0.9606485555555556,-0.0002815555555554239,0.8831394339295017
MITF,GSM1517751,511,MTL,2,0.9934834999999999,0.9931891111111112,-0.00029438888888866366,0.9673710904480135
MIXL1,GSM3499104,723,Single,1,0.9503482222222221,0.9497378888888888,-0.0006103333333333794,0.8352547415396058
MLXIP,GSM2358603,507,Single,1,0.971858407079646,0.968495575221239,-0.0033628318584070227,0.6829268292682927
MLX,GSM2527496,4,Single,1,0.9653271111111111,0.9661983333333332,0.0008712222222220234,0.9040065412919052
MNX1,GSM5214607,727,Single,1,0.9867797393862966,0.987242959226566,0.0004632198402694243,0.9531772575250836
MSX2,GSM5215595,718,Single,1,0.9181347222222221,0.9157413888888888,-0.0023933333333333584,0.8365253077975376
MTA2,GSM969795,431,MTL,3,0.9437165318445938,0.931335687972352,-0.012380843872241809,0.7794117647058824
MTA3,GSM1010729,431,MTL,3,0.9071048888888888,0.909062,0.001957111111111187,0.8039878938935375
MTF1,GSM5215251,113,Single,1,0.9610692872015687,0.9618602226113644,0.00079093540979569,0.8695917123705058
MXD1,GSM5215037,487,Single,1,0.9829288888888889,0.9818345,-0.0010943888888887976,0.9340622929092114
MXD3,GSM2534622,488,Single,1,0.9845617768958731,0.9846977964826934,0.0001360195868203018,0.942008486562942
MXD4,GSM2534025,489,Single,1,0.9741297777777777,0.9735341111111112,-0.000595666666666439,0.9231018818948734
MYB,GSM2466686,522,Single,1,0.9487308888888888,0.9467600555555556,-0.001970833333333144,0.867722983799181
MYCN,GSM2915909,549,Single,1,0.9743894444444444,0.9733751666666668,-0.001014277777777628,0.9188473004306061
MYC,GSM2305251,548,Single,1,0.8114258333333333,0.8126813333333334,0.001255500000000076,0.7309644670050761
MYNN,GSM5215460,121,Single,1,0.9604313333333334,0.9617105,0.001279166666666609,0.8850042844901457
MYOD1,GSM2259152,458,Single,1,0.9671141666666666,0.9664273333333334,-0.0006868333333331922,0.9076998209343968
MYOG,GSM2214115,459,Single,1,0.9757643259108462,0.975978993872013,0.00021466796116687004,0.8911917098445595
MZF1,GSM2026778,23,Single,1,0.9463487113098742,0.9441518575183396,-0.0021968537915345587,0.7811158798283262
Maff,GSM2423084,566,MTL,3,0.9677179444444445,0.9691968333333332,0.0014788888888886964,0.9075191648996901
Mafg,GSM5213893,566,MTL,3,0.9645053333333333,0.967905,0.0033996666666666897,0.885839929639402
Maz,GSM1499533,37,Single,1,0.9774852222222222,0.9776435,0.00015827777777777108,0.9165192214894644
Mecom,GSM6372561,366,Single,1,0.8925784444444445,0.8907210000000001,-0.001857444444444356,0.7961029923451636
Mecp2,GSM4557680,601,Single,1,0.9671353013530136,0.966810130828581,-0.0003251705244325942,0.9094276094276095
Mef2a,GSM803511,589,MTL,2,0.9493504444444445,0.9492220555555556,-0.00012838888888888622,0.8831084376524142
Mef2c,GSM2944368,591,Single,1,0.9517373333333333,0.9511623333333332,-0.0005750000000001032,0.8842584486079496
Meis1,GSM940324,389,Single,1,0.9691797796676342,0.9693979053147967,0.0002181256471625037,0.806640625
Mga,GSM2828490,761,Single,1,0.952034,0.9524006111111112,0.000366611111111137,0.8851881505204163
Mllt10,GSM5215676,632,Single,1,0.9538298629207721,0.94186335095426,-0.011966511966512106,0.7788944723618091
Mnt,GSM2827334,604,Single,1,0.9562200000000001,0.9554416111111113,-0.0007783888888888146,0.8841924398625429
Mta1,GSM5215565,431,MTL,3,0.9816604444444444,0.9814047777777776,-0.0002556666666668761,0.9368041912246234
Mybl2,GSM1010876,523,Single,1,0.9332806666666668,0.9319581111111112,-0.0013225555555556046,0.858920464099546
NCOA1,GSM5669451,766,Single,1,0.9678442222222223,0.9685913333333334,0.0007471111111110318,0.8533631451462642
NEUROD1,GSM2432944,543,Single,1,0.9610736666666666,0.9604287222222224,-0.0006449444444441843,0.8606284658040665
NFAT5,GSM5215305,626,Single,1,0.9746886666666665,0.9740685555555556,-0.0006201111111109325,0.9128378378378378
NFATC3,GSM2574801,622,Single,1,0.9517594444444445,0.952249388888889,0.0004899444444445011,0.8815399802566634
NFATC4,GSM6347346,623,Single,1,0.9303552960800668,0.930835696413678,0.00048040033361118617,0.7641963426371511
NFE2L2,GSM2423561,657,Single,1,0.9818862632772407,0.981691550304332,-0.00019471297290873935,0.93354943273906
NFE2,GSM1067276,656,Single,1,0.9774061111111112,0.9787430555555556,0.0013369444444444323,0.8922528940338379
NFIC,GSM1010880,772,MTL,4,0.9498461666666667,0.9553911111111112,0.005544944444444533,0.8805031446540881
NFKB1,GSM486323,514,Single,1,0.9711591111111112,0.9720551666666666,0.0008960555555553862,0.8294558738704095
NFKB2,GSM5215027,515,Single,1,0.9858518077075884,0.9861104489471596,0.0002586412395712001,0.9506434272682848
NFRKB,GSM2825485,633,Single,1,0.9551258307005119,0.9540792842357554,-0.0010465464647565481,0.8176352705410822
NFXL1,GSM2422973,494,Single,1,0.8878477788132961,0.8818769804287047,-0.005970798384591469,0.7017902813299233
NFYA,GSM648587,501,Single,1,0.9800906111111112,0.9818378888888888,0.0017472777777776116,0.9214092140921409
NKRF,GSM4766300,602,Single,1,0.995431159032147,0.9951010906732528,-0.0003300683588941533,0.9778172138420586
NPAS2,GSM2797588,529,Single,1,0.9597872222222222,0.9591288888888888,-0.0006583333333334274,0.897655992076593
NR0B2,GSM5215554,526,Single,1,0.9757975555555556,0.9757037777777776,-9.377777777797025e-05,0.9175991861648016
NR1I2,GSM2752692,445,Single,1,0.9683727058531746,0.968012710813492,-0.0003599950396825369,0.9270059771780474
NR2E3,GSM803366,453,Single,1,0.9670058333333332,0.9667373888888888,-0.0002684444444444045,0.9002820640451302
NRF1,GSM2424259,579,Single,1,0.9859141111111112,0.9862688888888888,0.0003547777777775929,0.9399038461538461
NRL,GSM5214854,568,Single,1,0.9806918333333333,0.9805275555555556,-0.00016427777777772157,0.9330284220842862
Nanog,GSM3577161,424,Single,1,0.9293369444444445,0.9278030555555556,-0.0015338888888888347,0.8599402588781945
Ncor1,GSM5214003,613,Single,1,0.9075516111111112,0.9058085,-0.0017431111111111397,0.8076148636280432
Ncor2,GSM898062,614,Single,1,0.9407451111111111,0.9404864444444444,-0.0002586666666667403,0.8389322680225167
Neurog1,GSM1002662,541,Single,1,0.9612366666666667,0.9627237777777778,0.0014871111111111057,0.8928935736144169
Neurog2,GSM1970158,542,Single,1,0.9781922222222222,0.9783613888888888,0.00016916666666655367,0.9273687685704853
Nfatc1,GSM3717668,624,Single,1,0.963411065044205,0.9645232997800646,0.0011122347358595297,0.8077220077220078
Nfatc2,GSM2810040,625,Single,1,0.8995708414849297,0.8932664880389087,-0.006304353446020983,0.7720190779014309
Nfe2l1,GSM5215039,658,Single,1,0.9670688888888889,0.9668253333333332,-0.00024355555555566344,0.9063010120796605
Nfia,GSM2527615,772,MTL,4,0.9490203333333334,0.9541447777777778,0.005124444444444487,0.851878612716763
Nfib,GSM2828368,772,MTL,4,0.9675365555555555,0.9731225555555556,0.005586000000000091,0.8976654379497981
Nfil3,GSM2527591,521,Single,1,0.959472,0.9569207777777778,-0.0025512222222221492,0.8883920894239037
Nfix,GSM5214038,772,MTL,4,0.9436146997206704,0.9425846717877094,-0.0010300279329609197,0.7364620938628159
Nfyb,GSM5215253,2,Single,1,0.9837288888888889,0.9836883333333334,-4.0555555555488176e-05,0.9336932680951577
Nfyc,GSM2534171,502,Single,1,0.9729516666666665,0.9721685555555556,-0.0007831111111109568,0.9111720135418346
Nr0b1,GSM2383939,527,Single,1,0.9303934712553196,0.9227522078177658,-0.00764126343755378,0.7858719646799117
Nr1h2,GSM2042845,442,MTL,2,0.9429971111111111,0.9591574444444444,0.016160333333333332,0.8722551690976118
Nr1h3,GSM2042852,442,MTL,2,0.9258986666666666,0.9450622777777778,0.0191636111111112,0.8435561681598898
Nr1h4,GSM1377535,443,Single,1,0.9574871364596708,0.9565702617187104,-0.0009168747409603606,0.8063492063492064
Nr1i3,GSM4059675,446,Single,1,0.95423855963991,0.9467226181545388,-0.007515941485371158,0.8439306358381503
Nr2c2,GSM5215235,448,MTL,2,0.9675479999999999,0.9687019444444446,0.001153944444444721,0.9075603043548648
Nr2f1,GSM1817190,452,MTL,3,0.9571915000000001,0.9572451666666668,5.366666666672959e-05,0.8851340877383351
Nr2f2,GSM3863299,452,MTL,3,0.9736225555555555,0.9734773333333332,-0.00014522222222235204,0.9228696530818458
Nr2f6,GSM2534449,452,MTL,3,0.9624452222222222,0.9604416111111114,-0.0020036111111108035,0.8804347826086957
Nr3c1,GSM2519947,738,Single,1,0.9104144444444444,0.9114326666666668,0.0010182222222223647,0.8307250079846694
Nr3c2,GSM1708662,739,Single,1,0.9411932629174994,0.9344133599771623,-0.006779902940337035,0.7931034482758621
Nr4a1,GSM2095924,449,Single,1,0.9747315555555555,0.9756037777777776,0.0008722222222221632,0.9203425432218452
Nr5a1,GSM5214653,454,MTL,2,0.9542126111111112,0.9597186666666666,0.005506055555555389,0.8908353609083536
Nr5a2,GSM5215230,454,MTL,2,0.9345325555555557,0.9366245555555552,0.0020919999999995387,0.8589487691284099
Nsd2,GSM831005,770,Single,1,0.9442454796217753,0.943942492838392,-0.00030298678338325225,0.7929883138564274
OLIG2,GSM3692166,756,Single,1,0.9781204999999998,0.9783315555555556,0.0002110555555557836,0.9216354344122658
ONECUT2,GSM2835772,754,MTL,2,0.9761357222222221,0.979651888888889,0.0035161666666668756,0.9237561555442351
OSR1,GSM820438,759,Single,1,0.9670058888888889,0.9704532222222224,0.003447333333333469,0.9038461538461539
OSR2,GSM2026829,45,Single,1,0.9545753333333332,0.9545621666666666,-1.3166666666619697e-05,0.8561164002155559
OVOL1,GSM5214530,41,MTL,2,0.9306772222222222,0.9305006666666668,-0.00017655555555540214,0.8532739115529654
OVOL2,GSM5667617,41,MTL,2,0.936318540433925,0.9325581854043392,-0.003760355029585827,0.7639484978540773
OVOL3,GSM2423939,42,Single,1,0.900961172629188,0.8999240488358886,-0.0010371237932993438,0.7907498877413561
Onecut1,GSM5215449,754,MTL,2,0.9617292222222222,0.963005,0.0012757777777777646,0.9011406844106464
Otx2,GSM2432980,667,Single,1,0.9638332777777777,0.9638785555555556,4.527777777785236e-05,0.9003257328990228
PATZ1,GSM5215711,39,Single,1,0.9695304444444444,0.9702026666666668,0.0006722222222224072,0.9068027210884354
PAX3,GSM3565106,663,MTL,2,0.9374546666666668,0.944496,0.007041333333333233,0.8669934640522876
PAX6,GSM1567048,668,Single,1,0.9575770990113619,0.9555824110963552,-0.0019946879150066765,0.8740245261984393
PAX8,GSM2107942,664,MTL,2,0.7740007437169523,0.7731481901375877,-0.0008525535793645345,0.384180790960452
PBRM1,GSM2897188,490,Single,1,0.9267803900483895,0.9290776675301824,0.00229727748179287,0.8157894736842105
PBX1,GSM1438989,659,MTL,3,0.9600489444444444,0.9633732222222222,0.0033242777777777732,0.8992297817715019
PBX3,GSM1831600,659,MTL,3,0.877581111111111,0.8726084999999999,-0.004972611111111136,0.7830336882527492
PGR,GSM3110066,740,Single,1,0.9122479444444443,0.9123145555555556,6.661111111128104e-05,0.8326656394453005
PHB,GSM5378671,435,Single,1,0.9313196581196582,0.927069658119658,-0.004250000000000198,0.7572684246112238
PHOX2B,GSM2915910,721,Single,1,0.9752721111111111,0.9747536666666666,-0.000518444444444488,0.9229722836252338
PIAS1,GSM2219874,560,Single,1,0.9507494444444444,0.9457796666666668,-0.004969777777777629,0.8699929725931131
PIAS4,GSM1035441,561,Single,1,0.9419000558892152,0.935828535436424,-0.006071520452791246,0.718796992481203
PITX1,GSM5215184,665,MTL,2,0.9428282222222223,0.9445682222222224,0.0017400000000000748,0.864282046893719
PITX3,GSM2449944,665,MTL,2,0.9217685555555555,0.9258687777777777,0.004100222222222172,0.8412427449641516
PLAGL1,GSM1624507,33,Single,1,0.9484432777777778,0.9476814444444444,-0.0007618333333334615,0.8650274190695206
POU2F2,GSM2095818,532,MTL,3,0.9656425555555556,0.9689054444444444,0.0032628888888888152,0.9006866521520683
POU2F3,GSM3165679,532,MTL,3,0.9718816666666666,0.9736846666666664,0.001802999999999777,0.9267715203788263
POU3F2,GSM1934423,533,Single,1,0.9627439620691414,0.9617822498041816,-0.0009617122649597798,0.8453378001116695
POU6F1,GSM5330797,535,Single,1,0.8661680943809609,0.8701450559663033,0.003976961585342442,0.6598290598290598
PRDM14,GSM563088,61,Single,1,0.9732005555555557,0.9734056666666668,0.00020511111111110036,0.9080701754385965
PRDM4,GSM4308185,552,Single,1,0.9174835555555555,0.9153927222222222,-0.002090833333333264,0.8403865378207265
PROX1,GSM1477597,406,Single,1,0.9609164444444445,0.9621526666666668,0.0012362222222223052,0.893167701863354
PRRX2,GSM6347236,719,Single,1,0.929555037957212,0.9295439958592132,-1.10420979987369e-05,0.8118962887646162
Pax5,GSM803362,664,MTL,2,0.9545639444444445,0.9555863333333334,0.0010223888888889476,0.8919140560931605
Pax7,GSM2629527,663,MTL,2,0.9758641111111112,0.9785821666666664,0.0027180555555552655,0.9208586991348927
Pbx4,GSM2572277,659,MTL,3,0.9118900000000001,0.912243777777778,0.0003537777777778972,0.8257790368271954
Pdx1,GSM1316337,767,Single,1,0.9567040555555555,0.9589355555555554,0.002231499999999942,0.8753462603878116
Pknox1,GSM2423884,390,Single,1,0.9392006666666667,0.9419213888888892,0.002720722222222527,0.8690944881889764
Pol2ra,GSM3417126,764,MTL,2,0.975085111111111,0.9771498888888888,0.0020647777777778042,0.9136044422668627
Pol3,GSM3395053,765,Single,1,0.9883344279914019,0.9916799767136376,0.0033455487222356917,0.9621749408983451
Pou2f1,GSM3507240,532,MTL,3,0.9277278888888889,0.9349302222222224,0.007202333333333533,0.8428720083246618
Pou5f1,GSM539547,534,Single,1,0.9912159552845529,0.991212991192412,-2.9640921408446985e-06,0.9736666666666667
Ppard,GSM1214683,441,MTL,2,0.9839624848484848,0.9836272727272728,-0.00033521212121201405,0.9385437541750167
Pparg,GSM1443809,441,MTL,2,0.9604431666666666,0.955347222222222,-0.005095944444444611,0.8961730449251248
Prdm10,GSM2423190,553,Single,1,0.8913075,0.8902331111111111,-0.0010743888888888886,0.8009543285616906
Prdm12,GSM2423928,47,Single,1,0.9798542805100182,0.976418336369156,-0.003435944140862235,0.9022026431718062
Prdm15,GSM5213888,40,Single,1,0.9628245,0.9623994444444444,-0.00042505555555560903,0.8969594594594594
Prdm1,GSM2423004,62,Single,1,0.9505674444444443,0.9500999444444445,-0.00046749999999984304,0.8648454349388929
Prdm2,GSM2423887,597,Single,1,0.9398576666666666,0.9397035555555556,-0.0001541111111109661,0.8653783164100884
Prdm5,GSM471813,117,Single,1,0.9601283566965039,0.9633119405505828,0.0031835838540789085,0.8272108843537415
Prdm6,GSM2828978,98,Single,1,0.892056,0.8851066666666667,-0.006949333333333252,0.8144026186579378
Prdm9,GSM2466446,141,Single,1,0.8350446428571429,0.7873883928571428,-0.04765625000000007,0.2962962962962963
Preb,GSM5215763,737,Single,1,0.9728411971745785,0.9725208838347476,-0.00032031333983095767,0.8821065230400957
RARB,GSM5375113,439,MTL,3,0.8529253764890987,0.8651447516295796,0.012219375140480881,0.6812816188870152
RARG,GSM1469991,439,MTL,3,0.9695555061420996,0.9700388801778204,0.00048337403572074056,0.826867816091954
RBAK,GSM5214917,293,MTL,2,0.9576204444444443,0.9651744444444446,0.007554000000000283,0.8882113821138211
RBPJ,GSM729854,397,Single,1,0.9579296666666667,0.9552350555555555,-0.0026946111111111337,0.8953771289537713
RCOR1,GSM2824363,742,Single,1,0.9481495555555556,0.948287,0.00013744444444441228,0.8762127801940448
RELB,GSM2628091,518,Single,1,0.9687193333333334,0.9692098333333332,0.0004904999999998383,0.8990022755119902
REL,GSM2628092,516,Single,1,0.9612224284928494,0.9615811331133114,0.00035870462046194707,0.8898269311945969
RFX5,GSM2828554,499,Single,1,0.9480910221619177,0.9478379692446856,-0.00025305291723209944,0.8649796496195363
RFXANK,GSM2534485,783,Single,1,0.9551944766319043,0.9488341058323676,-0.006360370799536663,0.8369665336198956
RHOXF2B,GSM5374519,669,Single,1,0.8997961476725522,0.8949229534510433,-0.004873194221508892,0.6771263418662262
RORA,GSM5213886,440,MTL,2,0.9478662222222222,0.950247111111111,0.002380888888888877,0.8600981767180925
RUNX1,GSM2467011,486,MTL,3,0.9888045617173523,0.9892580500894452,0.00045348837209291393,0.9834586466165414
RUNX3,GSM3535204,486,MTL,3,0.7419118333333332,0.7351940555555555,-0.0067177777777777115,0.6740642596886386
RXRB,GSM2534152,450,MTL,2,0.9496735555555555,0.9520731111111111,0.002399555555555599,0.8849757673667206
Rag1,GSM1701805,785,Single,1,0.9246977547495682,0.933678756476684,0.0089810017271158,0.7586206896551724
Rara,GSM2534076,439,MTL,3,0.9600165000000002,0.9611334444444444,0.0011169444444442123,0.896243587622042
Rcor2,GSM2534040,743,Single,1,0.9353295,0.9338707777777776,-0.0014587222222224305,0.8642533936651584
Rela,GSM2333680,517,Single,1,0.9497072222222223,0.9484238333333332,-0.0012833888888890144,0.8779643413536438
Repin1,GSM4307849,130,Single,1,0.9437484498072733,0.9446071727836434,0.0008587229763700188,0.8554496263849524
Rere,GSM2534718,607,Single,1,0.9602708888888889,0.9609798888888887,0.0007089999999998486,0.8744004263634748
Rest,GSM803365,52,Single,1,0.9747980555555558,0.9734394444444444,-0.001358611111111352,0.9197625106022053
Rfx3,GSM2534235,760,Single,1,0.9882466469053749,0.9859824746744345,-0.002264172230940442,0.9110556940980881
Rnap2,GSM2828296,764,MTL,2,0.9696794964028778,0.9715061151079136,0.001826618705035865,0.9183749534103616
Rorb,GSM5668148,440,MTL,2,0.9256538900178813,0.9351413378639044,0.009487447846023067,0.7640036730945822
Rreb1,GSM5215162,53,Single,1,0.9527374444444443,0.9537413333333332,0.0010038888888889153,0.8866250410778836
Runx2,GSM3312807,486,MTL,3,0.9480621111111112,0.9495662777777778,0.0015041666666666398,0.8803361344537816
Rxra,GSM5213955,450,MTL,2,0.9786964444444445,0.9790349444444444,0.0003384999999999083,0.9277849740932642
SALL2,GSM2824365,59,Single,1,0.9405524425287356,0.9402396232439336,-0.0003128192848019795,0.8522179974651457
SATB1,GSM3499390,595,MTL,2,0.9948057777777778,0.9945583333333332,-0.0002474444444445778,0.9733599733599734
SCRT1,GSM2423730,109,MTL,2,0.936352888888889,0.941695,0.0053421111111109365,0.8662483487450462
SCRT2,GSM2423341,109,MTL,2,0.9435881111111112,0.9507003333333334,0.0071122222222221865,0.881887165951831
SETBP1,GSM2300423,598,Single,1,0.9579463364293085,0.9587719298245614,0.0008255933952528993,0.8181818181818182
SETDB1,GSM5331060,393,Single,1,0.8668964444444445,0.8728637777777777,0.0059673333333332135,0.774366716993793
SIX2,GSM1970531,660,MTL,2,0.9405661111111112,0.9441389444444444,0.0035728333333331364,0.8695950583390528
SIX4,GSM5214658,661,Single,1,0.958467111111111,0.9591691111111108,0.0007019999999997584,0.8900114062245397
SIX5,GSM1010879,662,Single,1,0.9262358888888889,0.9277839444444445,0.0015480555555555942,0.8456829896907216
SMAD9,GSM5214199,18,MTL,5,0.9692127380952381,0.9711184523809524,0.0019057142857142884,0.9010643866689932
SMARCA1,GSM1868498,583,Single,1,0.8821218074656189,0.8880484610347086,0.005926653569089724,0.7536231884057971
SMARCAL1,GSM4073909,584,Single,1,0.9755461111111111,0.977746,0.00219988888888889,0.9516295025728988
SMARCC1,GSM3094371,616,MTL,2,0.9319723333333333,0.933867777777778,0.0018954444444446716,0.8627778706334615
SMARCE1,GSM2546251,491,Single,1,0.9642230026338894,0.9638571846649108,-0.0003658179689786101,0.9166666666666666
SNAI2,GSM1336154,110,MTL,2,0.9806771111111112,0.9794837777777776,-0.0011933333333336016,0.9266240323123528
SNAPC4,GSM5214636,525,Single,1,0.9587868333333333,0.9598911666666666,0.0011043333333333738,0.8862933699759533
SON,GSM2040560,638,Single,1,0.9765483125288952,0.9707961165048544,-0.005752196024040757,0.9439318665720369
SOX13,GSM2534354,697,Single,1,0.9466559999999999,0.9469489444444444,0.0002929444444444984,0.8705918906322822
SOX15,GSM5667459,700,Single,1,0.9309305340181454,0.9234898112795424,-0.007440722738602967,0.7996323529411765
SOX18,GSM5214537,702,MTL,2,0.9577034843205574,0.958011149825784,0.0003076655052265398,0.8874719972428055
SOX21,GSM2994927,699,MTL,2,0.9552433397370107,0.9591195382334622,0.0038761984964514884,0.7755102040816326
SOX2,GSM1701828,699,MTL,2,0.9434219444444445,0.9449831666666668,0.0015612222222223249,0.8658367911479945
SOX4,GSM1970164,698,MTL,2,0.9775258922323304,0.9778974807557732,0.0003715885234427674,0.9376797698945349
SOX5,GSM2534682,696,MTL,2,0.9502697777777778,0.9632375,0.0129677222222222,0.8831044394762056
SOX9,GSM3139254,701,MTL,2,0.9859351713859911,0.9898472429210134,0.003912071535022377,0.8870967741935484
SP140L,GSM5214592,5,MTL,2,0.9630511111111111,0.9625879444444444,-0.00046316666666668116,0.8991834694217631
SP140,GSM2398967,5,MTL,2,0.9729148393085045,0.9716671307576286,-0.00124770855087597,0.9353283458021613
SP2,GSM2026796,80,Single,1,0.9919668982427462,0.9921642146846478,0.00019731644190157382,0.9637096774193549
SP4,GSM2026799,77,Single,1,0.9943836919239165,0.9948468194574368,0.0004631275335202911,0.9713914174252276
SP5,GSM2527396,79,Single,1,0.9729691666666667,0.9717164444444444,-0.00125272222222228,0.9185572058103476
SPDEF,GSM5214212,789,Single,1,0.9300094444444444,0.9331595555555556,0.003150111111111187,0.8527711662699762
SPIB,GSM1370289,427,Single,1,0.9902593888888889,0.989536,-0.0007233888888888984,0.9589315525876461
SSRP1,GSM1103543,461,Single,1,0.9606349999999999,0.959704777777778,-0.0009302222222219436,0.8950586679887622
STAT1,GSM1057013,777,Single,1,0.9678467777777777,0.9686747777777776,0.0008279999999998289,0.9063136456211812
STAT2,GSM2574755,780,Single,1,0.9299322400078563,0.9310623434289752,0.0011301034211188554,0.747642817526345
STAT3,GSM2278004,778,Single,1,0.9311282222222224,0.9286133888888888,-0.002514833333333577,0.8363701321900678
STAT5A,GSM1010721,775,MTL,2,0.9321980555555557,0.9303068888888888,-0.001891166666666888,0.8456942003514939
STAT5B,GSM5268602,775,MTL,2,0.9433786861145542,0.9475164067529523,0.0041377206383981235,0.6390977443609023
STAT6,GSM5214020,776,Single,1,0.9563668888888888,0.9563143888888888,-5.250000000001087e-05,0.8788035069623518
Sall1,GSM2824335,57,MTL,2,0.9578515844858435,0.9597963143938016,0.0019447299079581315,0.8659562535053281
Sall3,GSM3258646,57,MTL,2,0.9615501424402538,0.9620263894933292,0.00047624705307536264,0.8690425075139545
Sall4,GSM3082674,58,Single,1,0.9720699160885765,0.9760525156643116,0.003982599575735102,0.9287054409005628
Satb2,GSM5214119,595,MTL,2,0.9607265555555556,0.9617765555555556,0.0010499999999999954,0.8739975049010872
Shox2,GSM5330801,720,Single,1,0.8982957741684673,0.8954118788360869,-0.002883895332380426,0.6579163248564397
Six1,GSM5215247,660,MTL,2,0.938448,0.9447215555555556,0.006273555555555643,0.8564568684616704
Smad1,GSM722425,18,MTL,5,0.9711106666666667,0.9742002222222222,0.0030895555555555676,0.9179351422898743
Smad2,GSM3533584,18,MTL,5,0.9674299999999999,0.973522388888889,0.006092388888889078,0.9086619480957195
Smad3,GSM2807310,18,MTL,5,0.9369077222222223,0.9399578888888888,0.003050166666666465,0.8703100908000685
Smad4,GSM2534492,19,Single,1,0.9602844444444443,0.9595932222222224,-0.0006912222222218434,0.8982883475971034
Smad5,GSM2527374,18,MTL,5,0.9667333333333333,0.9679012222222222,0.0011678888888888572,0.8980385227071921
Smarcc2,GSM601401,616,MTL,2,0.9379248297901902,0.9336929276087256,-0.004231902181464631,0.8393456375838926
Snai1,GSM5215210,110,MTL,2,0.9707389999999999,0.971305,0.0005660000000000664,0.9144246353322528
Sox10,GSM1517752,701,MTL,2,0.9732196160784315,0.9743566899348036,0.0011370738563720728,0.8788983394086675
Sox11,GSM1260313,698,MTL,2,0.6354076015727391,0.6292468326780254,-0.006160768894713731,0.10477299185098952
Sox17,GSM3381973,702,MTL,2,0.9573284444444444,0.956857222222222,-0.0004712222222224005,0.9006126616746086
Sox6,GSM5214202,696,MTL,2,0.9274554444444444,0.9392853333333334,0.011829888888889029,0.8436350901768517
Sp1,GSM1010902,78,Single,1,0.9560077777777779,0.9569606111111112,0.0009528333333332917,0.8695652173913043
Spi1,GSM2359987,428,Single,1,0.9881092222222222,0.9878,-0.000309222222222183,0.9601455267074582
Srebf1,GSM4274803,757,Single,1,0.9304467769009972,0.9320521399033208,0.001605363002323612,0.7993174061433447
Srebf2,GSM4774318,758,Single,1,0.9405089999999999,0.9410192222222222,0.0005102222222223007,0.8681388012618296
Srf,GSM1505772,634,Single,1,0.9885165555555554,0.9866362222222224,-0.0018803333333330396,0.9519959575543203
Stat4,GSM945611,779,Single,1,0.9277268888888891,0.9282814444444444,0.0005545555555552806,0.8623060930753238
Sub1,GSM1825753,425,Single,1,1.0,1.0,0.0,0.0
TAL1,GSM1291199,733,Single,1,0.9546037777777777,0.955735,0.0011312222222222834,0.8768663270683296
TBX18,GSM5215131,752,Single,1,0.9625466786355477,0.962816676640734,0.00026999800518634487,0.8726931498279638
TBX1,GSM3021587,751,Single,1,0.9112154407929055,0.9114936532776908,0.0002782124847853229,0.6721311475409836
TCF25,GSM2797640,786,Single,1,0.972831611111111,0.9735762777777776,0.0007446666666665047,0.9124062713019768
TCF3,GSM1082309,703,MTL,6,0.937506,0.9406851111111112,0.0031791111111112436,0.8501033769813922
TCF4,GSM1975020,703,MTL,6,0.9750162777777778,0.9775234444444444,0.002507166666666616,0.9209076175040518
TCF7L1,GSM2124633,703,MTL,6,0.8472385710946371,0.8552863905029051,0.008047819408268042,0.586427656850192
TCF7L2,GSM5214910,703,MTL,6,0.9512703333333334,0.9554063333333334,0.0041359999999999175,0.8806248938699269
TCFL5,GSM5214613,705,Single,1,0.8968626373626373,0.8885592185592186,-0.008303418803418672,0.5662650602409639
TEAD1,GSM2643552,391,MTL,4,0.8978353888888888,0.8984065555555556,0.0005711666666667892,0.8001464128843339
TEAD4,GSM2232927,391,MTL,4,0.9338387777777777,0.9374139444444444,0.003575166666666685,0.8422758372344257
TEF,GSM5215501,520,Single,1,0.9729257777777779,0.9733951111111112,0.0004693333333333216,0.9087504256043581
TERF2,GSM1328845,546,Single,1,0.9120019392372334,0.9078172807584572,-0.004184658478776138,0.7673169352558665
TET2,GSM1863077,596,Single,1,0.9878466666666665,0.9879501666666668,0.00010350000000025616,0.9485354956147609
TFAM,GSM1171659,401,Single,1,0.9034013605442177,0.8744897959183673,-0.028911564625850428,0.8333333333333334
TFAP2A,GSM1817199,407,MTL,3,0.9626487777777778,0.9629175555555556,0.00026877777777778444,0.9004862236628849
TFAP2B,GSM5374230,407,MTL,3,0.9189361684260028,0.9217242334920516,0.002788065066048784,0.7639257294429708
TFAP2C,GSM889426,407,MTL,3,0.9776252222222223,0.9791935555555554,0.0015683333333331717,0.9267553460178481
TFCP2,GSM5215603,17,MTL,3,0.9462138979370249,0.952073212346828,0.005859314409803029,0.8528058877644894
TFDP1,GSM2825063,545,MTL,2,0.9643139999999999,0.9661534444444444,0.0018394444444445046,0.89484827099506
TFDP2,GSM5214386,545,MTL,2,0.9810357777777776,0.9822587777777778,0.0012230000000001962,0.9208833246391932
TFE3,GSM2534191,511,MTL,2,0.9628748888888887,0.9648896666666666,0.0020147777777779208,0.8703438395415473
TFEB,GSM2354032,512,Single,1,0.9615298963215453,0.958734696776026,-0.0027951995455193224,0.8964651746496549
THAP11,GSM2534158,746,Single,1,0.9665190555555556,0.9664727777777776,-4.6277777777992135e-05,0.8974950560316414
THAP12,GSM5668690,774,Single,1,0.9728195817218164,0.972764073914912,-5.5507806904331325e-05,0.9154013015184381
THAP7,GSM5667803,544,Single,1,0.9523478655767483,0.9516558810172572,-0.0006919845594911544,0.8435171385991058
THAP8,GSM5215044,599,Single,1,0.9719617777777778,0.9714847777777778,-0.0004770000000000607,0.9142486626681796
THAP9,GSM5214745,438,Single,1,0.9751118333333335,0.9748918333333334,-0.000220000000000109,0.9089647997225594
THRB,GSM2534017,444,MTL,2,0.943376111111111,0.9561898888888888,0.012813777777777813,0.8251722211878607
TOX2,GSM5330775,475,Single,1,0.9260286984482906,0.9195618153364632,-0.006466883111827415,0.6606822262118492
TOX,GSM5378611,474,Single,1,0.8912524081541219,0.8854205869175626,-0.0058318212365592315,0.8004183371099878
TP53,GSM3204311,782,Single,1,0.9505146666666666,0.9499731111111112,-0.0005415555555554619,0.8818530244959173
TP63,GSM3178691,781,MTL,2,0.9826175000000001,0.983965111111111,0.0013476111111108136,0.9327093755042762
TP73,GSM501690,781,MTL,2,0.9840427222222221,0.9843537222222224,0.00031100000000028327,0.9238337035861631
TRPS1,GSM3899395,674,Single,1,0.9314136111111111,0.9267068888888887,-0.004706722222222348,0.8584686774941995
TSC22D2,GSM5214699,677,Single,1,0.9712457777777779,0.9705076666666668,-0.0007381111111111061,0.9084471421345472
TSC22D3,GSM2675536,675,Single,1,0.9630351094589013,0.9622437009500204,-0.0007914085088808198,0.8662420382165605
TSC22D4,GSM2574802,676,Single,1,0.9564821796456532,0.9529757931602804,-0.0035063864853728255,0.8510892270963891
TSHZ1,GSM2423182,536,MTL,2,0.9224239444444444,0.929731,0.007307055555555553,0.8310762651461154
TSHZ2,GSM5330959,536,MTL,2,0.9292365555555556,0.9319842777777776,0.002747722222221971,0.8362989323843416
TTF1,GSM2310996,586,Single,1,0.9716194444444445,0.9693976666666666,-0.002221777777777878,0.9144358679586139
Tbx2,GSM5213924,749,MTL,2,0.9538861111111111,0.9593398888888888,0.005453777777777669,0.8815312984997413
Tbx5,GSM2280027,750,Single,1,0.9456943539630835,0.946784925805284,0.0010905718422004052,0.846396633350868
Tcf12,GSM1010900,593,Single,1,0.9174996666666667,0.9201363333333332,0.0026366666666665095,0.8384364820846906
Tcf15,GSM5213981,538,Single,1,0.8999373234403569,0.9051261760309504,0.005188852590593429,0.7328605200945626
Tcf21,GSM4558335,539,Single,1,0.9867276111111111,0.9867549444444444,2.7333333333379173e-05,0.9468102201510525
Tcf7,GSM3123436,703,MTL,6,0.9372731111111111,0.936475111111111,-0.0007980000000000764,0.859204618345093
Tead2,GSM2423777,391,MTL,4,0.8839070208728653,0.8914626818469323,0.007555660974067013,0.6983849847228285
Tead3,GSM2534286,391,MTL,4,0.9517092222222221,0.957924,0.006214777777777902,0.8799182422074604
Terf1,GSM1328844,547,Single,1,0.8937692222222221,0.8914904444444445,-0.0022787777777776297,0.7951477874594225
Tfap4,GSM2224584,577,Single,1,0.9554317222222222,0.9559608333333334,0.0005291111111112023,0.9014225941422594
Thap1,GSM4199227,600,Single,1,0.964569323348678,0.9676068333761538,0.003037510027475876,0.8616187989556136
Thra,GSM2797651,444,MTL,2,0.9447818888888888,0.9564007222222224,0.011618833333333578,0.8515850144092219
Tlx1,GSM1524254,735,Single,1,0.9261175,0.9250407777777778,-0.001076722222222215,0.8583333333333333
UBP1,GSM2797653,17,MTL,3,0.9676370555555555,0.9690896666666666,0.0014526111111111684,0.9077298616761594
UBTF,GSM5215453,565,Single,1,0.9888286669452568,0.9884109207410502,-0.0004177462042066482,0.9603018372703412
USF3,GSM5215545,594,Single,1,0.9607231285984005,0.9601456579339104,-0.0005774706644900984,0.841995841995842
Usf1,GSM5214564,509,Single,1,0.9884219999999999,0.9855979444444444,-0.002824055555555538,0.9476685675947668
Usf2,GSM2797655,510,Single,1,0.9861343888888888,0.9863318333333332,0.00019744444444436127,0.9453689695747184
VDR,GSM558636,447,Single,1,0.9581223333333334,0.9582879444444444,0.00016561111111101923,0.8869921474906112
VEZF1,GSM866196,38,Single,1,0.9726363333333334,0.9717015555555556,-0.0009347777777778399,0.8963372494816862
WDHD1,GSM2574807,537,Single,1,0.9581702222222221,0.957367,-0.0008032222222221774,0.8818978855079939
WIZ,GSM5214152,587,Single,1,0.959697,0.9581244444444444,-0.001572555555555577,0.8931124106562703
Xbp1,GSM5215581,402,Single,1,0.9624250703758902,0.9602220566318926,-0.0022030137439975617,0.8673257023933403
YEATS4,GSM5214448,784,Single,1,0.9751375555555556,0.9748433333333332,-0.0002942222222224178,0.9180327868852459
YY1,GSM2026776,111,MTL,3,0.9922505199470599,0.9929931934203065,0.0007426734732465246,0.9739850869925435
YY2,GSM2827507,111,MTL,3,0.9469382222222222,0.9465881111111112,-0.0003501111111110511,0.8602418207681366
ZBED1,GSM2527681,471,Single,1,0.9671140182121329,0.9672653584712068,0.00015134025907381776,0.8830587756762254
ZBED4,GSM5213916,609,Single,1,0.9646708888888889,0.9652942222222222,0.0006233333333333091,0.8810696692470091
ZBTB10,GSM5215472,380,Single,1,0.9687292222222224,0.9680014444444444,-0.0007277777777779937,0.9058265582655827
ZBTB11,GSM2424099,48,Single,1,0.9747826666666666,0.9747511666666666,-3.1499999999962114e-05,0.9206673476336398
ZBTB14,GSM5214968,69,Single,1,0.9789083986816683,0.9786183657233776,-0.0002900329582907757,0.9270516717325228
ZBTB16,GSM2947310,120,Single,1,0.9642807571683074,0.9660883969514062,0.0018076397830988356,0.8425774877650897
ZBTB17,GSM1181982,99,Single,1,0.9855396111111111,0.9862355555555556,0.0006959444444445406,0.9390656736628301
ZBTB18,GSM2026861,28,MTL,2,0.9603527312174126,0.9636945795569865,0.0033418483395738496,0.8547008547008547
ZBTB20,GSM2827428,374,Single,1,0.9686886666666669,0.968763,7.433333333317638e-05,0.8916769747305178
ZBTB26,GSM2825531,371,Single,1,0.9939284747292417,0.9940821299638988,0.00015365523465704634,0.9762223710649699
ZBTB2,GSM2574750,31,Single,1,0.9948277777777779,0.9941779444444444,-0.0006498333333334605,0.9711522427880607
ZBTB33,GSM5214041,377,Single,1,0.9674445555555554,0.968078388888889,0.0006338333333335555,0.9048668814651518
ZBTB37,GSM5214255,367,Single,1,0.9491068846815836,0.947593918531268,-0.0015129661503155978,0.8650394831299354
ZBTB38,GSM5331353,375,Single,1,0.9731272222222221,0.9734135555555554,0.0002863333333332774,0.918829558604728
ZBTB39,GSM5214480,75,Single,1,0.9680442777777779,0.9668685555555556,-0.0011757222222222863,0.9008124576844956
ZBTB3,GSM5214483,29,Single,1,0.9599548888888889,0.9612653333333334,0.001310444444444503,0.8771134739410842
ZBTB42,GSM5214061,28,MTL,2,0.9700091111111111,0.9696332777777776,-0.000375833333333464,0.8660470202296336
ZBTB43,GSM5215126,368,Single,1,0.9586712222222222,0.959658,0.0009867777777777809,0.8919175911251981
ZBTB44,GSM5214347,30,Single,1,0.9696009999999999,0.968847,-0.0007539999999999214,0.911467813999669
ZBTB46,GSM5215226,378,Single,1,0.9643909126517822,0.9642628280454368,-0.0001280846063453911,0.8843919054297736
ZBTB48,GSM2026757,118,Single,1,0.9380777777777777,0.9398971111111112,0.001819333333333506,0.8421617752326414
ZBTB49,GSM5214488,124,Single,1,0.9532814999999998,0.9522375555555554,-0.0010439444444443335,0.8819714656290532
ZBTB4,GSM5214455,376,Single,1,0.960621,0.9613678888888888,0.0007468888888888525,0.890625
ZBTB5,GSM2828965,363,Single,1,0.8726123499142368,0.8728582046883935,0.0002458547741567285,0.6723243752946724
ZBTB6,GSM2026806,372,Single,1,0.9837887736100027,0.984852088321362,0.0010633147113592312,0.905448717948718
ZBTB8A,GSM2423541,379,Single,1,0.9647155,0.9641421111111113,-0.0005733888888886929,0.9081615266655307
ZEB1,GSM1010809,68,MTL,2,0.9497163333333334,0.9520032222222222,0.0022868888888888383,0.8744952893674294
ZEB2,GSM2753034,68,MTL,2,0.9344218483545011,0.9338831055342038,-0.000538742820297311,0.7870619946091644
ZFHX2,GSM2827267,618,Single,1,0.9809530000000001,0.9815107777777778,0.0005577777777777682,0.9362333168561542
ZFHX4,GSM1265799,619,Single,1,0.8790141330575664,0.8771861427094106,-0.001827990348155728,0.6729522687094873
ZFP14,GSM2466448,269,MTL,3,0.9445018482405333,0.9141295805803766,-0.03037226766015666,0.7260726072607261
ZFP1,GSM2534187,288,Single,1,0.9492245555555555,0.9502995,0.0010749444444444478,0.8716262975778547
ZFP28,GSM3402700,261,Single,1,0.936925120272126,0.9281342119734244,-0.00879090829870166,0.7813765182186235
ZFP30,GSM5215188,269,MTL,3,0.9346761617527356,0.9437704734724504,0.009094311719714754,0.7604084838963079
ZFP36L2,GSM5215285,747,Single,1,0.9655790759075906,0.9651148514851484,-0.0004642244224422054,0.8979910278915545
ZFP37,GSM2423377,241,Single,1,0.9269521111111111,0.926724777777778,-0.0002273333333331351,0.8580968280467446
ZFP41,GSM5214029,195,Single,1,0.971321611111111,0.9713924444444444,7.083333333335329e-05,0.9071925754060325
ZFP57,GSM3177154,63,Single,1,0.9886366666666666,0.9886306111111112,-6.0555555554397955e-06,0.9607810690054609
ZFP64,GSM2026876,70,Single,1,0.9737708333333334,0.9728400555555556,-0.0009307777777777249,0.9118541033434651
ZFP82,GSM5215268,269,MTL,3,0.9706112222222223,0.9734863333333332,0.0028751111111109395,0.910813459653708
ZFP90,GSM2466454,228,Single,1,0.9486560685726804,0.9476428141088836,-0.0010132544637967422,0.8106508875739645
ZFX,GSM2825499,74,MTL,3,0.9459266666666667,0.9473406111111112,0.001413944444444537,0.8754851228978008
ZFY,GSM5215350,74,MTL,3,0.9828947777777778,0.9817874444444444,-0.001107333333333349,0.9357049608355091
ZGLP1,GSM1050111,673,Single,1,0.907074780058651,0.9100378787878788,0.002963098729227731,0.7428571428571429
ZGPAT,GSM2534339,27,Single,1,0.9559647222222221,0.9550301111111112,-0.0009346111111108169,0.8334276551594039
ZHX2,GSM2974460,483,Single,1,0.9625633333333332,0.9625754444444444,1.2111111111212658e-05,0.8990794408455506
ZHX3,GSM2797668,485,Single,1,0.962493,0.9618084444444444,-0.0006845555555556881,0.8948387096774194
ZIC5,GSM3657691,96,MTL,2,0.9906118766404199,0.9909891732283465,0.0003772965879265122,0.9718636213174445
ZIK1,GSM5214712,207,MTL,2,0.9809079444444445,0.981037777777778,0.00012983333333349556,0.9328445259123479
ZIM2,GSM2466456,354,Single,1,0.9602787456445994,0.949427575908412,-0.010851169736187383,0.7872340425531915
ZIM3,GSM2466457,280,Single,1,0.9837905,0.9820573888888888,-0.0017331111111111852,0.9503404750041521
ZKSCAN1,GSM2423103,319,Single,1,0.9619352933785652,0.96149189596683,-0.000443397411735158,0.8863432969393235
ZKSCAN2,GSM2466458,142,Single,1,0.9289919846950556,0.9296970346670186,0.0007050499719629677,0.7564102564102564
ZKSCAN3,GSM5215336,320,MTL,2,0.9165285366877087,0.9202847061714544,0.003756169483745686,0.6614906832298136
ZKSCAN4,GSM3402702,320,MTL,2,0.9254848484848486,0.9358585858585858,0.010373737373737257,0.8181818181818182
ZKSCAN5,GSM5214972,323,Single,1,0.9584761666666667,0.9592394444444444,0.0007632777777777378,0.8949558848010655
ZKSCAN7,GSM3402701,306,Single,1,0.9346011633187017,0.944385581767466,0.00978441844876432,0.776595744680851
ZKSCAN8,GSM2534469,316,Single,1,0.9480198333333333,0.9451523333333334,-0.002867499999999912,0.877116512992456
ZNF100,GSM2466467,165,MTL,30,0.98021815008726,0.9845034904013962,0.004285340314136188,0.8996539792387543
ZNF101,GSM2423517,184,Single,1,0.9044762222222222,0.9051412222222224,0.0006650000000001377,0.8095760233918129
ZNF10,GSM2825086,217,Single,1,0.9368161111111112,0.9367760555555557,-4.005555555552931e-05,0.8378184427700036
ZNF112,GSM2828848,153,Single,1,0.9544019189765459,0.949065209665956,-0.005336709310589938,0.8531618435155413
ZNF114,GSM2466472,345,Single,1,0.9209231490159325,0.924203373945642,0.0032802249297094743,0.7721518987341772
ZNF121,GSM5215294,178,MTL,2,0.9691436666666667,0.9681668888888888,-0.0009767777777779374,0.9100439634764964
ZNF124,GSM5215048,179,MTL,7,0.9613627222222222,0.967303611111111,0.005940888888888773,0.8932631936195486
ZNF12,GSM2797671,293,MTL,2,0.9494457777777778,0.9540063333333332,0.004560555555555346,0.8771929824561403
ZNF131,GSM1959091,100,Single,1,0.9563871841352348,0.9569746871382706,0.0005875030030357831,0.8656716417910447
ZNF132,GSM2466475,204,Single,1,0.9505216638571233,0.9449633240694336,-0.0055583397876897145,0.7707317073170732
ZNF133,GSM2466476,138,Single,1,0.9734811647146425,0.9751003780632794,0.0016192133486369054,0.9027996225228059
ZNF134,GSM5215175,201,MTL,3,0.9279575757575758,0.9301895104895106,0.002231934731934837,0.7987421383647799
ZNF136,GSM2026789,179,MTL,7,0.945756649767345,0.9406382387665811,-0.005118411000763823,0.7123287671232876
ZNF138,GSM5215074,166,Single,1,0.9804186666666667,0.9797811666666668,-0.0006374999999998465,0.903897019925939
ZNF140,GSM2423519,264,Single,1,0.969885188709166,0.9693184268950206,-0.000566761814145389,0.8778409090909091
ZNF141,GSM2466479,165,MTL,30,0.9893045404208195,0.9909167220376524,0.0016121816168328529,0.9223233030090973
ZNF142,GSM5214812,50,Single,1,0.9724183333333333,0.9728497222222222,0.00043138888888893945,0.9007263922518159
ZNF143,GSM2024873,112,MTL,2,0.9828166666666667,0.9842437777777776,0.0014271111111109347,0.933781512605042
ZNF146,GSM2423862,239,MTL,3,0.9918842222222223,0.9913616666666668,-0.0005225555555554706,0.9665167416291854
ZNF148,GSM2828724,101,Single,1,0.9457757889778614,0.9459792746113987,0.00020348563353733695,0.8650793650793651
ZNF154,GSM2466480,210,Single,1,0.9325236167341431,0.9249769159741458,-0.007546700759997305,0.7368421052631579
ZNF155,GSM2828365,151,MTL,9,0.9563528344671203,0.9613600907029478,0.00500725623582754,0.8325358851674641
ZNF160,GSM3402703,158,Single,1,0.9745806021849187,0.9750839328537172,0.0005033306687984851,0.9199346405228758
ZNF165,GSM5330712,317,Single,1,0.9423386243386244,0.9413258778258778,-0.0010127465127465207,0.814139110604333
ZNF169,GSM5214930,139,Single,1,0.9453765830346476,0.9452090800477896,-0.00016750298685797027,0.7911908646003263
ZNF174,GSM5214339,326,Single,1,0.9147528331488289,0.9072639414014984,-0.007488891747330584,0.7045454545454546
ZNF175,GSM2423017,278,MTL,3,0.9670581453634085,0.9645027568922304,-0.0025553884711780883,0.8407960199004975
ZNF177,GSM5374142,190,Single,1,0.9136517576176222,0.9056072031621768,-0.008044554455445385,0.6977611940298507
ZNF17,GSM5214406,203,MTL,4,0.9728155136268343,0.9785959119496854,0.005780398322851155,0.90600624024961
ZNF180,GSM5214590,218,Single,1,0.9680597953216374,0.9700929824561404,0.002033187134502956,0.875753361149745
ZNF181,GSM2466486,220,MTL,2,0.8972999349381913,0.9255367599219256,0.028236824983734365,0.6727272727272727
ZNF182,GSM2466487,283,Single,1,0.933849269068917,0.9346921417152224,0.0008428726463054481,0.8202995008319468
ZNF184,GSM5214938,251,MTL,2,0.9336335437650318,0.938324789595233,0.004691245830201196,0.722
ZNF189,GSM3634423,242,Single,1,0.9363841666666667,0.9371635555555556,0.0007793888888889544,0.8615232443125618
ZNF18,GSM2424220,147,Single,1,0.9229301111111111,0.9195443333333332,-0.003385777777777932,0.8504301786896096
ZNF195,GSM3402704,167,Single,1,0.9464215686274509,0.945,-0.0014215686274509087,0.7883211678832117
ZNF197,GSM2466491,307,Single,1,0.9302248062015505,0.9157364341085272,-0.014488372093023227,0.6927710843373494
ZNF19,GSM2828504,235,Single,1,0.9161604099520021,0.9078025366939504,-0.008357873258051707,0.7323162274618585
ZNF202,GSM2466493,325,Single,1,0.9931660620482372,0.993050193050193,-0.00011586899804416628,0.986702640200424
ZNF205,GSM2466494,341,Single,1,0.8700513613017591,0.8654606608790509,-0.004590700422708149,0.62
ZNF207,GSM2423041,508,Single,1,0.9291992222222222,0.9286723333333334,-0.0005268888888887435,0.8324654336505656
ZNF20,GSM5213968,183,MTL,8,0.9653711074258338,0.9658615257048092,0.0004904182789754463,0.8727588201272412
ZNF211,GSM2466495,212,Single,1,0.8988079979492437,0.9254518072289156,0.026643809279671915,0.73224043715847
ZNF212,GSM5213832,355,MTL,2,0.9230026490066225,0.9160348785871965,-0.006967770419426089,0.7473460721868365
ZNF213,GSM3402721,146,Single,1,0.9452792644435296,0.9414196514340608,-0.0038596130094687986,0.7022900763358778
ZNF214,GSM2466498,149,Single,1,0.851037851037851,0.851037851037851,0.0,0.6388888888888888
ZNF215,GSM5215784,346,Single,1,0.8658810763888889,0.8665572916666666,0.0006762152777777253,0.5995753715498938
ZNF217,GSM5214302,72,Single,1,0.9500581111111113,0.9516075,0.0015493888888887808,0.86722571628232
ZNF219,GSM2797674,107,Single,1,0.9426208888888888,0.9404594444444444,-0.002161444444444438,0.8446115288220551
ZNF221,GSM6372563,151,MTL,9,0.9610914444444445,0.971565111111111,0.010473666666666492,0.892125317527519
ZNF222,GSM2466499,151,MTL,9,0.9262947739283616,0.9374366091923344,0.011141835263972832,0.705685618729097
ZNF223,GSM2466500,151,MTL,9,0.8801126584259114,0.9344807802639128,0.05436812183800144,0.7472527472527473
ZNF224,GSM5214928,151,MTL,9,0.9649957222222223,0.9742030555555554,0.009207333333333123,0.8994521430873348
ZNF225,GSM5330617,151,MTL,9,0.9794034444444445,0.9809594444444444,0.0015559999999998908,0.9252620899560365
ZNF227,GSM5331230,154,Single,1,0.9427377777777779,0.9416422222222222,-0.0010955555555557384,0.7882454624027658
ZNF22,GSM2026767,337,Single,1,0.9619457222222223,0.9618874444444444,-5.8277777777893114e-05,0.9301521438450899
ZNF230,GSM5214470,151,MTL,9,0.9678843333333335,0.9796734444444444,0.011789111111110917,0.9007710358699296
ZNF232,GSM5214562,312,Single,1,0.964635888888889,0.96619,0.001554111111111034,0.9016003802883854
ZNF234,GSM5214412,151,MTL,9,0.9737803333333331,0.9811741111111112,0.0073937777777780544,0.8969418419657063
ZNF235,GSM2466503,152,MTL,2,0.8651222072274705,0.9520167941220572,0.08689458689458673,0.7105263157894737
ZNF239,GSM5215600,150,Single,1,0.9065305555555556,0.9076977222222224,0.0011671666666668301,0.778620166793025
ZNF23,GSM5215019,236,Single,1,0.8857054083645219,0.8821789133351946,-0.0035264950293273367,0.6172161172161172
ZNF248,GSM2466504,291,Single,1,0.9892814191220686,0.9887919422730006,-0.0004894768490679713,0.9586776859504132
ZNF24,GSM2827518,322,Single,1,0.9118335,0.9102576666666669,-0.0015758333333331098,0.8194079523559292
ZNF250,GSM2026762,246,Single,1,0.9700241064877895,0.9689847325577332,-0.0010393739300562643,0.9216300940438872
ZNF251,GSM3402706,221,Single,1,0.9719039444444444,0.9693449444444444,-0.002558999999999978,0.9154710458081244
ZNF253,GSM5214373,165,MTL,30,0.9081833989850598,0.9234595502561008,0.015276151271040983,0.6391382405745063
ZNF254,GSM2466505,165,MTL,30,0.9629929548951333,0.9714619267417064,0.008468971846573137,0.8780487804878049
ZNF256,GSM5215271,211,Single,1,0.9607321111111109,0.9614873888888888,0.0007552777777779518,0.8911690496215307
ZNF257,GSM2466506,165,MTL,30,0.9811113333333333,0.9805104444444444,-0.0006008888888889841,0.9320104098893949
ZNF25,GSM5215289,240,Single,1,0.9539402222222223,0.9538875555555556,-5.2666666666700834e-05,0.889793260621846
ZNF260,GSM2026812,239,MTL,3,0.982931700517722,0.9834687375547588,0.0005370370370367805,0.8876543209876543
ZNF263,GSM5214687,303,Single,1,0.9750384444444444,0.9746819444444446,-0.0003564999999998708,0.9193391642371235
ZNF266,GSM2827472,174,MTL,2,0.9687752791718137,0.970908687003322,0.0021334078315082827,0.8444040036396724
ZNF267,GSM2466511,161,Single,1,0.974493257958177,0.9707829571452806,-0.003710300812896361,0.8532934131736527
ZNF26,GSM2825194,289,Single,1,0.9238166884145356,0.9053577251232297,-0.01845896329130592,0.7361563517915309
ZNF273,GSM2466513,165,MTL,30,0.9744089973812196,0.9734060980172092,-0.0010028993640103234,0.8925438596491229
ZNF274,GSM5214790,148,Single,1,0.9827148428538657,0.9830287910071116,0.0003139481532459243,0.9329299041855774
ZNF276,GSM5214414,551,Single,1,0.9662901111111112,0.9673746666666668,0.001084555555555644,0.9007057278844576
ZNF280A,GSM2026795,477,MTL,2,0.9101207228915663,0.8957395983935743,-0.014381124497992004,0.8069659063036546
ZNF280B,GSM5215277,477,MTL,2,0.9808000000000001,0.977825111111111,-0.0029748888888890823,0.934860883797054
ZNF280C,GSM2825102,478,MTL,2,0.9713232484076433,0.9716703821656052,0.0003471337579619149,0.8602510460251046
ZNF280D,GSM5214076,478,MTL,2,0.9329327222222222,0.932735,-0.0001977222222222519,0.8324946081955428
ZNF281,GSM5213849,102,Single,1,0.9661698333333333,0.964268777777778,-0.0019010555555553088,0.8995410504844467
ZNF282,GSM2466516,357,Single,1,0.9891118022623226,0.9877383958448808,-0.0013734064174418803,0.9568
ZNF283,GSM2466517,272,MTL,3,0.974328097731239,0.9727137870855148,-0.0016143106457241485,0.8494983277591973
ZNF284,GSM2466518,151,MTL,9,0.9966711111111111,0.9970661111111112,0.00039500000000014523,0.9789649415692822
ZNF285,GSM2466519,155,Single,1,0.9138349514563107,0.9098907766990292,-0.003944174757281482,0.5964912280701754
ZNF287,GSM2466520,308,Single,1,0.9155293276108726,0.9102067238912732,-0.005322603719599361,0.7149122807017544
ZNF28,GSM2466521,156,MTL,12,0.9735668165100123,0.9768035689960496,0.0032367524860372754,0.9014850449696716
ZNF292,GSM2423198,381,Single,1,0.9537701127464661,0.9487973534781108,-0.004972759268355276,0.7790549169859514
ZNF296,GSM5214706,56,Single,1,0.9702377777777778,0.9693835555555554,-0.0008542222222223117,0.9011478499229056
ZNF2,GSM2466522,233,Single,1,0.9684755539954842,0.9699992956774636,0.0015237416819793292,0.85
ZNF300,GSM2827237,286,Single,1,0.9370949033391915,0.9315319273579378,-0.0055629759812537705,0.7828467153284672
ZNF302,GSM5215455,220,MTL,2,0.9229057786893431,0.9184395788474576,-0.004466199841885454,0.7092731829573935
ZNF304,GSM2466525,201,MTL,3,0.9769162964077238,0.9721260140080792,-0.00479028239964463,0.8582781456953642
ZNF30,GSM5214975,268,Single,1,0.9776622222222223,0.9781478333333334,0.0004856111111111172,0.9178433889602053
ZNF311,GSM2466527,216,Single,1,0.9493883792048928,0.9485219164118246,-0.0008664627930682345,0.7818181818181819
ZNF316,GSM2423115,133,Single,1,0.9758123333333333,0.974768277777778,-0.0010440555555553122,0.9345258184272697
ZNF317,GSM5213938,193,Single,1,0.9361061666666668,0.937481,0.0013748333333332141,0.8376037531577047
ZNF318,GSM5214549,610,Single,1,0.9672057777777778,0.965590388888889,-0.0016153888888887913,0.887965367965368
ZNF319,GSM5214035,104,Single,1,0.9607834101382488,0.9612624167946748,0.0004790066564260842,0.8727124847498984
ZNF320,GSM2466529,156,MTL,12,0.971371280583999,0.9794767658900668,0.008105485306067806,0.8536741214057508
ZNF322,GSM2026819,339,Single,1,0.9748628994998092,0.974556557722826,-0.00030634177698318776,0.8661870503597122
ZNF324B,GSM2466530,215,MTL,2,0.8856065367693275,0.8706788183532369,-0.01492771841609064,0.7
ZNF324,GSM2423938,215,MTL,2,0.9307715000000001,0.933228888888889,0.0024573888888889117,0.8476798343971019
ZNF326,GSM5214117,563,Single,1,0.9403887441501424,0.940357082549332,-3.166160081036207e-05,0.7881188118811882
ZNF329,GSM2026823,237,Single,1,0.9722451626851152,0.9727748351529564,0.0005296724678411913,0.8648648648648649
ZNF331,GSM2797677,272,MTL,3,0.9573473888888888,0.9522163333333332,-0.005131055555555597,0.8878460816518067
ZNF333,GSM5214755,192,Single,1,0.9810762222222222,0.980703611111111,-0.0003726111111111985,0.9314126698313963
ZNF335,GSM2423319,612,Single,1,0.9382106111111113,0.9375101111111112,-0.0007005000000001038,0.8588957055214724
ZNF337,GSM5214174,140,Single,1,0.9605776666666668,0.960585,7.333333333248149e-06,0.897137464611513
ZNF33A,GSM5214619,290,MTL,2,0.9503105555555555,0.9543325555555556,0.004022000000000081,0.877169105137802
ZNF33B,GSM5214279,290,MTL,2,0.9704869999999999,0.9728371666666666,0.002350166666666764,0.904906937394247
ZNF341,GSM2423128,605,Single,1,0.9625801111111111,0.9614251666666668,-0.0011549444444443058,0.8873826903023984
ZNF343,GSM5215269,136,Single,1,0.9719318888888888,0.9717462222222222,-0.00018566666666663956,0.9163945133899413
ZNF34,GSM5331303,255,Single,1,0.9635249444444445,0.964362111111111,0.0008371666666665556,0.8987405541561713
ZNF350,GSM5214587,297,MTL,4,0.9630011666666666,0.9668026666666668,0.0038015000000002352,0.9002144153059541
ZNF354A,GSM2466540,229,MTL,2,0.919235284386591,0.9395809291470096,0.02034564476041867,0.8008948545861297
ZNF354B,GSM5214239,229,MTL,2,0.9154530988274707,0.9122315745393634,-0.0032215242881072914,0.7154471544715447
ZNF354C,GSM2423266,230,MTL,2,0.9652707627641178,0.9683917696725765,0.0031210069084586234,0.848780487804878
ZNF35,GSM2026761,238,Single,1,0.9192361111111111,0.9190919444444444,-0.00014416666666672295,0.8409197559831065
ZNF362,GSM5214057,35,MTL,2,0.9305493333333333,0.9313334444444444,0.0007841111111110965,0.8290644868301544
ZNF366,GSM2423020,36,MTL,2,0.9429094444444444,0.9403232222222222,-0.0025862222222221565,0.8677656962469309
ZNF367,GSM5214265,97,Single,1,0.9833774999999998,0.9830521111111112,-0.0003253888888885559,0.934509227502858
ZNF37A,GSM2026770,292,Single,1,0.9614190835363615,0.9555284851316624,-0.005890598404699077,0.8452380952380952
ZNF382,GSM2424065,282,MTL,2,0.9033067777777777,0.8981185,-0.005188277777777639,0.8134005763688761
ZNF383,GSM5214281,266,MTL,2,0.9613321111111112,0.9593885555555556,-0.0019435555555555872,0.8976480129764801
ZNF384,GSM2026843,35,MTL,2,0.9929314444444446,0.9926006666666668,-0.00033077777777779094,0.9613559322033899
ZNF391,GSM2423166,248,MTL,3,0.9291113333333334,0.9314778333333332,0.002366499999999827,0.8518955349620893
ZNF394,GSM2423060,304,Single,1,0.9322645555555557,0.931980888888889,-0.00028366666666668205,0.8598919648885888
ZNF397,GSM5214787,310,Single,1,0.9041666666666669,0.8991598793363499,-0.0050067873303170085,0.6624434389140271
ZNF398,GSM2827460,358,Single,1,0.9664366666666666,0.9645756666666668,-0.0018609999999997795,0.8939687005451029
ZNF3,GSM2825550,222,Single,1,0.9287734999999999,0.9270977777777778,-0.0016757222222221202,0.8517930815614091
ZNF404,GSM2827406,272,MTL,3,0.9322325352395193,0.932710905255992,0.0004783700164726623,0.7142857142857143
ZNF407,GSM2422888,364,Single,1,0.8926118163297289,0.8927881209841717,0.00017630465444284926,0.7445652173913043
ZNF408,GSM5214352,362,Single,1,0.9418649572649573,0.9428260683760684,0.0009611111111110793,0.7497048406139315
ZNF410,GSM2574773,352,Single,1,0.9468913599554678,0.9503677883659593,0.00347642841049145,0.7149425287356321
ZNF414,GSM5213960,731,Single,1,0.9698140000000001,0.9682926666666666,-0.0015213333333334855,0.8974537844436693
ZNF416,GSM5668028,207,MTL,2,0.9461435897435898,0.9488541310541312,0.002710541310541381,0.7959673547767643
ZNF417,GSM2466547,198,MTL,4,0.9752086172456924,0.9845707245132264,0.009362107267533948,0.8503937007874016
ZNF418,GSM2466548,198,MTL,4,0.9574499424626007,0.9668170310701956,0.009367088607594831,0.6829268292682927
ZNF419,GSM2466550,208,MTL,2,0.9019641368697771,0.8709098292333669,-0.03105430763641015,0.7123287671232876
ZNF41,GSM5214094,279,MTL,2,0.901,0.8966915509259259,-0.004308449074074128,0.7229825389334592
ZNF425,GSM2466551,128,Single,1,0.9237388510959941,0.9166145124716552,-0.007124338624338922,0.7211120764552563
ZNF426,GSM3402709,174,MTL,2,0.9138246810660604,0.9609226979916636,0.047098016925603226,0.7313432835820896
ZNF429,GSM2466552,165,MTL,30,0.9657813408602361,0.9614024083475442,-0.0043789325126919465,0.8727149627623562
ZNF430,GSM5669259,165,MTL,30,0.971233888888889,0.9671546666666666,-0.004079222222222345,0.9041999305796599
ZNF431,GSM2466554,165,MTL,30,0.9389031937480237,0.9587342458327688,0.019831052084745115,0.6794871794871795
ZNF432,GSM5214227,298,Single,1,0.9707744444444444,0.9715277777777775,0.0007533333333331615,0.8892800563281112
ZNF433,GSM2466556,183,MTL,8,0.9668708126943196,0.9816656194152256,0.01479480672090594,0.8411214953271028
ZNF436,GSM5214832,243,Single,1,0.9177932015226646,0.9183580689955888,0.0005648674729241687,0.6927252985884907
ZNF438,GSM2423672,467,Single,1,0.9696694155092592,0.9694741030092592,-0.0001953125000000444,0.9105145413870246
ZNF439,GSM2466557,183,MTL,8,0.8864624864081188,0.9729974628488584,0.0865349764407396,0.6732673267326733
ZNF440,GSM2466558,183,MTL,8,0.9597091748674755,0.9654303117440768,0.005721136876601252,0.7945205479452054
ZNF441,GSM5215741,182,MTL,7,0.969953,0.9715308333333336,0.0015778333333336114,0.9081062785581316
ZNF442,GSM2466560,182,MTL,7,0.8498712616359675,0.9743655037772684,0.12449424214130089,0.6021505376344086
ZNF443,GSM2466561,182,MTL,7,0.9437581052487884,0.9729301754146472,0.029172070165858766,0.6694560669456067
ZNF444,GSM5215013,134,Single,1,0.9069463276836159,0.901957627118644,-0.004988700564971915,0.6615969581749049
ZNF445,GSM2466562,135,Single,1,0.9596601789631279,0.9634715597182084,0.0038113807550804735,0.7795823665893271
ZNF446,GSM5214566,24,Single,1,0.9792490555555555,0.977471611111111,-0.0017774444444444981,0.9288214702450408
ZNF449,GSM2026818,305,Single,1,0.9665970570978599,0.968293549084396,0.0016964919865360972,0.9032258064516129
ZNF44,GSM5215095,182,MTL,7,0.9643036666666667,0.9702603333333332,0.005956666666666499,0.8995412118335706
ZNF454,GSM2466564,252,Single,1,0.9173128560315189,0.881276819995483,-0.03603603603603589,0.7272727272727273
ZNF45,GSM2466565,152,MTL,2,0.9095184948979592,0.9153380102040816,0.005819515306122347,0.6779661016949152
ZNF462,GSM5214825,620,Single,1,0.9199757777777778,0.9157818888888888,-0.004193888888889052,0.8425249169435216
ZNF467,GSM2026821,132,Single,1,0.9873892222222223,0.9852853888888888,-0.002103833333333416,0.9493587635646169
ZNF468,GSM2466567,156,MTL,12,0.9907727272727272,0.9921668831168832,0.0013941558441559199,0.928763440860215
ZNF473,GSM2827562,302,Single,1,0.9590395993477754,0.9580802469135804,-0.0009593524341949822,0.8629003238575027
ZNF479,GSM2466568,165,MTL,30,0.981231,0.982818722222222,0.0015877222222220322,0.9246935201401051
ZNF480,GSM2466569,157,MTL,6,0.9606274007682458,0.9521332540698736,-0.008494146698372229,0.804920913884007
ZNF483,GSM5214170,324,Single,1,0.9596854444444446,0.958123222222222,-0.0015622222222225757,0.8302527348170502
ZNF484,GSM5214427,279,MTL,2,0.9732954204204205,0.973721096096096,0.0004256756756755298,0.8936616029334731
ZNF485,GSM5215420,231,Single,1,0.9770498888888888,0.9766866111111112,-0.00036327777777755976,0.9262747645339396
ZNF486,GSM2466573,165,MTL,30,0.8730755460078768,0.9827694235588972,0.10969387755102034,0.3548387096774194
ZNF487,GSM2466574,365,Single,1,0.9488879786562753,0.9552091751447452,0.00632119648846996,0.8307692307692308
ZNF488,GSM2423376,460,Single,1,0.9500720353380903,0.949029901461094,-0.001042133876996254,0.8193146417445483
ZNF48,GSM2534006,340,Single,1,0.9778319999999999,0.978054111111111,0.0002221111111110341,0.9129232895646164
ZNF490,GSM2026888,180,Single,1,0.9891205312185297,0.9890264979859013,-9.403323262846541e-05,0.9501510574018127
ZNF491,GSM2828996,183,MTL,8,0.9016084213942357,0.9495466807293674,0.04793825933513174,0.7146814404432132
ZNF492,GSM2466575,165,MTL,30,0.8946155457783365,0.8686360779384035,-0.02597946783993299,0.6923076923076923
ZNF493,GSM2827531,165,MTL,30,0.9387343286829295,0.9589350303228088,0.020200701639879304,0.7468030690537084
ZNF496,GSM2466576,26,Single,1,0.8642857142857143,0.9095238095238096,0.0452380952380953,0.7777777777777778
ZNF501,GSM5213997,248,MTL,3,0.9637764444444443,0.9662383333333332,0.0024618888888888746,0.8962169400736525
ZNF502,GSM2026839,248,MTL,3,0.89288084965151,0.816793893129771,-0.07608695652173902,0.7529411764705882
ZNF503,GSM5215606,729,Single,1,0.9614208333333332,0.9566155555555556,-0.004805277777777617,0.9049115263767157
ZNF506,GSM2466577,165,MTL,30,0.9837769619091327,0.9857635000764876,0.0019865381673549454,0.9278350515463918
ZNF510,GSM3634206,294,Single,1,0.9651767025089606,0.966773476702509,0.0015967741935484225,0.8628539700166574
ZNF511,GSM2533962,680,Single,1,0.9523948888888888,0.9518266666666666,-0.0005682222222221922,0.8807991872671859
ZNF512B,GSM5214464,493,Single,1,0.9516603333333332,0.9492856666666664,-0.002374666666666858,0.8672191853288662
ZNF512,GSM2423713,492,Single,1,0.9328204444444446,0.9331868888888888,0.00036644444444422497,0.8479972013293685
ZNF513,GSM5215101,350,Single,1,0.97455550918197,0.9741039232053422,-0.00045158597662775524,0.9048800661703887
ZNF514,GSM2828998,197,Single,1,0.9628887218045112,0.9624942355889724,-0.0003944862155388362,0.8427249789739276
ZNF516,GSM2583862,73,Single,1,0.83562306501548,0.8541989164086687,0.018575851393188736,0.6176470588235294
ZNF518A,GSM2423106,469,Single,1,0.952232,0.953245888888889,0.0010138888888889808,0.8831928436263548
ZNF519,GSM2466578,170,Single,1,0.9841901666666666,0.9842605555555556,7.038888888899475e-05,0.9385603689672212
ZNF524,GSM2827213,20,Single,1,0.9679272222222222,0.967896,-3.1222222222182516e-05,0.9029194512838551
ZNF525,GSM2466579,156,MTL,12,0.9619196036122432,0.9749360664908496,0.013016462878606472,0.9125
ZNF526,GSM5215619,360,Single,1,0.9727314444444445,0.9705062777777776,-0.0022251666666668335,0.9157340355497038
ZNF527,GSM2466580,262,Single,1,0.9073624595469255,0.9110032362459548,0.003640776699029291,0.6875
ZNF528,GSM2026811,157,MTL,6,0.9236875555555556,0.930136,0.006448444444444368,0.8336215842269111
ZNF529,GSM2466582,276,Single,1,0.8870076552660823,0.871542783059637,-0.015464872206445324,0.6744186046511628
ZNF530,GSM5213903,205,Single,1,0.974408655687476,0.9746657730116176,0.00025711732414157584,0.8953068592057761
ZNF532,GSM2543140,627,Single,1,1.0,1.0,0.0,0.0
ZNF534,GSM2466584,157,MTL,6,0.9838528888888889,0.9869072222222222,0.00305433333333327,0.9462830533843339
ZNF540,GSM2466585,271,MTL,2,0.8783499164790473,0.9209092889824968,0.042559372503449544,0.6804123711340206
ZNF544,GSM2797684,219,Single,1,0.9544434444444443,0.9570735555555556,0.002630111111111333,0.8691703056768559
ZNF546,GSM3402711,273,Single,1,0.9464698721850274,0.8994623655913978,-0.04700750659362962,0.632258064516129
ZNF547,GSM5215496,203,MTL,4,0.9753008888888891,0.979366222222222,0.004065333333332921,0.9107787519339866
ZNF548,GSM5214148,203,MTL,4,0.971809111111111,0.9761990555555556,0.004389944444444627,0.9099864130434783
ZNF549,GSM5215051,213,Single,1,0.9629111104366067,0.9607189711109764,-0.002192139325630338,0.8261120739456961
ZNF550,GSM5215298,226,Single,1,0.9621107222222223,0.9623568333333334,0.0002461111111111691,0.8898929049531459
ZNF551,GSM5374463,206,Single,1,0.8763571144973372,0.8650360756287565,-0.011321038868580713,0.5480093676814989
ZNF552,GSM2466592,198,MTL,4,0.9499158249158249,0.9565656565656566,0.006649831649831683,0.7407407407407407
ZNF554,GSM2026822,224,Single,1,0.9603853888888889,0.9616289444444444,0.0012435555555554423,0.8896516217607688
ZNF556,GSM5215682,188,Single,1,0.9632597777777778,0.9630533333333332,-0.00020644444444462007,0.8938830686042581
ZNF557,GSM5214760,189,MTL,2,0.9642568333333332,0.9662171111111112,0.0019602777777779634,0.8988164694115686
ZNF558,GSM2423492,189,MTL,2,0.8897618333333333,0.8914374999999999,0.0016756666666666309,0.8086838534599728
ZNF560,GSM2827456,176,Single,1,0.9714321959755031,0.9732300962379702,0.001797900262467067,0.8152173913043478
ZNF561,GSM2466596,177,MTL,2,0.9697528789293495,0.9743492063492064,0.004596327419856938,0.8509212730318257
ZNF562,GSM2466597,177,MTL,2,0.9356543456543457,0.9543756243756244,0.01872127872127871,0.8472906403940886
ZNF563,GSM2026838,182,MTL,7,0.9492489808641104,0.9389224677456276,-0.01032651311848276,0.7267950963222417
ZNF564,GSM2466598,179,MTL,7,0.9857147051914493,0.9865589029833216,0.0008441977918722809,0.8620689655172413
ZNF565,GSM5330893,270,MTL,2,0.9183011576438541,0.9154811031664964,-0.0028200544773576697,0.7250437828371279
ZNF566,GSM2466600,266,MTL,2,0.965607210626186,0.96905834914611,0.0034511385199239575,0.6666666666666666
ZNF567,GSM2466601,282,MTL,2,0.9366340560549974,0.925283506669017,-0.011350549385980346,0.7633262260127932
ZNF569,GSM5213972,239,MTL,3,0.9586034956969214,0.9585425723834028,-6.092331351859048e-05,0.838963963963964
ZNF570,GSM2466602,260,MTL,2,0.9091273456002915,0.7965385316086718,-0.11258881399161969,0.6304347826086957
ZNF571,GSM2466603,270,MTL,2,0.9433815296236795,0.9077941677620368,-0.035587361861642686,0.782608695652174
ZNF572,GSM5215720,334,Single,1,0.9601446666666666,0.9610237777777778,0.0008791111111111638,0.89625
ZNF573,GSM2466604,271,MTL,2,0.9445650689966605,0.9559745909558716,0.011409521959211077,0.7004909983633388
ZNF574,GSM5214932,361,Single,1,0.9780952222222221,0.9781646666666666,6.94444444444553e-05,0.9193819281155525
ZNF576,GSM5330937,34,Single,1,0.9582387777777778,0.957976,-0.00026277777777772293,0.8719194724054148
ZNF577,GSM3402712,234,Single,1,0.9615616151993862,0.961768344314784,0.0002067291153977635,0.8311688311688312
ZNF578,GSM3402713,156,MTL,12,0.9300258330430743,0.9392342969929176,0.009208463949843315,0.7258485639686684
ZNF579,GSM2825077,44,Single,1,0.8897896103896104,0.8854355844155845,-0.004354025974025899,0.7578781512605042
ZNF580,GSM2527559,21,Single,1,0.966844888888889,0.9681000555555556,0.001255166666666585,0.9074774034511093
ZNF582,GSM2026852,265,Single,1,0.906541180877464,0.8968488083532331,-0.009692372524230941,0.8495575221238938
ZNF583,GSM5214241,260,MTL,2,0.9230739618831252,0.9235303546636374,0.0004563927805122381,0.7946485453387131
ZNF584,GSM2825490,214,Single,1,0.9356482222222222,0.9393631111111111,0.003714888888888934,0.8627132412672623
ZNF585A,GSM2466607,278,MTL,3,0.8997611940298507,0.9078050373134328,0.008043843283582097,0.7218045112781954
ZNF586,GSM2026882,199,Single,1,0.993421180457059,0.99336532072231,-5.585973474897532e-05,0.9603072983354674
ZNF587,GSM2466608,198,MTL,4,0.9424887433483421,0.9641713418891912,0.021682598540849085,0.7942583732057417
ZNF589,GSM2563966,137,Single,1,1.0,1.0,0.0,0.0
ZNF592,GSM2825585,628,Single,1,0.8865217777777779,0.8856023888888889,-0.0009193888888889834,0.8037964326624121
ZNF595,GSM2026826,165,MTL,30,0.8986402296982502,0.912156671542337,0.013516441844086846,0.6013071895424836
ZNF596,GSM2026841,172,Single,1,0.9120898814447201,0.925530741659774,0.013440860215053863,0.751131221719457
ZNF597,GSM5215728,347,Single,1,0.9721125526836947,0.9702984563042706,-0.0018140963794240905,0.8832731648616126
ZNF607,GSM5214323,277,Single,1,0.9720717222222222,0.9707976666666668,-0.0012740555555553756,0.9018194301407484
ZNF608,GSM5214477,635,Single,1,0.9775599444444444,0.9761324444444444,-0.001427500000000026,0.9189449983917658
ZNF609,GSM5213896,636,Single,1,0.9485750000000001,0.9507937222222222,0.0022187222222221914,0.880920613742495
ZNF610,GSM2423864,157,MTL,6,0.9284686666666666,0.9363647777777776,0.007896111111110993,0.8333028362305581
ZNF611,GSM2466611,156,MTL,12,0.9809979423868314,0.9853465020576132,0.004348559670781849,0.8829300196206671
ZNF613,GSM2466612,297,MTL,4,0.8917012523663899,0.8969073103247414,0.005206057958351495,0.6062992125984252
ZNF614,GSM2466613,299,Single,1,0.8928381335383525,0.8514992016086109,-0.041338931929741585,0.7226890756302521
ZNF615,GSM5214514,297,MTL,4,0.9607410555555556,0.9654382222222222,0.004697166666666641,0.8904884318766066
ZNF616,GSM5215705,159,Single,1,0.9804956666666669,0.9815138888888888,0.0010182222222219206,0.9304405432262338
ZNF618,GSM2111484,462,Single,1,0.9757519417696044,0.9752480128454926,-0.000503928924111885,0.8826205641492265
ZNF619,GSM5215625,258,Single,1,0.9674354444444444,0.9669891666666668,-0.000446277777777615,0.9098294069861901
ZNF620,GSM2466617,257,MTL,2,0.8354771784232365,0.8395228215767635,0.004045643153526957,0.6865671641791045
ZNF624,GSM5214027,284,Single,1,0.8999820359281439,0.8964754934575294,-0.0035065424706144377,0.735207100591716
ZNF626,GSM2466619,165,MTL,30,0.8661895023858214,0.885562372188139,0.01937286980231767,0.5467625899280576
ZNF627,GSM2466620,179,MTL,7,0.9683291518557412,0.9770040701668052,0.00867491831106404,0.8843283582089553
ZNF629,GSM5215117,332,Single,1,0.9718698888888888,0.9714161111111111,-0.00045377777777766415,0.9129547772866372
ZNF639,GSM2574764,430,Single,1,0.967196111111111,0.9676020000000002,0.00040588888888914987,0.9033184428844927
ZNF641,GSM2423698,348,Single,1,0.9118715927750412,0.9116814449917898,-0.00019014778325132653,0.7416502946954814
ZNF644,GSM2534180,588,Single,1,0.9488067777777778,0.9475337777777778,-0.0012729999999999686,0.8747474747474747
ZNF646,GSM5668508,51,Single,1,0.9596837777777777,0.9601466666666668,0.0004628888888891236,0.8629790310918294
ZNF649,GSM2466622,297,MTL,4,0.9875118079752225,0.9890847851335656,0.0015729771583430363,0.9396449704142011
ZNF652,GSM2534082,351,Single,1,0.9487873333333334,0.9484928888888888,-0.00029444444444459705,0.8758526603001364
ZNF654,GSM2423581,382,Single,1,0.9890073888888888,0.9873226666666668,-0.001684722222222046,0.9581950895819509
ZNF655,GSM5374626,342,Single,1,0.8782295214922953,0.8764168694241686,-0.0018126520681266411,0.6280752532561505
ZNF658,GSM2828881,301,Single,1,0.9686230816451811,0.9686218538980972,-1.2277470838872873e-06,0.8328767123287671
ZNF660,GSM5215022,249,Single,1,0.9741500983507339,0.9733655621122712,-0.0007845362384626409,0.8886765408504539
ZNF662,GSM2827532,259,Single,1,0.9355658989123481,0.9312141714651312,-0.004351727447216902,0.8207452165156093
ZNF664,GSM2423889,196,Single,1,0.9228166666666666,0.922359,-0.0004576666666665785,0.8471327053379607
ZNF667,GSM2466624,263,Single,1,0.9090491803278689,0.8534426229508196,-0.055606557377049226,0.7228915662650602
ZNF669,GSM2466625,181,Single,1,0.9569837701117121,0.9356425209021288,-0.021341249209583246,0.7368421052631579
ZNF670,GSM2825542,179,MTL,7,0.9789814432989691,0.9877656357388316,0.008784192439862504,0.8945686900958466
ZNF671,GSM2466626,202,Single,1,0.9758134903044551,0.9766436799354344,0.000830189630979361,0.8678611422172452
ZNF674,GSM5215097,287,Single,1,0.980380057993937,0.9806414920258336,0.0002614340318966013,0.9244618395303327
ZNF675,GSM2466628,165,MTL,30,0.9870246797875665,0.991607622617932,0.004582942830365533,0.9329556185080264
ZNF678,GSM5215333,163,Single,1,0.9765546666666667,0.9761683333333334,-0.00038633333333326636,0.914704878880928
ZNF680,GSM2466630,165,MTL,30,0.9779536590961229,0.9819371415462264,0.003983482450103493,0.9270256668344238
ZNF681,GSM2466631,165,MTL,30,0.9653959460053643,0.9711889372554192,0.005792991250054946,0.8200836820083682
ZNF682,GSM2466633,164,Single,1,0.966956241956242,0.9683595330023902,0.001403291046148225,0.8416347381864623
ZNF684,GSM2466634,281,Single,1,0.9529285930637589,0.957841132818416,0.004912539754657108,0.7327586206896551
ZNF687,GSM5215692,629,Single,1,0.9832424242424241,0.9833453751488684,0.00010295090644429905,0.9424400067125357
ZNF691,GSM5214837,338,Single,1,0.9767256666666666,0.9770108888888888,0.000285222222222159,0.9254771784232365
ZNF692,GSM2423464,76,Single,1,0.9406460000000001,0.9443921666666668,0.003746166666666717,0.8656007598543612
ZNF695,GSM2466635,168,Single,1,0.9384812220276318,0.936347927612376,-0.002133294415255893,0.8054607508532423
ZNF696,GSM5214437,328,Single,1,0.8892949094816226,0.8923345733573904,0.0030396638757678174,0.645
ZNF697,GSM5214050,331,Single,1,0.9773896666666666,0.9760051111111112,-0.001384555555555389,0.920575783234547
ZNF699,GSM6372198,186,Single,1,0.8987518453371863,0.9050515123912428,0.00629966705405649,0.6604215456674473
ZNF69,GSM2466636,183,MTL,8,0.8564654175341199,0.9364445986583392,0.07997918112421931,0.6666666666666666
ZNF700,GSM5215466,183,MTL,8,0.8667800674920495,0.8720235399505236,0.005243472458474119,0.5747800586510264
ZNF701,GSM2938898,156,MTL,12,0.9444625078764964,0.947974375131275,0.003511867254778589,0.833969465648855
ZNF704,GSM4634555,592,Single,1,0.8888004246284502,0.8872965322009908,-0.0015038924274594079,0.6153846153846154
ZNF705G,GSM2466638,173,Single,1,0.924276699607096,0.9211810929872604,-0.0030956066198356558,0.78125
ZNF707,GSM2424049,127,Single,1,0.969327867335928,0.9669372136921378,-0.002390653643790208,0.8863528292914884
ZNF708,GSM2466640,165,MTL,30,0.9433558068928454,0.9621376814974744,0.01878187460462899,0.7557117750439367
ZNF709,GSM5215570,179,MTL,7,0.9727671111111111,0.9793886111111112,0.006621500000000058,0.9012860618700035
ZNF70,GSM5330849,253,Single,1,0.8901521666666667,0.8948381666666667,0.004685999999999968,0.8086172344689379
ZNF710,GSM5215732,36,MTL,2,0.9505961111111112,0.9522957777777776,0.0016996666666664328,0.8799467908214167
ZNF711,GSM2741765,74,MTL,3,0.9456136533323242,0.9494311242932908,0.003817470960966629,0.8536585365853658
ZNF713,GSM5214817,223,Single,1,0.9627334434806554,0.9632116205424756,0.00047817706182018416,0.8668690372940157
ZNF714,GSM2466641,165,MTL,30,0.9515403032721469,0.9592098962490024,0.007669592976855544,0.7639751552795031
ZNF716,GSM2466642,165,MTL,30,0.9090460153698513,0.900857076673616,-0.00818893869623527,0.6428571428571429
ZNF71,GSM2423047,247,Single,1,0.9634096666666666,0.9616244444444444,-0.0017852222222222158,0.8973548494426884
ZNF720,GSM5215681,162,Single,1,0.9609415333701048,0.9613250597536313,0.00038352638352645574,0.8566766385640467
ZNF724,GSM3402714,165,MTL,30,0.9316287812748637,0.9602781889821188,0.028649407707255103,0.76875
ZNF729,GSM3402715,165,MTL,30,0.9012073262753527,0.9599501520590858,0.05874282578373313,0.75
ZNF730,GSM2466643,165,MTL,30,0.9155981348516238,0.8873560433558708,-0.028242091495752963,0.7181467181467182
ZNF736,GSM2466644,169,Single,1,0.9729630726373398,0.9763103346165236,0.00334726197918378,0.9186440677966101
ZNF737,GSM5214797,165,MTL,30,0.9677448888888889,0.9683287777777778,0.0005838888888889393,0.904910494334045
ZNF740,GSM5214131,103,Single,1,0.9711915555555554,0.9737343333333331,0.0025427777777777827,0.9215265157773005
ZNF746,GSM3402720,356,Single,1,0.9512856973575068,0.95434293162697,0.0030572342694632493,0.7888888888888889
ZNF747,GSM2827587,125,MTL,2,0.9768525161933233,0.9772640757349276,0.00041155954160432273,0.885145482388974
ZNF749,GSM2466646,203,MTL,4,0.9277038526999846,0.9563283304966734,0.028624477796688863,0.7916666666666666
ZNF74,GSM2466647,232,Single,1,0.873791599818997,0.8475050392858612,-0.026286560533135828,0.6271186440677966
ZNF750,GSM1387027,771,Single,1,0.9556962222222223,0.955069722222222,-0.0006265000000003074,0.8748030117317458
ZNF75A,GSM2574809,327,MTL,2,0.9599263860133425,0.9586483654116504,-0.0012780206016920204,0.8605830164765526
ZNF75D,GSM2466648,327,MTL,2,0.9885993982376962,0.9884053298946917,-0.00019406834300450537,0.953307392996109
ZNF761,GSM5215642,156,MTL,12,0.9667914444444445,0.9752097777777778,0.008418333333333305,0.9024633821571239
ZNF763,GSM3402716,183,MTL,8,0.9275548986486486,0.9516539977477476,0.02409909909909902,0.7049180327868853
ZNF764,GSM2466650,125,MTL,2,0.8253400143163923,0.8894953471725126,0.0641553328561203,0.59375
ZNF765,GSM2466651,156,MTL,12,0.9805900343642612,0.9867168384879724,0.006126804123711249,0.8899273104880582
ZNF766,GSM2825565,157,MTL,6,0.9427576666666665,0.9472806666666668,0.004523000000000277,0.8720834022836339
ZNF768,GSM5215173,333,Single,1,0.9846563888888888,0.985000722222222,0.00034433333333316885,0.9308047155304972
ZNF76,GSM959052,112,MTL,2,0.9767436666666667,0.9809256666666668,0.00418200000000013,0.9182984469952734
ZNF770,GSM5214799,49,Single,1,0.9578197777777778,0.958518,0.0006982222222221557,0.8846619401694622
ZNF772,GSM5214161,201,MTL,3,0.9789117777777778,0.9776595555555554,-0.0012522222222224322,0.9259197043507476
ZNF773,GSM5214043,208,MTL,2,0.9830512222222222,0.9827820555555556,-0.00026916666666654265,0.9331778036993834
ZNF774,GSM2026816,336,Single,1,0.8856292517006803,0.8921485260770975,0.0065192743764171945,0.6666666666666666
ZNF775,GSM5214683,131,Single,1,0.9466634103019539,0.9440139135583184,-0.00264949674363546,0.7972477064220184
ZNF776,GSM5213864,200,Single,1,0.9865057777777779,0.9870098888888889,0.0005041111111109275,0.9414929388029589
ZNF777,GSM5214377,359,Single,1,0.9857428888888888,0.9855031111111112,-0.00023977777777761666,0.9428761208900698
ZNF778,GSM5214896,178,MTL,2,0.9713003710045662,0.9719701769406393,0.0006698059360730202,0.8973466724662897
ZNF77,GSM5214626,187,Single,1,0.9163996174211424,0.90121478647564,-0.015184830945502381,0.6701754385964912
ZNF780A,GSM5369886,274,Single,1,0.9206537340629687,0.9244196758428258,0.003765941779857118,0.7219307450157397
ZNF781,GSM2423965,344,Single,1,0.983386911822855,0.9833521154606564,-3.4796362198608044e-05,0.9361573373676249
ZNF782,GSM5215308,296,Single,1,0.968410111111111,0.9702291111111112,0.001819000000000237,0.8997948016415869
ZNF783,GSM2466659,355,MTL,2,0.9976519313081602,0.997093073630582,-0.0005588576775782395,0.9876863253402463
ZNF784,GSM5214453,106,Single,1,0.9698528888888889,0.9698693333333334,1.6444444444485562e-05,0.9013693881088577
ZNF785,GSM5213943,126,Single,1,0.9140360423282142,0.9154308755573244,0.0013948332291101595,0.7344110854503464
ZNF786,GSM5213826,129,Single,1,0.9649466666666666,0.9635003333333334,-0.0014463333333332162,0.8986987316751771
ZNF789,GSM2466662,343,Single,1,0.9665520134765537,0.9584750485194364,-0.008076964957117294,0.8490566037735849
ZNF790,GSM2466663,267,Single,1,0.8558328606541881,0.8494044242768009,-0.006428436377387214,0.675
ZNF791,GSM2828913,179,MTL,7,0.9544384624854256,0.9621657384353508,0.007727275949925172,0.8388746803069054
ZNF792,GSM2533985,209,Single,1,0.9619542222222224,0.960715,-0.0012392222222223914,0.8456573852111378
ZNF793,GSM2466666,300,Single,1,0.9861972777777777,0.9855070555555556,-0.0006902222222220367,0.9452982978020162
ZNF799,GSM2466668,182,MTL,7,0.9341564401875686,0.936276563903023,0.0021201237154544472,0.7163120567375887
ZNF79,GSM2466669,250,Single,1,0.8512042500674921,0.8330337515082396,-0.018170498559252568,0.5856622114216282
ZNF7,GSM5214321,256,Single,1,0.9684336666666666,0.9668835555555556,-0.00155011111111103,0.9008347245409015
ZNF800,GSM5213813,387,Single,1,0.9802600555555556,0.9793519444444444,-0.0009081111111112206,0.9269529928982077
ZNF808,GSM2466672,156,MTL,12,0.9594151034151035,0.9616849446849448,0.0022698412698413106,0.8142532221379833
ZNF816,GSM6372196,156,MTL,12,0.9621631111111111,0.9715771111111112,0.009414000000000144,0.8530439580651095
ZNF81,GSM2466674,278,MTL,3,0.9759004966818315,0.989728285821612,0.013827789139780444,0.9139784946236559
ZNF823,GSM2466675,182,MTL,7,0.9476068601583112,0.9562080035180298,0.008601143359718622,0.8021108179419525
ZNF837,GSM2423882,329,Single,1,0.9638284745762713,0.9642185310734462,0.00039005649717493984,0.8840677966101695
ZNF83,GSM5214276,160,Single,1,0.9753943333333335,0.9757357777777778,0.00034144444444428323,0.9110271384403985
ZNF846,GSM2466676,175,Single,1,0.9714153725880389,0.974535375430866,0.0031200028428270965,0.9285714285714286
ZNF850,GSM5669572,275,Single,1,0.9737546666666665,0.9733748888888888,-0.0003797777777777567,0.9052197802197802
ZNF85,GSM2026800,165,MTL,30,0.9551226415094339,0.9640660377358492,0.008943396226415268,0.8008658008658008
ZNF860,GSM2466679,156,MTL,12,0.9571024335031126,0.9743350311262028,0.01723259762309015,0.826530612244898
ZNF865,GSM5669886,105,Single,1,0.9840496666666666,0.9848936666666668,0.0008440000000001779,0.9359229747675962
ZNF879,GSM2466680,230,MTL,2,0.9070832715738297,0.8753398748999497,-0.03174339667388004,0.6774716369529984
ZNF880,GSM2466681,157,MTL,6,0.9195546558704454,0.9439676113360324,0.024412955465586972,0.6796116504854369
ZNF883,GSM5331233,251,MTL,2,0.9825520555555555,0.9825872222222222,3.516666666669721e-05,0.9254941713127217
ZNF891,GSM5213974,191,Single,1,0.9797161666666667,0.9798566666666666,0.00014049999999987683,0.9306293256075969
ZNF8,GSM5331012,194,Single,1,0.9321433333333332,0.9340197222222224,0.001876388888889191,0.842481673520472
ZNF90,GSM2466684,165,MTL,30,0.952827846467054,0.997417945280302,0.04459009881324805,0.8913043478260869
ZNF92,GSM1463921,165,MTL,30,0.9467854444444445,0.9392384444444444,-0.007547000000000081,0.8744470908472269
ZNF93,GSM2466685,165,MTL,30,0.9805131350496379,0.9836230960125992,0.0031099609629613445,0.8940568475452196
ZSCAN12,GSM5669608,315,MTL,3,0.9685785,0.9746536666666668,0.0060751666666667425,0.9085555373793555
ZSCAN16,GSM2026868,313,Single,1,0.9758102222222221,0.9742078888888888,-0.0016023333333333722,0.9277605779153767
ZSCAN18,GSM2828531,25,Single,1,0.9572416091954024,0.9545506896551724,-0.00269091954022993,0.8583055863854976
ZSCAN20,GSM2423936,145,Single,1,0.9257464444444445,0.925744,-2.444444444527072e-06,0.8452895419187554
ZSCAN21,GSM2825590,318,Single,1,0.9170794444444443,0.9160355555555556,-0.0010438888888887332,0.7980425371729719
ZSCAN22,GSM2026754,309,Single,1,0.9695713384292368,0.9699551010858588,0.0003837626566219887,0.8709865732632808
ZSCAN23,GSM2423872,315,MTL,3,0.9296997977635023,0.930842255531763,0.0011424577682607184,0.8301596460857857
ZSCAN26,GSM2827159,321,Single,1,0.9579118246687055,0.95777752293578,-0.0001343017329255014,0.866822429906542
ZSCAN29,GSM5214069,143,Single,1,0.954026,0.9539188333333332,-0.00010716666666688024,0.8763459534560611
ZSCAN2,GSM2574782,335,Single,1,0.9160516389025563,0.9103738587818154,-0.005677780120740827,0.6795252225519288
ZSCAN30,GSM5214362,311,Single,1,0.9642615555555556,0.9635928888888888,-0.0006686666666667618,0.8985221674876848
ZSCAN31,GSM5214630,315,MTL,3,0.9759295555555555,0.979699611111111,0.0037700555555555404,0.9165133009871173
ZSCAN32,GSM5214783,144,Single,1,0.9309566160709677,0.929464155811242,-0.0014924602597257142,0.7839248434237995
ZSCAN4,GSM2825466,353,Single,1,0.9776994444444443,0.9786877777777776,0.0009883333333332578,0.9387478849407783
ZSCAN5A,GSM2423368,123,MTL,2,0.9527244444444445,0.9563159444444445,0.0035914999999999697,0.8784685634000703
ZSCAN5C,GSM2828682,123,MTL,2,0.9021865555555555,0.9021389444444444,-4.761111111106775e-05,0.8125108601216333
ZSCAN9,GSM2534346,314,Single,1,0.9563152222222222,0.954135888888889,-0.0021793333333332,0.877938359742295
ZXDC,GSM5214920,60,Single,1,0.9751267777777778,0.9753871111111112,0.0002603333333334179,0.9169744660350089
Zbtb1,GSM2424170,32,Single,1,0.9382713864306785,0.9378197908286404,-0.0004515956020381129,0.8126561199000832
Zbtb21,GSM2797657,370,Single,1,0.9568515555555556,0.9586415555555556,0.0017900000000000693,0.8881621975147155
Zbtb7a,GSM2771543,94,Single,1,0.9658748888888891,0.9660292222222224,0.0001543333333333674,0.8910437235543018
Zbtb7b,GSM5214739,95,Single,1,0.9616136666666668,0.9612361666666666,-0.00037750000000025263,0.9019480519480519
Zfp3,GSM6372573,254,Single,1,0.9586347331583551,0.959507261592301,0.0008725284339459183,0.8690899152773982
Zfp42,GSM2026848,111,MTL,3,0.942598413411166,0.968866936087412,0.02626852267624602,0.8089887640449438
Zfp62,GSM5214642,171,Single,1,0.9642203354297695,0.966948637316562,0.002728301886792517,0.8644532439841608
Zfpm2,GSM5370544,386,Single,1,0.916747358309318,0.9164783861671468,-0.0002689721421711422,0.6828478964401294
Zhx1,GSM2424107,484,Single,1,0.964928963888329,0.9638314267885852,-0.001097537099743806,0.7846153846153846
Zic2,GSM2828565,96,MTL,2,0.9626034444444443,0.962523111111111,-8.033333333334891e-05,0.9070559610705596
