New_Cluster_ID,Old_Cluster_ID,Cluster_Size,TF_Name,Single_ROC_AUC,MTL_ROC_AUC,Delta_ROC_AUC,Single_PR_AUC,MTL_PR_AUC,Delta_PR_AUC,Single_MCC,MTL_MCC,Delta_MCC,Single_F1,MTL_F1,Delta_F1,Single_Accuracy,MTL_Accuracy,Delta_Accuracy,Single_Precision,MTL_Precision,Delta_Precision,Single_Recall,MTL_Recall,Delta_Recall
C100,100,5,ZKSCAN2,0.9289919846950556,0.9419550087409704,0.0129630240459147,0.8140935813449903,0.8200238882284515,0.0059303068834611,0.7007378888283892,0.6904938192106395,-0.0102440696177497,0.7564102564102564,0.7290167865707434,-0.0273934698395129,0.9079159935379644,0.9087237479806138,0.0008077544426493,0.7901785714285714,0.8786127167630058,0.0884341453344343,0.7254098360655737,0.6229508196721312,-0.1024590163934425
C100,100,5,ZNF213,0.9452792644435296,0.9573212570330726,0.0120419925895429,0.844847627218398,0.8864073995933371,0.0415597723749391,0.711452751569342,0.7363959303463697,0.0249431787770277,0.7022900763358778,0.7313432835820896,0.0290532072462117,0.9498714652956298,0.9537275064267352,0.0038560411311053,0.9787234042553192,0.98,0.0012765957446808,0.5476190476190477,0.5833333333333334,0.0357142857142857
C100,100,5,ZSCAN20,0.9257464444444444,0.9263324444444444,0.0005859999999998,0.9260601104305346,0.9276258861778678,0.0015657757473331,0.7034755566330896,0.7121901209424089,0.0087145643093192,0.8452895419187554,0.8530161427357689,0.0077266008170134,0.8508333333333333,0.8558333333333333,0.005,0.8779174147217235,0.8700173310225303,-0.0079000836991931,0.815,0.8366666666666667,0.0216666666666667
C100,100,5,ZSCAN29,0.954026,0.9562197777777778,0.0021937777777777,0.9481705714297552,0.950881107761852,0.0027105363320967,0.7651602210340495,0.782000695112038,0.0168404740779885,0.8763459534560611,0.891072618254497,0.0147266647984358,0.8813333333333333,0.891,0.0096666666666667,0.9147933284989124,0.890479360852197,-0.0243139676467152,0.841,0.8916666666666667,0.0506666666666667
C100,100,5,ZSCAN32,0.9309566160709676,0.9370618915090008,0.006105275438033,0.860044995413082,0.8673538083567152,0.0073088129436331,0.7167675073331136,0.7108291609863955,-0.005938346346718,0.7839248434237995,0.7643020594965675,-0.019622783927232,0.8963704630788486,0.8968710888610764,0.0005006257822277,0.8145336225596529,0.8859416445623343,0.0714080220026813,0.755533199195171,0.6720321931589537,-0.0835010060362173
C10301,10301,23,ZKSCAN1,0.9619352933785652,0.974560434727981,0.0126251413494158,0.9567502439607548,0.9716040248604804,0.0148537808997254,0.7797085023392512,0.8270616500828636,0.0473531477436124,0.8863432969393235,0.9037443638502256,0.0174010669109021,0.8876702635768619,0.9131434636476208,0.0254732000707589,0.8438991138377642,0.9415849673202614,0.0976858534824972,0.9332830757632868,0.8688277421786657,-0.0644553335846211
C10301,10301,23,ZKSCAN3,0.9165285366877088,0.9406952941531028,0.024166757465394,0.7343373028873917,0.7931539676733169,0.0588166647859251,0.622545107119071,0.6876585019079027,0.0651133947888317,0.6614906832298136,0.7125220458553791,0.0510313626255655,0.9293354943273906,0.947163695299838,0.0178282009724474,0.6396396396396397,0.7890625,0.1494228603603603,0.684887459807074,0.6495176848874598,-0.0353697749196142
C10301,10301,23,ZKSCAN4,0.9254848484848486,0.9736969696969696,0.048212121212121,0.8516615753124059,0.904175306629575,0.052513731317169,0.8048066167375748,0.8499979405747876,0.0451913238372128,0.8181818181818182,0.8556701030927835,0.0374882849109652,0.9643564356435644,0.9722772277227724,0.007920792079208,0.9204545454545454,0.988095238095238,0.0676406926406926,0.7363636363636363,0.7545454545454545,0.0181818181818181
C10301,10301,23,ZKSCAN5,0.9584761666666668,0.9736904444444444,0.0152142777777777,0.9520768210521352,0.970689726453066,0.0186129054009306,0.7896688163235925,0.8336744939806052,0.0440056776570126,0.8949558848010655,0.916652747619843,0.0216968628187774,0.8948333333333334,0.9168333333333332,0.0219999999999997,0.8939142001995344,0.9186474723803147,0.0247332721807803,0.896,0.9146666666666666,0.0186666666666666
C10301,10301,23,ZKSCAN7,0.9346011633187016,0.9592081648539365,0.0246070015352347,0.8284436055879819,0.8420372606322518,0.0135936550442699,0.7579115945626754,0.7714151729550642,0.0135035783923888,0.776595744680851,0.7796610169491526,0.0030652722683015,0.958041958041958,0.961038961038961,0.002997002997003,0.8588235294117647,0.9324324324324323,0.0736089030206677,0.7087378640776699,0.6699029126213593,-0.0388349514563106
C10301,10301,23,ZKSCAN8,0.9480198333333332,0.9687827777777778,0.0207629444444444,0.9421986599491424,0.9684596605033003,0.0262610005541579,0.7557180992319488,0.8210022349535705,0.0652841357216217,0.877116512992456,0.9106042949891792,0.0334877819967232,0.8778333333333334,0.9105,0.0326666666666666,0.8822934232715008,0.9095443964083804,0.0272509731368795,0.872,0.9116666666666666,0.0396666666666666
C10301,10301,23,ZNF165,0.9423386243386244,0.9539182299182298,0.0115796055796054,0.8909819576026111,0.9182189280787056,0.0272369704760945,0.7369940011947974,0.7616900188650925,0.024696017670295,0.814139110604333,0.8299424184261036,0.0158033078217706,0.8885088919288646,0.8989968080255358,0.0104879160966712,0.8602409638554217,0.8867924528301887,0.026551488974767,0.7727272727272727,0.7799422799422799,0.0072150072150072
C10301,10301,23,ZNF174,0.9147528331488288,0.944384293381436,0.0296314602326071,0.7115455834349362,0.7611553624225634,0.0496097789876271,0.6764973090684397,0.7013300869444644,0.0248327778760246,0.7045454545454546,0.7303543913713405,0.0258089368258859,0.9453453453453452,0.9474474474474476,0.0021021021021022,0.7560975609756098,0.740625,-0.0154725609756097,0.6595744680851063,0.7203647416413373,0.060790273556231
C10301,10301,23,ZNF197,0.9302248062015503,0.9049147286821706,-0.0253100775193798,0.7732814001079672,0.7217107112729212,-0.051570688835046,0.637252744581617,0.5478947879630418,-0.0893579566185751,0.6927710843373494,0.5774058577405857,-0.1153652265967636,0.899009900990099,0.9,0.0009900990099009,0.6318681318681318,0.7752808988764045,0.1434127670082726,0.7666666666666667,0.46,-0.3066666666666667
C10301,10301,23,ZNF232,0.964635888888889,0.9799386666666668,0.0153027777777778,0.9593580878432032,0.9777305132927148,0.0183724254495114,0.7972957526894393,0.8616667145370409,0.0643709618476016,0.9016003802883854,0.9308448591901348,0.0292444789017494,0.8965,0.9308333333333332,0.0343333333333332,0.8592570220477197,0.9306897700766412,0.0714327480289215,0.9483333333333334,0.931,-0.0173333333333333
C10301,10301,23,ZNF24,0.9118335,0.9191117777777776,0.0072782777777776,0.9217056536132716,0.9301693752866068,0.0084637216733352,0.6594430150338836,0.6858804941976921,0.0264374791638085,0.8194079523559292,0.8288159771754636,0.0094080248195344,0.8281666666666667,0.84,0.0118333333333332,0.8634182355112587,0.8911042944785276,0.0276860589672688,0.7796666666666666,0.7746666666666666,-0.005
C10301,10301,23,ZNF287,0.9155293276108726,0.8781909871244635,-0.037338340486409,0.7708242272911942,0.6115759832277115,-0.1592482440634827,0.671961074215051,0.5156055757597365,-0.1563554984553145,0.7149122807017544,0.569377990430622,-0.1455342902711324,0.9249855741488748,0.896133871898442,-0.0288517022504328,0.7309417040358744,0.6432432432432432,-0.0876984607926312,0.6995708154506438,0.5107296137339056,-0.1888412017167382
C10301,10301,23,ZNF397,0.9041666666666668,0.9316410256410256,0.0274743589743586,0.7579892287428,0.8026268265542991,0.0446375978114991,0.6225533519832146,0.6731436113146113,0.0505902593313967,0.6624434389140271,0.7259498787388844,0.0635064398248572,0.8981708981708981,0.9074529074529074,0.0092820092820092,0.8280542986425339,0.7822299651567944,-0.0458243334857394,0.5520361990950227,0.6772247360482655,0.1251885369532428
C10301,10301,23,ZNF483,0.9596854444444446,0.9768186666666666,0.017133222222222,0.9601165739069266,0.975993583402462,0.0158770094955353,0.7197524993987734,0.84667588607651,0.1269233866777366,0.8302527348170502,0.9235118057864982,0.0932590709694479,0.85,0.9233333333333332,0.0733333333333332,0.9561251086012164,0.9213669542136697,-0.0347581543875467,0.7336666666666667,0.9256666666666666,0.1919999999999999
C10301,10301,23,ZSCAN12,0.9685785,0.980670111111111,0.012091611111111,0.9676887642311802,0.9797709392137584,0.0120821749825781,0.8142444876817172,0.8661971304008405,0.0519526427191232,0.9085555373793556,0.932277628032345,0.0237220906529895,0.9068333333333334,0.933,0.0261666666666666,0.8920655316415034,0.9424386920980926,0.0503731604565892,0.9256666666666666,0.9223333333333332,-0.0033333333333334
C10301,10301,23,ZSCAN16,0.975810222222222,0.9767360555555558,0.0009258333333336,0.9800509087939088,0.9806770973927292,0.0006261885988204,0.8616577006849456,0.8702541179281353,0.0085964172431897,0.9277605779153768,0.9326939544442542,0.0049333765288774,0.93,0.9345,0.0044999999999999,0.9584221748400852,0.9591405424445228,0.0007183676044375,0.899,0.9076666666666666,0.0086666666666666
C10301,10301,23,ZSCAN21,0.9170794444444444,0.9305799444444444,0.0135005,0.9218830255549552,0.9351617942750998,0.0132787687201445,0.6598683973369353,0.7088172562475579,0.0489488589106226,0.7980425371729719,0.8423479340308565,0.0443053968578845,0.8211666666666667,0.8518333333333333,0.0306666666666666,0.9165585819282316,0.8999621068586586,-0.016596475069573,0.7066666666666667,0.7916666666666666,0.0849999999999999
C10301,10301,23,ZSCAN22,0.9695713384292368,0.9650080165780606,-0.0045633218511762,0.9482320749040628,0.9451270307244688,-0.0031050441795938,0.7974001327796071,0.7981260399094889,0.0007259071298818,0.8709865732632808,0.8577127659574468,-0.0132738073058339,0.9048643994834266,0.9078777442961689,0.0030133448127422,0.8377316114542392,0.946441672780631,0.1087100613263917,0.9069908814589666,0.78419452887538,-0.1227963525835865
C10301,10301,23,ZSCAN23,0.9296997977635024,0.9383881156316918,0.0086883178681894,0.9324172608165988,0.9424837695949072,0.0100665087783085,0.700751811848907,0.7343734903701643,0.0336216785212573,0.8301596460857857,0.8501529051987767,0.0199932591129909,0.8478110996208204,0.8648741813167873,0.0170630816959669,0.9002920317062996,0.9152263374485596,0.01493430574226,0.7701641684511064,0.793718772305496,0.0235546038543896
C10301,10301,23,ZSCAN26,0.9579118246687056,0.9668993374108054,0.0089875127420998,0.9315894545046512,0.9441503477946358,0.0125608932899846,0.8105902940996962,0.8197704044206946,0.0091801103209984,0.866822429906542,0.8683245006114961,0.0015020707049541,0.9206128133704736,0.9250232126276694,0.0044103992571958,0.8833333333333333,0.9301310043668122,0.0467976710334788,0.8509174311926605,0.8142201834862385,-0.036697247706422
C10301,10301,23,ZSCAN30,0.9642615555555556,0.9801391111111112,0.0158775555555555,0.9644314041169724,0.9801685647266396,0.0157371606096671,0.7943575413585257,0.8587508283719727,0.064393287013447,0.8985221674876848,0.9288351795904666,0.0303130121027818,0.897,0.9293333333333332,0.0323333333333332,0.8854368932038835,0.9354293441514536,0.0499924509475701,0.912,0.9223333333333332,0.0103333333333331
C10301,10301,23,ZSCAN31,0.9759295555555556,0.9851417777777778,0.0092122222222222,0.9740430865409256,0.982156088846212,0.0081130023052863,0.833691168283822,0.8850177497006385,0.0513265814168165,0.9165133009871173,0.9423173382377528,0.0258040372506355,0.9168333333333332,0.9425,0.0256666666666667,0.9200537453812564,0.945320362294532,0.0252666169132756,0.913,0.9393333333333334,0.0263333333333333
C10301,10301,23,ZSCAN9,0.9563152222222222,0.9737480000000002,0.0174327777777779,0.9493487157088224,0.968777045308163,0.0194283295993407,0.7691608809625362,0.8458302566599641,0.0766693756974279,0.877938359742295,0.9235847499587392,0.0456463902164442,0.8831666666666667,0.9228333333333332,0.0396666666666665,0.919066715275246,0.9146779993461917,-0.0043887159290544,0.8403333333333334,0.9326666666666666,0.0923333333333332
C10302,10302,21,ZFP14,0.9445018482405332,0.9487295165468465,0.0042276683063131,0.8277123230230691,0.8475462441047533,0.0198339210816842,0.685332483164308,0.7017954225572508,0.0164629393929428,0.7260726072607261,0.7550432276657061,0.0289706204049799,0.9145211122554068,0.9124613800205972,-0.0020597322348095,0.8396946564885496,0.7485714285714286,-0.091123227917121,0.6395348837209303,0.7616279069767442,0.1220930232558139
C10302,10302,21,ZFP30,0.9346761617527356,0.9556457291641792,0.0209695674114436,0.8892152150019585,0.9211239685744216,0.031908753572463,0.6894815778529741,0.7816125383246877,0.0921309604717135,0.7604084838963079,0.8507980569049272,0.0903895730086192,0.8642634623943035,0.9043168669336894,0.0400534045393858,0.919278252611586,0.8826493880489561,-0.0366288645626298,0.6483590087073008,0.8211654387139986,0.1728064300066978
C10302,10302,21,ZFP82,0.9706112222222224,0.984148,0.0135367777777777,0.9679044163188124,0.9842559575283084,0.0163515412094961,0.8186772352243943,0.8867378055975361,0.0680605703731418,0.910813459653708,0.943689963564094,0.0328765039103859,0.909,0.9433333333333334,0.0343333333333333,0.8930172966047405,0.9377880184331796,0.0447707218284391,0.9293333333333332,0.9496666666666668,0.0203333333333334
C10302,10302,21,ZNF140,0.969885188709166,0.9693691722169362,-0.0005160164922297,0.9422572144899632,0.9431467831075142,0.0008895686175509,0.8347875481740962,0.841127742059464,0.0063401938853677,0.8778409090909091,0.8798813643104301,0.002040455219521,0.9363120217230312,0.9400148111577388,0.0037027894347074,0.8737040527803959,0.9156378600823044,0.0419338073019085,0.8820171265461465,0.8468125594671742,-0.0352045670789723
C10302,10302,21,ZNF283,0.974328097731239,0.9851221640488655,0.0107940663176265,0.9205324788547156,0.9397209550289124,0.0191884761741969,0.8200742763676167,0.8319940294909157,0.011919753123299,0.8494983277591973,0.8599348534201955,0.0104365256609981,0.950765864332604,0.9529540481400438,0.0021881838074399,0.8523489932885906,0.8407643312101911,-0.0115846620783994,0.8466666666666667,0.88,0.0333333333333333
C10302,10302,21,ZNF30,0.9776622222222224,0.9841257777777778,0.0064635555555554,0.9771655791724416,0.9840501081777756,0.0068845290053339,0.8318244031599696,0.8760329005200742,0.0442084973601045,0.9178433889602052,0.9377301640441916,0.0198867750839862,0.9146666666666666,0.938,0.0233333333333333,0.8849009900990099,0.9418291862811028,0.0569281961820928,0.9533333333333334,0.9336666666666666,-0.0196666666666667
C10302,10302,21,ZNF331,0.9573473888888888,0.9676688888888888,0.0103214999999999,0.9532847332694372,0.9632189090312852,0.009934175761848,0.7676150236292059,0.8160654692115671,0.0484504455823612,0.8878460816518067,0.9074136195907414,0.0195675379389347,0.8805,0.908,0.0275,0.8364279398762158,0.9132343011478732,0.0768063612716574,0.946,0.9016666666666666,-0.0443333333333333
C10302,10302,21,ZNF383,0.9613321111111112,0.9725481111111112,0.011216,0.9585764075756612,0.9711305361575248,0.0125541285818635,0.7908637540777325,0.8272433643929057,0.0363796103151732,0.8976480129764801,0.9149214659685864,0.0172734529921062,0.8948333333333334,0.9133333333333332,0.0184999999999998,0.8742496050552923,0.8984575835475579,0.0242079784922656,0.9223333333333332,0.932,0.0096666666666667
C10302,10302,21,ZNF404,0.9322325352395192,0.9547633375274288,0.0225308022879094,0.7945943628153243,0.8257988377517214,0.0312044749363971,0.6884943295179856,0.6912656569645365,0.0027713274465508,0.7142857142857143,0.7197231833910035,0.0054374691052891,0.9467021985343104,0.9460359760159892,-0.0006662225183212,0.7843137254901961,0.7619047619047619,-0.0224089635854342,0.6557377049180327,0.6819672131147541,0.0262295081967213
C10302,10302,21,ZNF529,0.8870076552660823,0.9148505988393628,0.0278429435732805,0.7493531595611036,0.8095968110441838,0.0602436514830801,0.651290907457698,0.6988126705144831,0.0475217630567851,0.6744186046511628,0.7311827956989247,0.0567641910477619,0.922971114167813,0.9312242090784044,0.0082530949105914,0.8529411764705882,0.8292682926829268,-0.0236728837876614,0.5576923076923077,0.6538461538461539,0.0961538461538461
C10302,10302,21,ZNF540,0.8783499164790473,0.9320938339748712,0.0537439174958239,0.7397943464076082,0.8223280116559953,0.0825336652483871,0.6254027371510891,0.6769977846260911,0.0515950474750019,0.6804123711340206,0.7126436781609196,0.0322313070268989,0.906060606060606,0.9242424242424242,0.0181818181818181,0.6875,0.8157894736842105,0.1282894736842105,0.673469387755102,0.6326530612244898,-0.0408163265306121
C10302,10302,21,ZNF546,0.9464698721850274,0.9759180361128016,0.0294481639277741,0.8402504659076773,0.9143636035977776,0.0741131376901003,0.6599757911937851,0.8147767337495261,0.1548009425557409,0.632258064516129,0.8316831683168316,0.1994251038007026,0.944980694980695,0.9671814671814672,0.0222007722007722,1.0,0.875,-0.125,0.4622641509433962,0.7924528301886793,0.330188679245283
C10302,10302,21,ZNF565,0.918301157643854,0.928260810350698,0.0099596527068438,0.8194801591806463,0.8346830454141662,0.0152028862335198,0.6625508253170003,0.6747049923814529,0.0121541670644526,0.7250437828371279,0.7502668089647813,0.0252230261276533,0.8816285498869063,0.8823825081678813,0.000753958280975,0.8460490463215259,0.7854748603351955,-0.0605741859863303,0.634320735444331,0.7180796731358529,0.0837589376915218
C10302,10302,21,ZNF566,0.965607210626186,0.9879388045540798,0.0223315939278937,0.865899750035282,0.9253468256245,0.059447075589218,0.655999166621303,0.8640633551200578,0.2080641884987548,0.6666666666666666,0.8838951310861424,0.2172284644194757,0.9191542288557214,0.9614427860696516,0.0422885572139302,0.9154929577464788,0.8251748251748252,-0.0903181325716536,0.5241935483870968,0.9516129032258064,0.4274193548387096
C10302,10302,21,ZNF571,0.9433815296236796,0.9442740535189784,0.0008925238952989,0.8684569008843932,0.868325908095289,-0.0001309927891042,0.7278236016785834,0.749350302583497,0.0215267009049135,0.782608695652174,0.7873303167420814,0.0047216210899074,0.9118589743589745,0.9246794871794872,0.0128205128205128,0.7615384615384615,0.8877551020408163,0.1262166405023548,0.8048780487804879,0.7073170731707317,-0.0975609756097561
C10302,10302,21,ZNF573,0.9445650689966604,0.8547814580664131,-0.0897836109302473,0.8378893816919016,0.57260950774163,-0.2652798739502716,0.6834298967007454,0.3805014923816973,-0.3029284043190481,0.7004909983633388,0.4080882352941176,-0.2924027630692212,0.9238134887593672,0.8659450457951707,-0.0578684429641964,0.9106382978723404,0.6607142857142857,-0.2499240121580547,0.5691489361702128,0.2952127659574468,-0.273936170212766
C10302,10302,21,ZNF582,0.906541180877464,0.979538324671068,0.072997143793604,0.8465960552538255,0.9169011527081484,0.0703050974543229,0.8327957312757018,0.7913261556566219,-0.0414695756190799,0.8495575221238938,0.8141592920353983,-0.0353982300884955,0.9577114427860696,0.9477611940298508,-0.0099502487562188,0.96,0.92,-0.0399999999999999,0.7619047619047619,0.7301587301587301,-0.0317460317460317
C10302,10302,21,ZNF607,0.9720717222222222,0.9830597777777778,0.0109880555555555,0.9710083895126124,0.9815363732126248,0.0105279837000125,0.8106980762131696,0.8705376918614546,0.0598396156482849,0.9018194301407484,0.9358615004122012,0.0340420702714527,0.9046666666666666,0.9351666666666668,0.0305000000000001,0.9295824486907288,0.9259380097879282,-0.0036444389028007,0.8756666666666667,0.946,0.0703333333333332
C10302,10302,21,ZNF780A,0.9206537340629688,0.934818436399714,0.0141647023367452,0.7658509254922499,0.800625097509033,0.0347741720167831,0.6841551677310426,0.6849174666624862,0.0007622989314436,0.7219307450157397,0.7259713701431493,0.0040406251274095,0.9248013620885358,0.923950056753689,-0.0008513053348467,0.8075117370892019,0.7871396895787139,-0.0203720475104879,0.6527514231499051,0.6736242884250474,0.0208728652751423
C10302,10302,21,ZNF790,0.8558328606541881,0.9720173945925504,0.1161845339383623,0.7451652207624319,0.8966150364285775,0.1514498156661456,0.6255017560642929,0.717045286654665,0.0915435305903721,0.675,0.7560975609756098,0.0810975609756097,0.9100346020761244,0.9307958477508652,0.0207612456747406,0.7297297297297297,0.7948717948717948,0.0651420651420651,0.627906976744186,0.7209302325581395,0.0930232558139534
C10302,10302,21,ZNF850,0.9737546666666664,0.98424,0.0104853333333334,0.9737267537232048,0.9841639394328748,0.0104371857096701,0.8174078805865634,0.8733341096306647,0.0559262290441012,0.9052197802197802,0.9366244162775184,0.0314046360577381,0.908,0.9366666666666666,0.0286666666666666,0.93342776203966,0.9372496662216288,0.0038219041819687,0.8786666666666667,0.936,0.0573333333333333
C10303,10303,21,ZIK1,0.9809079444444444,0.9887393888888888,0.0078314444444442,0.9784015989290308,0.9854975348006306,0.0070959358715998,0.8656667147592632,0.9057150230762806,0.0400483083170174,0.932844525912348,0.9525883732618527,0.0197438473495048,0.9328333333333332,0.9528333333333332,0.0199999999999999,0.9326891036321228,0.9575614685079152,0.0248723648757925,0.933,0.9476666666666668,0.0146666666666667
C10303,10303,21,ZNF132,0.9505216638571232,0.9566950658344344,0.006173401977311,0.8742569047366361,0.8564903229716373,-0.0177665817649987,0.7236313550078568,0.7588501265498956,0.0352187715420387,0.7707317073170732,0.7978142076502732,0.0270825003332,0.9162210338680928,0.9340463458110516,0.0178253119429588,0.7117117117117117,0.8202247191011236,0.1085130073894119,0.8404255319148937,0.776595744680851,-0.0638297872340426
C10303,10303,21,ZNF134,0.9279575757575758,0.942672027972028,0.0147144522144522,0.87744037716633,0.9025233244416002,0.0250829472752701,0.7027105713553174,0.7139602179850136,0.0112496466296961,0.7987421383647799,0.7899029126213593,-0.0088392257434206,0.8699774266365689,0.8778781038374718,0.0079006772009029,0.7981843575418994,0.8882096069868995,0.0900252494450001,0.7993006993006992,0.7111888111888112,-0.088111888111888
C10303,10303,21,ZNF154,0.9325236167341432,0.9418637687335748,0.0093401519994317,0.7903395786475671,0.8660478782150983,0.0757082995675312,0.7267323075193226,0.8183295612229244,0.0915972537036018,0.7368421052631579,0.8260869565217391,0.0892448512585812,0.95625,0.97,0.0137499999999999,0.8909090909090909,0.95,0.059090909090909,0.6282051282051282,0.7307692307692307,0.1025641025641025
C10303,10303,21,ZNF17,0.9728155136268344,0.9822012578616351,0.0093857442348008,0.9684911710889412,0.9784573995793616,0.0099662284904205,0.8252297990596659,0.8628403618010829,0.037610562741417,0.90600624024961,0.924278846153846,0.018272605904236,0.913059163059163,0.9318181818181818,0.0187590187590187,0.8989938080495357,0.9424019607843136,0.0434081527347779,0.91312893081761,0.9068396226415094,-0.0062893081761006
C10303,10303,21,ZNF211,0.8988079979492437,0.9277589079723148,0.028950910023071,0.7750516562757328,0.8499627555292707,0.0749110992535379,0.703437789246308,0.7512520979195516,0.0478143086732436,0.73224043715847,0.7571428571428571,0.0249024199843871,0.9413173652694612,0.9592814371257484,0.0179640718562873,0.67,0.9298245614035088,0.2598245614035087,0.8072289156626506,0.6385542168674698,-0.1686746987951808
C10303,10303,21,ZNF256,0.9607321111111108,0.97404,0.0133078888888891,0.9537903426900424,0.9714155110080072,0.0176251683179646,0.7844651781442179,0.8361456878519755,0.0516805097077576,0.8911690496215307,0.9172274562584118,0.0260584066368811,0.8921666666666667,0.918,0.0258333333333333,0.899490662139219,0.9259510869565216,0.0264604248173025,0.883,0.9086666666666666,0.0256666666666666
C10303,10303,21,ZNF304,0.9769162964077238,0.9708207824418378,-0.006095513965886,0.9184321071399492,0.9020608829329504,-0.0163712242069987,0.8396415003651998,0.8225894488822266,-0.0170520514829731,0.8582781456953642,0.8389830508474576,-0.0192950948479065,0.9669344870210136,0.9647713226205192,-0.0021631644004943,0.868632707774799,0.911042944785276,0.042410237010477,0.8481675392670157,0.7774869109947644,-0.0706806282722513
C10303,10303,21,ZNF416,0.9461435897435898,0.94915754985755,0.0030139601139601,0.8868840646828441,0.8973215772058877,0.0104375125230435,0.7393795243832321,0.7607961302427734,0.0214166058595413,0.7959673547767643,0.8203483043079743,0.02438094953121,0.8980815347721822,0.9059952038369304,0.0079136690647482,0.9079956188389924,0.8843873517786561,-0.0236082670603362,0.7085470085470086,0.7649572649572649,0.0564102564102563
C10303,10303,21,ZNF419,0.9019641368697772,0.9209643292226806,0.0190001923529035,0.7631623896600896,0.7923371077978822,0.0291747181377926,0.6807073715034841,0.7374216014903759,0.0567142299868917,0.7123287671232876,0.752,0.0396712328767123,0.9424657534246575,0.9575342465753424,0.0150684931506848,0.6933333333333334,0.8703703703703703,0.177037037037037,0.7323943661971831,0.6619718309859155,-0.0704225352112676
C10303,10303,21,ZNF530,0.974408655687476,0.9822109025915996,0.0078022469041235,0.9671511997572664,0.9785029381268472,0.0113517383695808,0.8148870851377987,0.8663717168288878,0.051484631691089,0.8953068592057761,0.9279227053140096,0.0326158461082334,0.9069684548208876,0.9335234361076457,0.0265549812867581,0.9397894736842104,0.936427457098284,-0.0033620165859264,0.8548448870164688,0.9195710455764076,0.0647261585599388
C10303,10303,21,ZNF547,0.9753008888888892,0.9835039444444444,0.0082030555555553,0.9742325823508252,0.983177614921569,0.0089450325707438,0.8285429407997339,0.8735149918404538,0.0449720510407198,0.9107787519339866,0.9353908767169749,0.0246121247829882,0.9135,0.9365,0.023,0.9403620873269436,0.9520193303417328,0.0116572430147892,0.883,0.9193333333333332,0.0363333333333332
C10303,10303,21,ZNF548,0.971809111111111,0.980859888888889,0.0090507777777779,0.966983174622141,0.9776514163860708,0.0106682417639297,0.823907705665515,0.8666822670878793,0.0427745614223643,0.9099864130434784,0.9335327351279494,0.0235463220844711,0.9116666666666666,0.9333333333333332,0.0216666666666666,0.9276315789473684,0.9307488402915838,0.0031172613442153,0.893,0.9363333333333334,0.0433333333333333
C10303,10303,21,ZNF549,0.9629111104366068,0.9758346148917084,0.0129235044551017,0.9122265871790172,0.9375757051979215,0.0253491180189044,0.7718106844317304,0.837056097927501,0.0652454134957706,0.8261120739456961,0.8790723357261182,0.0529602617804221,0.9140491147915476,0.9374643061107938,0.023415191319246,0.8794587945879458,0.8913773796192609,0.011918585031315,0.7788671023965141,0.8671023965141612,0.088235294117647
C10303,10303,21,ZNF551,0.8763571144973372,0.8982078558617763,0.021850741364439,0.6618406897429663,0.7061583027645018,0.0443176130215354,0.5600201363273128,0.6565299002002074,0.0965097638728945,0.5480093676814989,0.6747474747474748,0.1267381070659758,0.9310960371295964,0.9425205283827204,0.0114244912531238,0.8602941176470589,0.8186274509803921,-0.0416666666666667,0.4020618556701031,0.5738831615120275,0.1718213058419243
C10303,10303,21,ZNF584,0.9356482222222222,0.949501111111111,0.0138528888888888,0.9353601721462204,0.9523977472201852,0.0170375750739647,0.7192940326247754,0.7522139312079781,0.0329198985832026,0.8627132412672623,0.8700173310225303,0.0073040897552679,0.8591666666666666,0.875,0.0158333333333333,0.8415213946117274,0.9061371841155236,0.0646157895037962,0.885,0.8366666666666667,-0.0483333333333333
C10303,10303,21,ZNF671,0.9758134903044552,0.9767512511120146,0.0009377608075594,0.9376260889615052,0.9413655123264884,0.0037394233649832,0.8286792829435978,0.8307217809254165,0.0020424979818186,0.8678611422172452,0.8652567975830816,-0.0026043446341635,0.9390653240382132,0.9424218951717016,0.0033565711334883,0.8479212253829321,0.9144316730523628,0.0665104476694307,0.8887614678899083,0.8211009174311926,-0.0676605504587156
C10303,10303,21,ZNF749,0.9277038526999846,0.957914281293517,0.0302104285935324,0.8474594419597176,0.88850821173579,0.0410487697760724,0.7567997162417985,0.7643612571552408,0.0075615409134422,0.7916666666666666,0.7878787878787878,-0.0037878787878787,0.9388379204892966,0.9464831804281344,0.0076452599388378,0.76,0.8904109589041096,0.1304109589041096,0.8260869565217391,0.7065217391304348,-0.1195652173913043
C10303,10303,21,ZNF772,0.9789117777777778,0.987866888888889,0.0089551111111111,0.9750408140105208,0.9860709757250116,0.0110301617144907,0.8531047013297196,0.8967814620411821,0.0436767607114625,0.9259197043507476,0.9479166666666666,0.021996962315919,0.9265,0.9483333333333334,0.0218333333333333,0.9332881815103284,0.9556233062330624,0.0223351247227339,0.9186666666666666,0.9403333333333334,0.0216666666666667
C10303,10303,21,ZNF773,0.9830512222222222,0.9883578888888888,0.0053066666666665,0.9832038311836062,0.9880007516157412,0.0047969204321349,0.8663333814629669,0.8951974127966825,0.0288640313337156,0.9331778036993834,0.9469429004547752,0.0137650967553918,0.9331666666666668,0.9475,0.0143333333333333,0.9330223258913696,0.9570990806945864,0.0240767548032168,0.9333333333333332,0.937,0.0036666666666667
C10303,10303,21,ZNF792,0.9619542222222224,0.9738074444444446,0.0118532222222221,0.954517731781507,0.9710484541375894,0.0165307223560824,0.7347174289593714,0.8337604699962753,0.0990430410369038,0.8456573852111378,0.9162048698572628,0.070547484646125,0.8605,0.9168333333333332,0.0563333333333331,0.9463475030953364,0.923181049069374,-0.0231664540259622,0.7643333333333333,0.9093333333333332,0.1449999999999999
C10304,10304,20,RBAK,0.9576204444444444,0.9734017777777776,0.0157813333333333,0.9523409845513008,0.9700858061110886,0.0177448215597877,0.7803996669704392,0.8347826167494191,0.0543829497789799,0.8882113821138211,0.9166386554621848,0.0284272733483637,0.89,0.9173333333333332,0.0273333333333332,0.9028925619834712,0.9244067796610168,0.0215142176775456,0.874,0.909,0.035
C10304,10304,20,ZFP1,0.9492245555555556,0.9662490555555556,0.0170245000000001,0.945589509040556,0.9630693243118678,0.0174798152713118,0.7546987032675389,0.8170330905102621,0.0623343872427232,0.8716262975778547,0.9089099054255848,0.0372836078477301,0.8763333333333333,0.9085,0.0321666666666666,0.9061151079136692,0.904856293359762,-0.001258814553907,0.8396666666666667,0.913,0.0733333333333333
C10304,10304,20,ZNF12,0.9494457777777778,0.9637665555555556,0.0143207777777777,0.9455191710983007,0.9621548834865964,0.0166357123882955,0.7550094376769568,0.802521725128503,0.0475122874515461,0.8771929824561403,0.9022258862324816,0.0250329037763412,0.8775,0.9011666666666668,0.0236666666666668,0.8793969849246231,0.8926590538336052,0.013262068908982,0.875,0.912,0.037
C10304,10304,20,ZNF182,0.933849269068917,0.9296608375307176,-0.0041884315381993,0.9038511875266424,0.8975703225831261,-0.0062808649435164,0.7121967407138086,0.6922952792941162,-0.0199014614196924,0.8202995008319468,0.8054298642533937,-0.0148696365785531,0.865,0.8566666666666667,-0.0083333333333333,0.8184836745987825,0.819804260218768,0.0013205856199854,0.8221234018899388,0.7915508615897721,-0.0305725403001667
C10304,10304,20,ZNF248,0.9892814191220686,0.992080577269994,0.0027991581479254,0.9883320275360236,0.989142060622329,0.0008100330863054,0.9367698145858556,0.9217065242148044,-0.0150632903710513,0.9586776859504132,0.9492246883551232,-0.00945299759529,0.9710486811065836,0.964186146257774,-0.0068625348488097,0.9763092269326684,0.9600246002460024,-0.0162846266866658,0.94167167769092,0.9386650631389056,-0.0030066145520143
C10304,10304,20,ZNF26,0.9238166884145356,0.9274582890974328,0.0036416006828972,0.8336063001046758,0.8487899037457457,0.0151836036410698,0.720791642007838,0.7542363514023542,0.0334447093945162,0.7361563517915309,0.7792472024415056,0.0430908506499746,0.931741573033708,0.9390449438202249,0.0073033707865169,0.93646408839779,0.9033018867924528,-0.0331622016053372,0.6064400715563506,0.6851520572450805,0.0787119856887299
C10304,10304,20,ZNF300,0.9370949033391917,0.9400867018160516,0.00299179847686,0.847260675671794,0.862129932204299,0.014869256532505,0.7442868358875419,0.7770573877871603,0.0327705518996184,0.7828467153284672,0.7996011964107677,0.0167544810823004,0.933314653964696,0.9436817035584196,0.0103670495937235,0.8140417457305503,0.923963133640553,0.1099213879100027,0.7539543057996485,0.7047451669595782,-0.0492091388400702
C10304,10304,20,ZNF334,0.8197945301216046,0.8074552376045233,-0.0123392925170813,0.4789399060400808,0.4486348187633066,-0.0303050872767742,0.3135170706700481,0.2961268048265996,-0.0173902658434485,0.267639902676399,0.3063457330415755,0.0387058303651764,0.8794553464156989,0.8730476571886263,-0.0064076892270725,0.7534246575342466,0.5882352941176471,-0.1651893634165995,0.1627218934911242,0.2071005917159763,0.044378698224852
C10304,10304,20,ZNF33A,0.9503105555555555,0.9684374444444444,0.0181268888888888,0.9458678520822538,0.966945727638134,0.0210778755558802,0.7599619974902894,0.8150640034690906,0.0551020059788012,0.877169105137802,0.9051592031329816,0.0279900979951795,0.8796666666666667,0.9071666666666668,0.0275,0.8957609451007644,0.9251653324051514,0.0294043873043869,0.8593333333333333,0.886,0.0266666666666667
C10304,10304,20,ZNF33B,0.970487,0.977218222222222,0.0067312222222221,0.9670409338675778,0.9770696813525924,0.0100287474850145,0.8130326136994482,0.8272370007781294,0.0142043870786812,0.904906937394247,0.9105551747772448,0.0056482373829978,0.9063333333333332,0.913,0.0066666666666667,0.9189003436426116,0.93688293370945,0.0179825900668383,0.8913333333333333,0.8856666666666667,-0.0056666666666665
C10304,10304,20,ZNF37A,0.9614190835363616,0.973517338050262,0.0120982545139004,0.8488766284064954,0.9074899720659708,0.0586133436594754,0.8272835139483017,0.8665023460833197,0.0392188321350179,0.8452380952380952,0.8741721854304636,0.0289340901923683,0.9677018633540372,0.9763975155279504,0.0086956521739131,0.8352941176470589,0.9705882352941176,0.1352941176470588,0.8554216867469879,0.7951807228915663,-0.0602409638554216
C10304,10304,20,ZNF382,0.9033067777777776,0.9078762222222224,0.0045694444444447,0.9039155433121138,0.9121864069808064,0.0082708636686926,0.6620907490985615,0.6724707413236175,0.010379992225056,0.8134005763688761,0.8283284152056934,0.0149278388368173,0.8273333333333334,0.8351666666666666,0.0078333333333332,0.8847962382445141,0.8641796450561391,-0.020616593188375,0.7526666666666667,0.7953333333333333,0.0426666666666666
C10304,10304,20,ZNF510,0.9651767025089606,0.969504659498208,0.0043279569892473,0.9327894350159716,0.9486093750422568,0.0158199400262852,0.8228878354074126,0.8640776541816049,0.0411898187741922,0.8628539700166574,0.8913168487636572,0.0284628787469998,0.9371501272264632,0.9519083969465648,0.0147582697201017,0.8920780711825488,0.957972805933251,0.0658947347507021,0.8354838709677419,0.8333333333333334,-0.0021505376344085
C10304,10304,20,ZNF567,0.9366340560549974,0.9399582819202068,0.0033242258652094,0.8166860834803529,0.8271606536166147,0.0104745701362618,0.758284501827482,0.7302540935383954,-0.0280304082890865,0.7633262260127932,0.7399577167019028,-0.0233685093108904,0.9591761677087164,0.9547627804339832,-0.0044133872747331,0.9421052631578948,0.9020618556701032,-0.0400434074877915,0.6415770609318996,0.6272401433691757,-0.0143369175627239
C10304,10304,20,ZNF605,0.9671978888888888,0.9760773888888888,0.0088795,0.9627298283732312,0.9738695063372368,0.0111396779640055,0.8050324497915542,0.8470715805729654,0.0420391307814111,0.9000851063829787,0.9229994967287368,0.0229143903457581,0.9021666666666668,0.9235,0.0213333333333333,0.9196521739130434,0.9290780141843972,0.0094258402713537,0.8813333333333333,0.917,0.0356666666666667
C10304,10304,20,ZNF624,0.8999820359281439,0.9081448214681748,0.0081627855400309,0.8309698416171089,0.8525512800502715,0.0215814384331626,0.6316173593222572,0.6599414781437033,0.0283241188214461,0.735207100591716,0.7508455467869222,0.0156384461952061,0.8409948922940262,0.8527648234510327,0.0117699311570064,0.8276436303080766,0.8626943005181347,0.035050670210058,0.6613439787092482,0.6646706586826348,0.0033266799733865
C10304,10304,20,ZNF658,0.9686230816451812,0.9789914057704112,0.0103683241252301,0.9102313951780876,0.9309850005521392,0.0207536053740515,0.8023712487482175,0.833962932395835,0.0315916836476174,0.8328767123287671,0.8584905660377359,0.0256138537089687,0.9483488569009314,0.95766299745978,0.0093141405588486,0.8260869565217391,0.8800773694390716,0.0539904129173324,0.8397790055248618,0.8379373848987108,-0.001841620626151
C10304,10304,20,ZNF674,0.980380057993937,0.9881418215368392,0.0077617635429021,0.97632492224936,0.985346888593804,0.009021966344444,0.8597324093388273,0.8910164497694257,0.0312840404305984,0.9244618395303328,0.9403788634097708,0.0159170238794381,0.9301862904684391,0.9459215047929102,0.015735214324471,0.915149166989539,0.9485116653258246,0.0333624983362856,0.9339659944642152,0.9323843416370108,-0.0015816528272043
C10304,10304,20,ZNF782,0.968410111111111,0.9814557777777776,0.0130456666666666,0.9665223462483156,0.980091113396604,0.0135687671482884,0.8057014938510806,0.8671677168200893,0.0614662229690087,0.8997948016415869,0.9328395892947317,0.0330447876531447,0.9023333333333332,0.9335,0.0311666666666666,0.9238061797752808,0.9421965317919077,0.0183903520166267,0.877,0.9236666666666666,0.0466666666666666
C10304,10304,20,ZNF84,0.9824256736300332,0.9819320314865274,-0.0004936421435058,0.9804532361004932,0.980740074571266,0.0002868384707727,0.8836945951680663,0.8879471892987182,0.0042525941306519,0.930035335689046,0.9321352565618348,0.0020999208727888,0.9429065743944636,0.9448289119569396,0.0019223375624759,0.9662261380323054,0.9723729649728664,0.006146826940561,0.896457765667575,0.8950953678474114,-0.0013623978201635
C10305,10305,20,ZNF135,0.9608651282456684,0.9485412309763536,-0.0123238972693147,0.8703363359752619,0.8613873456813917,-0.0089489902938701,0.7861441262892009,0.7856289993058895,-0.0005151269833114,0.8092307692307692,0.8062992125984252,-0.002931556632344,0.9549582273883036,0.9553214674900108,0.000363240101707,0.8679867986798679,0.8888888888888888,0.0209020902090208,0.7579250720461095,0.7377521613832853,-0.0201729106628242
C10305,10305,20,ZNF157,0.9433161730136342,0.9526911142454162,0.0093749412317819,0.9103110774787176,0.9274405205139796,0.017129443035262,0.7146605368708238,0.7736717814481434,0.0590112445773196,0.7747822480298632,0.8378787878787879,0.0630965398489247,0.8770937075599818,0.9031235853327296,0.0260298777727477,0.9405840886203424,0.9050736497545008,-0.0355104388658416,0.6586741889985895,0.7799717912552891,0.1212976022566996
C10305,10305,20,ZNF184,0.9336335437650318,0.943539583113842,0.0099060393488101,0.8300497732982616,0.8426553687759959,0.0126055954777343,0.6893899204729382,0.7373008524182447,0.0479109319453064,0.722,0.774859287054409,0.052859287054409,0.9131792629606496,0.925046845721424,0.0118675827607744,0.8869778869778869,0.8731501057082452,-0.0138277812696416,0.6087689713322091,0.6964586846543002,0.087689713322091
C10305,10305,20,ZNF189,0.9363841666666668,0.9478583333333334,0.0114741666666666,0.939231860140729,0.950944512364761,0.0117126522240319,0.7201743032746413,0.7672527661721891,0.0470784628975478,0.8615232443125618,0.8819854803309134,0.0204622360183516,0.86,0.8835,0.0234999999999999,0.8522504892367906,0.8936024632227164,0.0413519739859258,0.871,0.8706666666666667,-0.0003333333333332
C10305,10305,20,ZNF250,0.9700241064877896,0.9721072214652552,0.0020831149774657,0.9266829566692276,0.9334546514328764,0.0067716947636489,0.9141628251002616,0.9079986218684588,-0.0061642032318027,0.9216300940438872,0.9174311926605504,-0.0041989013833367,0.983670803396473,0.9823644676681909,-0.001306335728282,0.9735099337748344,0.9433962264150944,-0.03011370735974,0.875,0.8928571428571429,0.0178571428571429
C10305,10305,20,ZNF34,0.9635249444444444,0.9753491111111112,0.0118241666666667,0.961217257711035,0.973740976352961,0.012523718641926,0.7990899026713602,0.8361903014031208,0.0371003987317606,0.8987405541561713,0.9171159029649596,0.0183753488087883,0.8995,0.918,0.0185,0.9055837563451776,0.9271117166212534,0.0215279602760757,0.892,0.9073333333333332,0.0153333333333331
C10305,10305,20,ZNF391,0.9291113333333334,0.9485104444444444,0.019399111111111,0.9321505305659302,0.95004348464332,0.0178929540773897,0.7071660070617178,0.7652437555661435,0.0580777485044257,0.8518955349620893,0.8762599930483143,0.024364458086225,0.8535,0.8813333333333333,0.0278333333333332,0.8613287904599659,0.9153957879448076,0.0540669974848416,0.8426666666666667,0.8403333333333334,-0.0023333333333332
C10305,10305,20,ZNF436,0.9177932015226646,0.9401122797976882,0.0223190782750235,0.7781064718091051,0.8157961192389479,0.0376896474298428,0.6606272878174752,0.7134261126791211,0.052798824861646,0.6927252985884907,0.7541302235179786,0.0614049249294879,0.920033907883583,0.9285108787793162,0.0084769708957331,0.8328981723237598,0.790224032586558,-0.0426741397372018,0.5929368029739777,0.7211895910780669,0.1282527881040892
C10305,10305,20,ZNF454,0.9173128560315188,0.8718161057993927,-0.0454967502321261,0.7968875027030419,0.6881423051055701,-0.1087451975974718,0.6898568195507097,0.5537213334099026,-0.136135486140807,0.7272727272727273,0.5810055865921788,-0.1462671406805484,0.93124246079614,0.9095295536791316,-0.0217129071170083,0.7755102040816326,0.7647058823529411,-0.0108043217286915,0.6846846846846847,0.4684684684684684,-0.2162162162162162
C10305,10305,20,ZNF473,0.9590395993477754,0.9669277894246447,0.0078881900768693,0.9387123686541696,0.9491840944332788,0.010471725779109,0.8011062035665932,0.8322287689550244,0.0311225653884311,0.8629003238575027,0.8846704871060171,0.0217701632485144,0.9140148950575492,0.9273301737756714,0.0133152787181223,0.8894658753709199,0.9074210139603232,0.0179551385894032,0.8378756114605171,0.8630328441649197,0.0251572327044025
C10305,10305,20,ZNF501,0.9637764444444444,0.973386,0.0096095555555556,0.9632739117399468,0.9731574328258292,0.0098835210858823,0.793363129085912,0.8302132999728872,0.0368501708869751,0.8962169400736525,0.914025623735671,0.0178086836620184,0.8966666666666666,0.915,0.0183333333333334,0.9001344989912575,0.92462482946794,0.0244903304766824,0.8923333333333333,0.9036666666666666,0.0113333333333333
C10305,10305,20,ZNF502,0.89288084965151,0.9099734483903088,0.0170925987387987,0.808599759877541,0.7988537573871085,-0.0097460024904324,0.7169762813646412,0.5919462378374215,-0.1250300435272197,0.7529411764705882,0.5757575757575758,-0.1771836007130124,0.9318181818181818,0.9090909090909092,-0.0227272727272725,0.8205128205128205,0.95,0.1294871794871794,0.6956521739130435,0.4130434782608695,-0.2826086956521739
C10305,10305,20,ZNF660,0.974150098350734,0.9831768800121048,0.0090267816613709,0.963264835546232,0.9739598579277312,0.0106950223814993,0.8172559523086037,0.8706772405403571,0.0534212882317534,0.8886765408504539,0.9248051352590556,0.0361285944086017,0.9104362867576398,0.9369594464731884,0.0265231597155486,0.9379727685325264,0.9342288096340898,-0.0037439588984365,0.8443032228778938,0.9155696777122108,0.0712664548343169
C10305,10305,20,ZNF7,0.9684336666666666,0.972608,0.0041743333333333,0.9653963248628076,0.970387118077222,0.0049907932144144,0.8020044555926855,0.8183547831645052,0.0163503275718196,0.9008347245409016,0.9069253020248426,0.006090577483941,0.901,0.9088333333333334,0.0078333333333333,0.902341137123746,0.9263121306916928,0.0239709935679469,0.8993333333333333,0.8883333333333333,-0.011
C10305,10305,20,ZNF70,0.8901521666666667,0.9002676666666668,0.0101155,0.8902160707608213,0.9028007396133054,0.0125846688524841,0.6180049440593288,0.6397540511846214,0.0217491071252925,0.8086172344689379,0.8120456905503635,0.0034284560814256,0.809,0.819,0.0099999999999998,0.8102409638554217,0.8444924406047516,0.0342514767493299,0.807,0.782,-0.025
C10305,10305,20,ZNF71,0.9634096666666666,0.9713011666666664,0.0078914999999998,0.9610053514921189,0.9704237376355984,0.0094183861434795,0.794338673072361,0.8298862006039304,0.0355475275315694,0.8973548494426884,0.9138425223402462,0.0164876728975578,0.8971666666666667,0.9148333333333334,0.0176666666666667,0.8957157090667552,0.9245991129307404,0.0288834038639851,0.899,0.9033333333333332,0.0043333333333331
C10305,10305,20,ZNF79,0.8512042500674921,0.7982925902051206,-0.0529116598623715,0.6572299619242011,0.5957900706071938,-0.0614398913170073,0.5496407875320762,0.4963026304364106,-0.0533381570956656,0.5856622114216282,0.4923076923076923,-0.0933545191139359,0.8992614475627769,0.8927621861152142,-0.0064992614475627,0.7554858934169278,0.8341232227488151,0.0786373293318872,0.4781746031746032,0.3492063492063492,-0.128968253968254
C10305,10305,20,ZNF883,0.9825520555555556,0.9863838333333332,0.0038317777777777,0.9806474435836956,0.985310803189742,0.0046633596060464,0.8533110885980276,0.8670229899993634,0.0137119014013358,0.9254941713127216,0.9342753861321064,0.0087812148193846,0.9265,0.9333333333333332,0.0068333333333332,0.9383350462487152,0.9212572909915748,-0.0170777552571405,0.913,0.9476666666666668,0.0346666666666667
C10305,10305,20,Zfp3,0.9586347331583552,0.9696391951006124,0.0110044619422572,0.9435504979722736,0.957444653372344,0.0138941554000704,0.793143980819938,0.8340032932945768,0.0408593124746388,0.8690899152773982,0.8967551622418879,0.0276652469644896,0.9023445463812436,0.9215086646279308,0.0191641182466871,0.9064994298745724,0.9166666666666666,0.0101672367920941,0.8346456692913385,0.8776902887139107,0.0430446194225722
C10305,10305,20,Zfp62,0.9642203354297696,0.9801293501048216,0.0159090146750521,0.9302136779584852,0.963208961451428,0.0329952834929426,0.7900485205643442,0.8486432417256538,0.0585947211613095,0.8644532439841608,0.898635477582846,0.0341822335986852,0.9030501089324618,0.9320261437908496,0.0289760348583877,0.8381571175428234,0.9294354838709676,0.0912783663281442,0.8924528301886793,0.869811320754717,-0.0226415094339622
C10306,10306,20,ZNF100,0.98021815008726,0.9861849912739964,0.0059668411867364,0.957780110589405,0.964236854562843,0.0064567439734379,0.8781322090218733,0.8920809875049744,0.0139487784831011,0.8996539792387543,0.9123045547246772,0.0126505754859228,0.9614771519659936,0.9657279489904356,0.0042507970244419,0.9544787077826724,0.9490806223479492,-0.0053980854347233,0.8507853403141361,0.8782722513089005,0.0274869109947644
C10306,10306,20,ZNF138,0.9804186666666668,0.9840635555555556,0.0036448888888889,0.9782097537481402,0.9819690673970216,0.0037593136488813,0.8232991269434092,0.8742518207918053,0.050952693848396,0.903897019925939,0.9362348178137652,0.0323377978878262,0.9091666666666668,0.937,0.0278333333333333,0.9595657057281916,0.9477459016393442,-0.0118198040888474,0.8543333333333333,0.925,0.0706666666666667
C10306,10306,20,ZNF254,0.9629929548951331,0.973391907576862,0.0103989526817287,0.917646757854512,0.9362427905143718,0.0185960326598596,0.8609380508982394,0.8790156558251677,0.0180776049269283,0.8780487804878049,0.8894601542416453,0.0114113737538403,0.968944099378882,0.9732919254658384,0.0043478260869563,0.9090909090909092,0.9774011299435028,0.0683102208525937,0.8490566037735849,0.8160377358490566,-0.0330188679245283
C10306,10306,20,ZNF257,0.9811113333333332,0.9813167777777776,0.0002054444444442,0.980014574916708,0.9805500977067004,0.0005355227899924,0.8617159179927019,0.8784919154373966,0.0167759974446947,0.9320104098893948,0.938583207134444,0.0065727972450491,0.9303333333333332,0.9391666666666668,0.0088333333333334,0.9101016518424396,0.9476724430852872,0.0375707912428475,0.955,0.9296666666666666,-0.0253333333333333
C10306,10306,20,ZNF273,0.9744089973812196,0.9760340441451552,0.0016250467639356,0.9610414629676116,0.9611486848289678,0.000107221861356,0.8269124034565815,0.8283354392182227,0.0014230357616412,0.8925438596491229,0.8923766816143498,-0.000167178034773,0.918025930572982,0.9196988707653702,0.0016729401923881,0.872454448017149,0.8913773796192609,0.0189229316021118,0.9135802469135802,0.8933782267115601,-0.0202020202020201
C10306,10306,20,ZNF429,0.965781340860236,0.9692059073990588,0.0034245665388226,0.9475944108510964,0.951228602805676,0.0036341919545795,0.8124245737070444,0.8208777725985462,0.0084531988915018,0.8727149627623562,0.8765049879600963,0.0037900251977401,0.9170161112337232,0.9207680423747516,0.0037519311410283,0.9051966292134832,0.925199709513435,0.0200030802999519,0.842483660130719,0.8326797385620915,-0.0098039215686274
C10306,10306,20,ZNF430,0.971233888888889,0.9743952222222222,0.0031613333333332,0.967720589137851,0.9738520559047086,0.0061314667668576,0.8185800464201236,0.8398182675471734,0.0212382211270497,0.90419993057966,0.9190644455662124,0.0148645149865525,0.908,0.9198333333333332,0.0118333333333331,0.943157132512672,0.927964661909616,-0.0151924706030559,0.8683333333333333,0.9103333333333332,0.0419999999999999
C10306,10306,20,ZNF431,0.9389031937480236,0.9692144373673036,0.0303112436192799,0.8168769390010893,0.8678125690586229,0.0509356300575336,0.6490364174231706,0.7722276624731754,0.1231912450500047,0.6794871794871795,0.8087431693989071,0.1292559899117276,0.911504424778761,0.9380530973451328,0.0265486725663717,0.8548387096774194,0.8314606741573034,-0.0233780355201159,0.5638297872340425,0.7872340425531915,0.2234042553191489
C10306,10306,20,ZNF492,0.8946155457783365,0.8476848941965223,-0.0469306515818142,0.7247148459239834,0.7208143882487108,-0.0039004576752725,0.6445250372193578,0.6457068393210558,0.0011818021016979,0.6923076923076923,0.6567164179104478,-0.0355912743972445,0.909433962264151,0.9132075471698112,0.0037735849056602,0.7714285714285715,0.9166666666666666,0.1452380952380951,0.627906976744186,0.5116279069767442,-0.1162790697674418
C10306,10306,20,ZNF493,0.9387343286829296,0.9535530717141226,0.0148187430311931,0.7676466365775945,0.7878402171474819,0.0201935805698874,0.7206006068513731,0.7056080848803665,-0.0149925219710065,0.7468030690537084,0.7252747252747253,-0.0215283437789831,0.9502762430939228,0.9497739829231542,-0.0005022601707684,0.7891891891891892,0.8354430379746836,0.0462538487854943,0.7087378640776699,0.6407766990291263,-0.0679611650485436
C10306,10306,20,ZNF675,0.9870246797875664,0.9911212121212122,0.0040965323336457,0.9776431427494586,0.9824131777398192,0.0047700349903605,0.9094011514298044,0.9100183723520806,0.0006172209222762,0.9329556185080264,0.9333963155408596,0.0004406970328331,0.9650848291123678,0.965330710597492,0.0002458814851241,0.9400570884871552,0.940952380952381,0.0008952924652259,0.9259606373008434,0.9259606373008434,0.0
C10306,10306,20,ZNF680,0.9779536590961228,0.9813577655425556,0.0034041064464327,0.9797839945324665,0.9834655960505648,0.0036816015180983,0.8538595448579692,0.8843744935306334,0.0305149486726641,0.9270256668344238,0.9404181184668988,0.013392451632475,0.9263460887233322,0.942092786996275,0.0157466982729427,0.904418985270049,0.952364149611856,0.0479451643418069,0.9507914659325534,0.9287680660701996,-0.0220233998623538
C10306,10306,20,ZNF681,0.9653959460053644,0.9811590379457414,0.0157630919403771,0.910104113100042,0.921984312149384,0.0118801990493419,0.7922606676681299,0.8222689808122537,0.0300083131441238,0.8200836820083682,0.8464730290456431,0.0263893470372749,0.9492924528301888,0.956367924528302,0.0070754716981132,0.8672566371681416,0.8869565217391304,0.0196998845709888,0.7777777777777778,0.8095238095238095,0.0317460317460317
C10306,10306,20,ZNF708,0.9433558068928454,0.9639160348505008,0.0205602279576554,0.8534093660998311,0.8974788018593423,0.0440694357595111,0.7286242510330585,0.7774077835570138,0.0487835325239552,0.7557117750439367,0.8053691275167785,0.0496573524728417,0.9287179487179488,0.9405128205128204,0.0117948717948715,0.9033613445378152,0.9056603773584906,0.0022990328206754,0.649546827794562,0.7250755287009063,0.0755287009063443
C10306,10306,20,ZNF714,0.9515403032721468,0.9528092577813247,0.0012689545091778,0.8595802578415039,0.8342887169937492,-0.0252915408477547,0.7185827010280852,0.7140414630117689,-0.0045412380163163,0.7639751552795031,0.7586206896551724,-0.0053544656243307,0.91353811149033,0.9124004550625712,-0.0011376564277587,0.8601398601398601,0.8642857142857143,0.0041458541458542,0.6871508379888268,0.6759776536312849,-0.0111731843575418
C10306,10306,20,ZNF724,0.9316287812748636,0.9640788793827604,0.0324500981078966,0.8285497375586118,0.8931772930481264,0.0646275554895146,0.760825459428689,0.8233171243597062,0.0624916649310172,0.76875,0.8323353293413174,0.0635853293413173,0.96051227321238,0.9701173959445036,0.0096051227321236,0.924812030075188,0.9455782312925172,0.0207662012173291,0.6577540106951871,0.7433155080213903,0.0855614973262032
C10306,10306,20,ZNF729,0.9012073262753528,0.9584066951729814,0.0571993688976286,0.7846756614857764,0.892421294121776,0.1077456326359995,0.7237386596546439,0.817683510860517,0.0939448512058731,0.75,0.8268156424581006,0.0768156424581005,0.9503619441571872,0.96794208893485,0.0175801447776627,0.7912087912087912,0.9487179487179488,0.1575091575091576,0.7128712871287128,0.7326732673267327,0.0198019801980198
C10306,10306,20,ZNF730,0.9155981348516238,0.9399596336227696,0.0243614987711457,0.7891739990959069,0.8342405530561539,0.0450665539602469,0.6816671092128923,0.7222237182661201,0.0405566090532277,0.7181467181467182,0.7587476979742173,0.0406009798274991,0.9264112903225806,0.9339717741935484,0.0075604838709677,0.8051948051948052,0.8046875,-0.0005073051948052,0.6480836236933798,0.7177700348432056,0.0696864111498257
C10306,10306,20,ZNF85,0.955122641509434,0.9687264150943397,0.0136037735849057,0.8882147045768111,0.9070255746902656,0.0188108701134545,0.7844886629751986,0.803413929287516,0.0189252663123173,0.8008658008658008,0.828,0.0271341991341991,0.9506702412868632,0.953887399463807,0.0032171581769436,0.9390862944162436,0.8808510638297873,-0.0582352305864564,0.6981132075471698,0.7811320754716982,0.0830188679245284
C10306,10306,20,ZNF92,0.9467854444444443,0.9440934444444444,-0.002692,0.9535321022575496,0.9495472815328452,-0.0039848207247044,0.7546242486053707,0.7340191562904743,-0.0206050923148963,0.8744470908472269,0.8525238009700018,-0.0219232898772251,0.877,0.8631666666666666,-0.0138333333333333,0.8929812369701181,0.9244253992987924,0.0314441623286743,0.8566666666666667,0.791,-0.0656666666666666
C10307,10307,16,ZNF112,0.954401918976546,0.9621485429992892,0.0077466240227432,0.9217914655501154,0.9378363526196136,0.0160448870694982,0.8075927930406701,0.8455780404879778,0.0379852474473076,0.8531618435155413,0.8793296089385475,0.0261677654230062,0.9304215337734892,0.9451498222447944,0.0147282884713052,0.8577586206896551,0.9237089201877934,0.0659502994981382,0.8486140724946695,0.8390191897654584,-0.009594882729211
C10307,10307,16,ZNF155,0.9563528344671204,0.96721768707483,0.0108648526077097,0.9030027519091872,0.9210135841991828,0.0180108322899955,0.7917653115125497,0.8295977676489107,0.0378324561363609,0.8325358851674641,0.8613652357494722,0.028829350582008,0.934404283801874,0.947255689424364,0.0128514056224898,0.8365384615384616,0.892128279883382,0.0555898183449203,0.8285714285714286,0.8326530612244898,0.0040816326530611
C10307,10307,16,ZNF214,0.851037851037851,0.963036963036963,0.1119991119991119,0.6523261379373855,0.8698445656601308,0.2175184277227453,0.586489713478603,0.8102100240921373,0.2237203106135342,0.6388888888888888,0.8235294117647058,0.184640522875817,0.9037037037037036,0.9555555555555556,0.0518518518518519,0.696969696969697,0.9655172413793104,0.2685475444096133,0.5897435897435898,0.717948717948718,0.1282051282051282
C10307,10307,16,ZNF221,0.9610914444444444,0.9729246666666668,0.0118332222222222,0.9599873710784526,0.9734901761464672,0.0135028050680146,0.7880618912481535,0.8199621660680505,0.0319002748198969,0.892125317527519,0.9119405396671514,0.0198152221396323,0.8938333333333334,0.9091666666666668,0.0153333333333334,0.9067125645438898,0.8849169018501097,-0.02179566269378,0.878,0.9406666666666668,0.0626666666666667
C10307,10307,16,ZNF222,0.9262947739283616,0.9393071051086318,0.0130123311802702,0.8021376433180887,0.8165576789079881,0.0144200355898994,0.6498034667197483,0.6856398445814483,0.0358363778617,0.705685618729097,0.7325383304940375,0.0268527117649405,0.9003397508493771,0.9110985277463194,0.0107587768969422,0.7728937728937729,0.8206106870229007,0.0477169141291278,0.6492307692307693,0.6615384615384615,0.0123076923076922
C10307,10307,16,ZNF223,0.8801126584259114,0.9446096072602096,0.0644969488342982,0.7728138278488216,0.9024525585407858,0.1296387306919642,0.7335810743549945,0.8608383326936337,0.1272572583386392,0.7472527472527473,0.8677248677248677,0.1204721204721204,0.9548133595284872,0.975442043222004,0.0206286836935167,0.8831168831168831,0.9761904761904762,0.093073593073593,0.6476190476190476,0.780952380952381,0.1333333333333333
C10307,10307,16,ZNF224,0.9649957222222224,0.9737212777777776,0.0087255555555553,0.959337249478728,0.9715085069655433,0.0121712574868151,0.793873813037356,0.816437904575926,0.0225640915385699,0.8994521430873348,0.910006497725796,0.0105543546384612,0.896,0.9076666666666666,0.0116666666666666,0.8705552089831566,0.8875158428390367,0.01696063385588,0.9303333333333332,0.9336666666666666,0.0033333333333332
C10307,10307,16,ZNF225,0.9794034444444444,0.9802571111111112,0.0008536666666667,0.9713999161970142,0.972858882866198,0.0014589666691838,0.8530172340070661,0.8649462734621889,0.0119290394551228,0.9252620899560364,0.933716658680722,0.0084545687246854,0.9263333333333332,0.9308333333333332,0.0044999999999998,0.9389155799588196,0.8963508126341613,-0.0425647673246581,0.912,0.9743333333333334,0.0623333333333333
C10307,10307,16,ZNF227,0.942737777777778,0.9528338888888888,0.0100961111111108,0.8431902871740936,0.8603601777677546,0.017169890593661,0.7485031878218036,0.7674654516459893,0.0189622638241857,0.7882454624027658,0.8014247551202137,0.0131792927174478,0.9319444444444444,0.9380555555555556,0.0061111111111111,0.8186714542190305,0.8604206500956023,0.0417491958765717,0.76,0.75,-0.01
C10307,10307,16,ZNF230,0.9678843333333336,0.978696,0.0108116666666665,0.965489465107636,0.977859468655516,0.01237000354788,0.8027182206701258,0.8392728405653865,0.0365546198952607,0.9007710358699296,0.9208374223094538,0.0200663864395241,0.9013333333333332,0.9193333333333332,0.0179999999999999,0.9059339177343224,0.9039820166987798,-0.0019519010355425,0.8956666666666667,0.9383333333333334,0.0426666666666666
C10307,10307,16,ZNF234,0.9737803333333332,0.9816112222222224,0.0078308888888892,0.9733770812960774,0.9788935465548192,0.0055164652587418,0.810984744811963,0.8708179855100289,0.0598332406980658,0.8969418419657063,0.936378466557912,0.0394366245922057,0.9028333333333334,0.935,0.0321666666666666,0.9548362815205118,0.9169329073482428,-0.0379033741722689,0.8456666666666667,0.9566666666666668,0.1110000000000001
C10307,10307,16,ZNF235,0.8651222072274705,0.9725596041385516,0.1074373969110811,0.7501576414371449,0.921493637308264,0.171335995871119,0.6791872844504423,0.8320964051433191,0.1529091206928767,0.7105263157894737,0.8450704225352113,0.1345441067457375,0.9434447300771208,0.9717223650385604,0.0282776349614395,0.7105263157894737,0.9090909090909092,0.1985645933014355,0.7105263157894737,0.7894736842105263,0.0789473684210526
C10307,10307,16,ZNF239,0.9065305555555556,0.9139430555555554,0.0074124999999998,0.907297572960855,0.9137166159899988,0.0064190430291437,0.6292663439611133,0.6739905969914879,0.0447242530303746,0.778620166793025,0.8393238142130314,0.0607036474200063,0.8053333333333333,0.8368333333333333,0.0314999999999999,0.9024604569420036,0.8267054639508568,-0.0757549929911467,0.6846666666666666,0.8523333333333334,0.1676666666666667
C10307,10307,16,ZNF284,0.9966711111111112,0.996757,8.588888888894086e-05,0.9968469877901436,0.9966157904314286,-0.0002311973587149,0.9580053222665744,0.9556820107954648,-0.0023233114711097,0.9789649415692822,0.9778959614425794,-0.0010689801267027,0.979,0.9778333333333332,-0.0011666666666667,0.9806020066889632,0.9751408684123302,-0.005461138276633,0.9773333333333334,0.9806666666666668,0.0033333333333334
C10307,10307,16,ZNF285,0.9138349514563108,0.9846783980582524,0.0708434466019417,0.7343590378288749,0.9433570242393772,0.2089979864105022,0.547873267202446,0.8882349730301751,0.340361705827729,0.5964912280701754,0.9,0.3035087719298246,0.9033613445378152,0.9747899159663864,0.0714285714285712,0.68,0.9642857142857144,0.2842857142857143,0.53125,0.84375,0.3125
C10307,10307,16,ZNF45,0.9095184948979592,0.9346832482993198,0.0251647534013605,0.6753973280340505,0.7819291314747987,0.1065318034407482,0.6489978680954474,0.7431149225610522,0.0941170544656048,0.6779661016949152,0.7476635514018691,0.0696974497069539,0.941717791411043,0.9585889570552149,0.0168711656441719,0.7407407407407407,0.9302325581395348,0.189491817398794,0.625,0.625,0.0
C10308,10308,15,ZNF20,0.9653711074258338,0.972368343467846,0.0069972360420121,0.9389377718530616,0.9516716643802048,0.0127338925271432,0.8036636355981255,0.8270581535333718,0.0233945179352462,0.8727588201272412,0.891371125383971,0.0186123052567298,0.9085048866708256,0.9191100020794344,0.0106051154086088,0.9151000606428138,0.9006772009029346,-0.0144228597398792,0.8341625207296849,0.8822553897180763,0.0480928689883913
C10308,10308,15,ZNF433,0.9668708126943196,0.9723688827595212,0.0054980700652015,0.9000706567879806,0.9036561748195504,0.0035855180315698,0.8304461709117333,0.830001458521168,-0.0004447123905653,0.8411214953271028,0.8388625592417062,-0.0022589360853966,0.9706009511456982,0.9706009511456982,0.0,0.9375,0.9516129032258064,0.0141129032258063,0.7627118644067796,0.75,-0.0127118644067796
C10308,10308,15,ZNF439,0.8864624864081188,0.9729521565784706,0.0864896701703518,0.7564586369119065,0.902531342132064,0.1460727052201574,0.6529626969461686,0.7560878136019288,0.1031251166557601,0.6732673267326733,0.7692307692307693,0.0959634424980959,0.9210526315789472,0.9425837320574164,0.021531100478469,0.8717948717948718,0.9523809523809524,0.0805860805860806,0.5483870967741935,0.6451612903225806,0.0967741935483871
C10308,10308,15,ZNF44,0.9643036666666668,0.9715867777777778,0.0072831111111111,0.9610850546135068,0.9686569962971666,0.0075719416836599,0.7928852713605095,0.8217225913571918,0.0288373199966823,0.8995412118335706,0.911350455675228,0.0118092438416573,0.8941666666666667,0.9108333333333334,0.0166666666666667,0.8560674495633845,0.9060955518945636,0.050028102331179,0.9476666666666668,0.9166666666666666,-0.031
C10308,10308,15,ZNF440,0.9597091748674756,0.9628340635534356,0.00312488868596,0.881864547459116,0.8953927379103607,0.0135281904512446,0.7642318589330345,0.7849826154687433,0.0207507565357087,0.7945205479452054,0.8080094228504122,0.0134888749052067,0.9415584415584416,0.947077922077922,0.0055194805194803,0.8656716417910447,0.9146666666666666,0.0489950248756219,0.7341772151898734,0.7236286919831224,-0.010548523206751
C10308,10308,15,ZNF441,0.969953,0.9736701111111112,0.0037171111111112,0.9663893611234328,0.9694530817860696,0.0030637206626367,0.8193770457129221,0.839057104440589,0.0196800587276668,0.9081062785581316,0.9190276613579212,0.0109213827997896,0.9095,0.9195,0.01,0.922310072189756,0.924451939291737,0.002141867101981,0.8943333333333333,0.9136666666666666,0.0193333333333333
C10308,10308,15,ZNF442,0.8498712616359675,0.9810995105112752,0.1312282488753077,0.6269245963421332,0.9302994157777804,0.3033748194356472,0.620894259826262,0.831516010485575,0.210621750659313,0.6021505376344086,0.8363636363636363,0.2342130987292277,0.9407051282051282,0.971153846153846,0.0304487179487178,0.9333333333333332,0.9787234042553192,0.0453900709219858,0.4444444444444444,0.7301587301587301,0.2857142857142857
C10308,10308,15,ZNF443,0.9437581052487884,0.9971059995904716,0.0533478943416831,0.8670979915259347,0.977731447689837,0.1106334561639023,0.6464161937971976,0.912090574614014,0.2656743808168164,0.6694560669456067,0.9195402298850576,0.2500841629394509,0.9118303571428572,0.984375,0.0725446428571429,0.5405405405405406,0.963855421686747,0.4233148811462064,0.8791208791208791,0.8791208791208791,0.0
C10308,10308,15,ZNF491,0.9016084213942356,0.9571527087601162,0.0555442873658804,0.7814221601787306,0.8606551724657914,0.0792330122870608,0.666823223776872,0.694848148397459,0.028024924620587,0.7146814404432132,0.7156549520766773,0.000973511633464,0.9167340339531124,0.9280517380759904,0.011317704122878,0.7456647398843931,0.896,0.1503352601156069,0.6861702127659575,0.5957446808510638,-0.0904255319148936
C10308,10308,15,ZNF563,0.9492489808641104,0.941491615567818,-0.0077573652962923,0.8220406630395518,0.8153343959754196,-0.0067062670641322,0.6746354889438105,0.6889034036780745,0.0142679147342639,0.7267950963222417,0.7494033412887828,0.0226082449665411,0.903435468895079,0.9025069637883008,-0.0009285051067782,0.8137254901960784,0.7536,-0.0601254901960783,0.6566455696202531,0.745253164556962,0.0886075949367088
C10308,10308,15,ZNF69,0.8564654175341199,0.9448299791811244,0.0883645616470045,0.6645276098720877,0.8438393860614234,0.1793117761893357,0.65774879758969,0.75249926810272,0.0947504705130301,0.6666666666666666,0.7631578947368421,0.0964912280701755,0.9450800915331808,0.9588100686498856,0.0137299771167048,0.8571428571428571,0.90625,0.0491071428571429,0.5454545454545454,0.6590909090909091,0.1136363636363636
C10308,10308,15,ZNF700,0.8667800674920495,0.8912872766434463,0.0245072091513968,0.6262479409394697,0.6750057551455043,0.0487578142060346,0.5393759070350024,0.5339491915878393,-0.0054267154471631,0.5747800586510264,0.5529225908372828,-0.0218574678137436,0.914756025867137,0.9168136390358612,0.0020576131687242,0.697508896797153,0.7543103448275862,0.0568014480304331,0.4887780548628428,0.4364089775561097,-0.0523690773067331
C10308,10308,15,ZNF763,0.9275548986486486,0.9562077702702704,0.0286528716216217,0.7434025502575783,0.8172659902953434,0.0738634400377651,0.6737493979993628,0.7129593341848892,0.0392099361855263,0.7049180327868853,0.7372881355932204,0.0323701028063351,0.9418416801292409,0.9499192245557352,0.0080775444264944,0.7413793103448276,0.8055555555555556,0.0641762452107279,0.671875,0.6796875,0.0078125
C10308,10308,15,ZNF799,0.9341564401875686,0.935912401476604,0.0017559612890354,0.8034736149515093,0.8267035973925786,0.0232299824410693,0.6907358106664214,0.7186697473804933,0.0279339367140718,0.7163120567375887,0.7279693486590039,0.0116572919214151,0.9444829979181124,0.9507286606523248,0.0062456627342123,0.8015873015873016,0.9047619047619048,0.1031746031746031,0.6474358974358975,0.6089743589743589,-0.0384615384615385
C10308,10308,15,ZNF823,0.9476068601583112,0.9559995602462622,0.008392700087951,0.8827782481715205,0.904937860044504,0.0221596118729835,0.7521108179419526,0.7828919675536393,0.0307811496116867,0.8021108179419525,0.8189655172413793,0.0168546992994268,0.9201703033528472,0.9329430548163916,0.0127727514635443,0.8021108179419525,0.8990536277602523,0.0969428098182998,0.8021108179419525,0.7519788918205804,-0.050131926121372
C10309,10309,12,ZNF28,0.9735668165100124,0.97771434409481,0.0041475275847976,0.967594503723866,0.9722285032914728,0.0046339995676067,0.8252445340249271,0.8541921557950392,0.028947621770112,0.9014850449696716,0.9196811771919068,0.0181961322222351,0.913530383697448,0.9278501927666606,0.0143198090692124,0.9233076263924592,0.919869174161897,-0.0034384522305623,0.8806702084184715,0.9194932570494484,0.0388230486309768
C10309,10309,12,ZNF320,0.971371280583999,0.9800588609143652,0.0086875803303662,0.9236414890046822,0.9468602217910084,0.0232187327863261,0.8159888766926345,0.8477539049620538,0.0317650282694192,0.8536741214057508,0.8801475107559926,0.0264733893502417,0.939720979205054,0.9486707028165308,0.0089497236114768,0.8709256844850065,0.8636911942098915,-0.007234490275115,0.8370927318295739,0.8972431077694235,0.0601503759398496
C10309,10309,12,ZNF468,0.9907727272727272,0.9930227272727272,0.0022499999999999,0.9829510982510568,0.9868069872917552,0.0038558890406983,0.8953042695018176,0.91077730297481,0.0154730334729923,0.928763440860215,0.9413639260675588,0.0126004852073438,0.9533039647577092,0.9594713656387666,0.0061674008810572,0.9623955431754876,0.9242803504380476,-0.0381151927374399,0.8974025974025974,0.9590909090909092,0.0616883116883117
C10309,10309,12,ZNF525,0.9619196036122432,0.9756553184687924,0.0137357148565492,0.9309986131703416,0.9541212690588938,0.0231226558885522,0.9039534285065092,0.9219446760013208,0.0179912474948115,0.9125,0.9313432835820896,0.0188432835820896,0.9790419161676648,0.9827844311377244,0.0037425149700597,0.9864864864864864,0.9570552147239264,-0.0294312717625601,0.8488372093023255,0.9069767441860463,0.0581395348837208
C10309,10309,12,ZNF578,0.9300258330430744,0.9503270250396688,0.0203011919965945,0.8065826079228136,0.8455940551401697,0.0390114472173561,0.7062423873629082,0.7592165565484625,0.0529741691855543,0.7258485639686684,0.7688172043010753,0.0429686403324068,0.9507042253521126,0.95962441314554,0.0089201877934274,0.8323353293413174,0.9166666666666666,0.0843313373253492,0.6435185185185185,0.6620370370370371,0.0185185185185186
C10309,10309,12,ZNF611,0.9809979423868314,0.9856382716049382,0.0046403292181068,0.9532069617111464,0.9638925262302346,0.0106855645190883,0.8560444123058483,0.8785226429856022,0.0224782306797539,0.8829300196206671,0.90452876376989,0.0215987441492229,0.953018372703412,0.9590551181102362,0.0060367454068241,0.9388038942976356,0.8968446601941747,-0.0419592341034608,0.8333333333333334,0.9123456790123456,0.0790123456790122
C10309,10309,12,ZNF701,0.9444625078764964,0.9449857172862844,0.000523209409788,0.9063597927737898,0.9186359479476612,0.0122761551738714,0.7474930547882287,0.7427079412680742,-0.0047851135201545,0.833969465648855,0.833075255497058,-0.000894210151797,0.8862001308044474,0.882494004796163,-0.0037061260082843,0.8420038535645472,0.8191230207064556,-0.0228808328580916,0.8260869565217391,0.847511027095148,0.0214240705734088
C10309,10309,12,ZNF761,0.9667914444444444,0.976086,0.0092945555555554,0.9659238098328154,0.9743652197676096,0.0084414099347941,0.8046695277189626,0.8301289341412449,0.0254594064222822,0.902463382157124,0.9170669228306116,0.0146035406734877,0.9023333333333332,0.9136666666666666,0.0113333333333333,0.9012632978723404,0.8823166974738139,-0.0189466003985264,0.9036666666666666,0.9546666666666668,0.0510000000000001
C10309,10309,12,ZNF765,0.9805900343642612,0.9867731958762886,0.0061831615120274,0.9583584045342892,0.97203454792747,0.0136761433931809,0.8547180478791235,0.9062053916121396,0.0514873437330161,0.8899273104880582,0.9282700421940928,0.0383427317060346,0.9465994962216624,0.9657430730478588,0.0191435768261962,0.8964435146443515,0.9503239740820736,0.0538804594377221,0.8835051546391752,0.9072164948453608,0.0237113402061855
C10309,10309,12,ZNF808,0.9594151034151036,0.9649206349206348,0.0055055315055313,0.9026468090096106,0.9180779551897404,0.0154311461801298,0.7754801200227002,0.8066514794738117,0.0311713594511114,0.8142532221379833,0.8395437262357415,0.0252905040977581,0.933658272407257,0.94286487950176,0.009206607094503,0.8578274760383386,0.887459807073955,0.0296323310356163,0.7748917748917749,0.7965367965367965,0.0216450216450216
C10309,10309,12,ZNF816,0.9621631111111112,0.9709493333333332,0.0087862222222221,0.9592107687776328,0.9688504677172076,0.0096396989395747,0.7469376772228774,0.8094012595633486,0.0624635823404712,0.8530439580651095,0.9073432083202017,0.0542992502550921,0.8668333333333333,0.902,0.0351666666666666,0.951579811243332,0.860430364614465,-0.091149446628867,0.773,0.9596666666666668,0.1866666666666667
C10309,10309,12,ZNF860,0.9571024335031126,0.9794567062818336,0.0223542727787209,0.8939795639940447,0.9320285791475204,0.0380490151534756,0.7829667879515987,0.8196182713338209,0.0366514833822222,0.826530612244898,0.8556701030927835,0.0291394908478854,0.9281183932346724,0.9408033826638478,0.0126849894291755,0.7864077669902912,0.8217821782178217,0.0353744112275304,0.8709677419354839,0.8924731182795699,0.021505376344086
C10310,10310,10,ZNF101,0.9044762222222222,0.9157778888888888,0.0113016666666665,0.909638062589156,0.9241333207710736,0.0144952581819174,0.6630162397438265,0.6620419669370265,-0.0009742728067999,0.8095760233918129,0.833633830519587,0.024057807127774,0.8263333333333334,0.8308333333333333,0.0044999999999999,0.8960355987055016,0.8200580457916801,-0.0759775529138215,0.7383333333333333,0.8476666666666667,0.1093333333333334
C10310,10310,10,ZNF124,0.9613627222222222,0.9716164444444444,0.0102537222222222,0.9580747410197806,0.9715917216626662,0.0135169806428855,0.7908365093635293,0.8103735582962647,0.0195370489327353,0.8932631936195486,0.9076060848678944,0.0143428912483457,0.8951666666666667,0.9038333333333334,0.0086666666666667,0.9097822329761494,0.8733436055469954,-0.0364386274291539,0.8773333333333333,0.9446666666666668,0.0673333333333334
C10310,10310,10,ZNF136,0.945756649767345,0.9339711091047987,-0.0117855406625462,0.7307933632477652,0.7440959726360379,0.0133026093882726,0.6786182341462444,0.6163429203603353,-0.0622753137859091,0.7123287671232876,0.6488095238095238,-0.0635192433137638,0.939200926462073,0.931673422119282,-0.007527504342791,0.7303370786516854,0.7315436241610739,0.0012065455093884,0.6951871657754011,0.5828877005347594,-0.1122994652406417
C10310,10310,10,ZNF490,0.9891205312185296,0.99117887713998,0.0020583459214502,0.9896883514786562,0.991251063684596,0.0015627122059398,0.9061510574018128,0.8989718166575262,-0.0071792407442864,0.9501510574018128,0.9469822050999817,-0.003168852301831,0.953257790368272,0.9488314447592068,-0.0044263456090651,0.9501510574018128,0.9207991437745272,-0.0293519136272855,0.9501510574018128,0.9746978851963746,0.0245468277945618
C10310,10310,10,ZNF564,0.9857147051914492,0.9892456542165844,0.003530949025135,0.948124940605112,0.9661986977116326,0.0180737571065205,0.8539065543328661,0.9201079524237455,0.0662013980908794,0.8620689655172413,0.928,0.0659310344827587,0.9729957805907172,0.9848101265822784,0.011814345991561,0.970873786407767,0.9586776859504132,-0.0121961004573537,0.7751937984496124,0.8992248062015504,0.1240310077519379
C10310,10310,10,ZNF627,0.9683291518557412,0.977292599443739,0.0089634475879978,0.9262372922262534,0.9403174841695566,0.0140801919433032,0.8741896971302655,0.8777368569319488,0.0035471598016832,0.8843283582089553,0.8896925858951176,0.0053642276861622,0.9767441860465116,0.977119279819955,0.0003750937734433,0.9518072289156626,0.924812030075188,-0.0269951988404746,0.8257839721254355,0.8571428571428571,0.0313588850174215
C10310,10310,10,ZNF669,0.956983770111712,0.9747066676034568,0.0177228974917447,0.8420375790313689,0.927735044388389,0.0856974653570201,0.7153360895356682,0.8554767090564181,0.1401406195207499,0.7368421052631579,0.872093023255814,0.1352509179926561,0.946524064171123,0.9705882352941176,0.0240641711229946,0.8484848484848485,0.872093023255814,0.0236081747709654,0.6511627906976745,0.872093023255814,0.2209302325581394
C10310,10310,10,ZNF670,0.9789814432989692,0.9895766323024056,0.0105951890034364,0.9449148997000044,0.962833144877438,0.0179182451774336,0.8788138461645895,0.9005902613081885,0.021776415143599,0.8945686900958466,0.9140461215932912,0.0194774314974446,0.9715925394548064,0.976470588235294,0.0048780487804876,0.9251101321585904,0.929637526652452,0.0045273944938617,0.865979381443299,0.8989690721649485,0.0329896907216494
C10310,10310,10,ZNF709,0.9727671111111112,0.9799305555555556,0.0071634444444445,0.9711177680866124,0.9771093060258352,0.0059915379392226,0.8134059499724043,0.8600216260614887,0.0466156760890843,0.9012860618700036,0.931045751633987,0.0297596897639834,0.9053333333333332,0.9296666666666666,0.0243333333333333,0.9415395787944808,0.9131410256410256,-0.0283985531534551,0.8643333333333333,0.9496666666666668,0.0853333333333334
C10310,10310,10,ZNF791,0.9544384624854256,0.9657135564740832,0.0112750939886575,0.9128756821571816,0.9345786502357752,0.0217029680785935,0.7898853289905627,0.8310528781960999,0.0411675492055371,0.8388746803069054,0.872636815920398,0.0337621356134926,0.9219330855018588,0.936555142503098,0.0146220570012393,0.8903365906623235,0.8985655737704918,0.0082289831081683,0.793036750483559,0.8481624758220503,0.0551257253384912
C10311,10311,9,ZNF160,0.9745806021849188,0.9763010924593658,0.001720490274447,0.962847350547692,0.9667228153591902,0.0038754648114982,0.8880075025575831,0.8928714194564177,0.0048639168988345,0.9199346405228758,0.9205409974640744,0.0006063569411985,0.9538932015996237,0.9557751117384145,0.0018819101387907,0.9406850459482038,0.9766816143497756,0.0359965684015718,0.9000799360511591,0.8705035971223022,-0.0295763389288569
C10311,10311,9,ZNF480,0.9606274007682458,0.958130275157438,-0.0024971256108078,0.8835002688858816,0.880423570699645,-0.0030766981862365,0.7791744595450427,0.7959711682823297,0.016796708737287,0.804920913884007,0.8095238095238095,0.0046028956398025,0.9545081967213116,0.960655737704918,0.0061475409836064,0.8035087719298246,0.9272727272727272,0.1237639553429026,0.8063380281690141,0.7183098591549296,-0.0880281690140845
C10311,10311,9,ZNF528,0.9236875555555556,0.9314916666666666,0.007804111111111,0.926029931664268,0.9379441328356674,0.0119142011713994,0.6811340589162719,0.7043697265143407,0.0232356675980688,0.8336215842269111,0.8467228625494582,0.013101278322547,0.8396666666666667,0.8515,0.0118333333333333,0.8662832494608196,0.8748666903661572,0.0085834409053375,0.8033333333333333,0.8203333333333334,0.017
C10311,10311,9,ZNF534,0.9838528888888888,0.9879007777777776,0.0040478888888887,0.984378469540866,0.9880980601907218,0.0037195906498557,0.8923417114698441,0.8987817180903447,0.0064400066205005,0.946283053384334,0.9489247311827956,0.0026416777984616,0.9461666666666668,0.9493333333333334,0.0031666666666666,0.9442416196481912,0.956639566395664,0.0123979467474728,0.9483333333333334,0.9413333333333334,-0.007
C10311,10311,9,ZNF610,0.9284686666666666,0.9388458888888888,0.0103772222222221,0.935432157775918,0.9418309345422478,0.0063987767663298,0.7076773065856286,0.7295077139709958,0.0218304073853672,0.8333028362305581,0.8588214964575773,0.0255186602270192,0.8481666666666666,0.8638333333333333,0.0156666666666667,0.923732251521298,0.8916397560100466,-0.0320924955112514,0.759,0.8283333333333334,0.0693333333333333
C10311,10311,9,ZNF616,0.9804956666666668,0.9839455555555556,0.0034498888888887,0.9801264690440032,0.9827324480408336,0.0026059789968304,0.8600689994141516,0.869316923788612,0.0092479243744604,0.9304405432262338,0.9353724716329552,0.0049319284067214,0.93,0.9345,0.0044999999999999,0.924621461487821,0.9230769230769232,-0.0015445384108977,0.9363333333333334,0.948,0.0116666666666666
C10311,10311,9,ZNF766,0.9427576666666664,0.9538538888888888,0.0110962222222222,0.9440075372485676,0.9559358067365468,0.0119282694879792,0.7424095992144654,0.7651812114834504,0.022771612268985,0.8720834022836339,0.8801358234295416,0.0080524211459076,0.8711666666666666,0.8823333333333333,0.0111666666666666,0.8659217877094972,0.8968858131487889,0.0309640254392916,0.8783333333333333,0.864,-0.0143333333333333
C10311,10311,9,ZNF83,0.9753943333333336,0.981132888888889,0.0057385555555555,0.97065678648072,0.9799751214723528,0.0093183349916327,0.828793480259471,0.8590210462734537,0.0302275660139826,0.9110271384403984,0.929745889387145,0.0187187509467464,0.9136666666666666,0.9295,0.0158333333333333,0.9397590361445785,0.9265143992055612,-0.0132446369390171,0.884,0.933,0.049
C10311,10311,9,ZNF880,0.9195546558704454,0.9460323886639675,0.0264777327935221,0.8068488645849956,0.8652779217580169,0.0584290571730212,0.6705011788241074,0.7480783787497797,0.0775771999256722,0.6796116504854369,0.7678571428571429,0.0882454923717059,0.9258426966292136,0.9415730337078652,0.0157303370786516,0.9210526315789472,0.9148936170212766,-0.0061590145576707,0.5384615384615384,0.6615384615384615,0.123076923076923
C10312,10312,8,ZNF121,0.9691436666666668,0.9681126666666668,-0.0010309999999998,0.9692273843293928,0.967215075058932,-0.0020123092704609,0.8230048997378573,0.8216703641916251,-0.0013345355462321,0.9100439634764964,0.9106993824069436,0.0006554189304471,0.9113333333333332,0.9108333333333334,-0.0004999999999999,0.9234728894989704,0.912069541959211,-0.0114033475397594,0.897,0.9093333333333332,0.0123333333333331
C10312,10312,8,ZNF266,0.9687752791718136,0.9760551196739132,0.0072798405020995,0.9104220966411356,0.9302398749409868,0.0198177782998513,0.8202946297407432,0.8469501097558935,0.0266554800151502,0.8444040036396724,0.8704028021015762,0.0259987984619037,0.9524339360222532,0.9588317107093184,0.0063977746870652,0.9188118811881189,0.906934306569343,-0.0118775746187758,0.7811447811447811,0.8367003367003367,0.0555555555555555
C10312,10312,8,ZNF426,0.9138246810660604,0.98048503220917,0.0666603511431096,0.7715319694731365,0.9055783095216796,0.1340463400485431,0.7379135206365962,0.8259300931642809,0.0880165725276846,0.7313432835820896,0.8387096774193549,0.1073663938372653,0.9570405727923628,0.9701670644391408,0.013126491646778,0.98,0.9154929577464788,-0.0645070422535212,0.5833333333333334,0.7738095238095238,0.1904761904761904
C10312,10312,8,ZNF560,0.9714321959755032,0.9726561679790028,0.0012239720034996,0.8891232928472332,0.8946587032983873,0.005535410451154,0.7933034709092959,0.8042059334330889,0.010902462523793,0.8152173913043478,0.826530612244898,0.0113132209405502,0.9597752144335996,0.9597752144335996,1.1102230246251563e-16,0.8450704225352113,0.8039702233250621,-0.0411001992101491,0.7874015748031497,0.8503937007874016,0.0629921259842519
C10312,10312,8,ZNF561,0.9697528789293496,0.9814154995331466,0.011662620603797,0.9009943323781916,0.9434535096054302,0.0424591772272384,0.8184895100503997,0.8479913594123072,0.0295018493619074,0.8509212730318257,0.878419452887538,0.0274981798557122,0.9440251572327044,0.949685534591195,0.0056603773584905,0.900709219858156,0.8425655976676385,-0.0581436221905175,0.8063492063492064,0.9174603174603174,0.111111111111111
C10312,10312,8,ZNF562,0.9356543456543456,0.9837862137862138,0.048131868131868,0.8695744640266216,0.9443528729264684,0.0747784088998467,0.834156005423849,0.8426710853014717,0.0085150798776226,0.8472906403940886,0.8596491228070176,0.0123584824129289,0.9696078431372548,0.9686274509803922,-0.0009803921568627,0.9247311827956988,0.8305084745762712,-0.0942227082194276,0.7818181818181819,0.8909090909090909,0.109090909090909
C10312,10312,8,ZNF778,0.9713003710045662,0.9730614297945204,0.0017610587899541,0.961077973434274,0.9638933444840284,0.0028153710497544,0.820001534649674,0.8327135075154426,0.0127119728657686,0.8973466724662897,0.9063032367972744,0.0089565643309846,0.9115442278860568,0.9175412293853074,0.0059970014992504,0.9120247568523432,0.9016949152542372,-0.0103298415981059,0.8831335616438356,0.910958904109589,0.0278253424657534
C10312,10312,8,ZNF846,0.9714153725880388,0.9796808926477382,0.0082655200596992,0.966257236781354,0.9694407033718724,0.0031834665905183,0.8975212685661185,0.9094466050259272,0.0119253364598087,0.9285714285714286,0.9393939393939394,0.0108225108225108,0.9548872180451128,0.9598997493734336,0.0050125313283208,0.970954356846473,0.9358490566037736,-0.0351053002426994,0.8897338403041825,0.9429657794676806,0.0532319391634981
C10313,10313,7,ZNF350,0.9630011666666666,0.9692232777777776,0.006222111111111,0.9525929896773916,0.966256821237173,0.0136638315597813,0.7985094240774877,0.8134208259675832,0.0149114018900955,0.9002144153059541,0.9073461283917936,0.0071317130858394,0.8991666666666667,0.9066666666666666,0.0074999999999999,0.890956578517793,0.9007884362680684,0.0098318577502753,0.9096666666666666,0.914,0.0043333333333334
C10313,10313,7,ZNF432,0.9707744444444444,0.9764,0.0056255555555556,0.9663642362429152,0.9752514910286876,0.0088872547857722,0.7948396451294224,0.8294861551297947,0.0346465100003723,0.8892800563281112,0.9104426002766252,0.0211625439485139,0.8951666666666667,0.9136666666666666,0.0184999999999999,0.9421857515852294,0.9457614942528736,0.0035757426676441,0.842,0.8776666666666667,0.0356666666666667
C10313,10313,7,ZNF613,0.8917012523663899,0.9030508227755932,0.0113495704092033,0.7106766664299126,0.7400126622071538,0.0293359957772412,0.5501950755265611,0.6211586882666686,0.0709636127401075,0.6062992125984252,0.6717557251908397,0.0654565125924144,0.8897464167585446,0.9051819184123484,0.0154355016538038,0.7,0.7457627118644068,0.0457627118644068,0.5347222222222222,0.6111111111111112,0.0763888888888889
C10313,10313,7,ZNF614,0.8928381335383525,0.9010290377905258,0.0081909042521732,0.7910103119478257,0.8037608165856163,0.0127505046377905,0.7171385509565132,0.736663781462482,0.0195252305059687,0.7226890756302521,0.7394957983193278,0.0168067226890756,0.9378531073446328,0.9416195856873822,0.0037664783427494,0.9555555555555556,0.9777777777777776,0.022222222222222,0.581081081081081,0.5945945945945946,0.0135135135135135
C10313,10313,7,ZNF615,0.9607410555555556,0.9705467777777776,0.009805722222222,0.95734086394285,0.9690712904099936,0.0117304264671435,0.788193044903979,0.8140738262211493,0.0258807813171703,0.8904884318766066,0.9025233321811268,0.0120349003045201,0.8935,0.906,0.0125,0.9164021164021164,0.9371859296482412,0.0207838132461247,0.866,0.8703333333333333,0.0043333333333333
C10313,10313,7,ZNF649,0.9875118079752224,0.9905168408826944,0.0030050329074718,0.9756523009272816,0.9809414077876358,0.0052891068603543,0.9230140720597368,0.9266335441355464,0.0036194720758095,0.9396449704142013,0.9417417417417416,0.0020967713275404,0.9735819735819736,0.9748769748769748,0.0012950012950011,0.9577804583835948,0.9751243781094528,0.0173439197258581,0.9221835075493612,0.9105691056910568,-0.0116144018583044
C10313,10313,7,ZNF793,0.9861972777777775,0.9856104444444446,-0.000586833333333,0.9865762392807924,0.9854050949497568,-0.0011711443310356,0.889795251371406,0.8932096807724385,0.0034144294010324,0.9452982978020162,0.9459140690817186,0.0006157712797023,0.9448333333333332,0.9465,0.0016666666666667,0.9373975745657162,0.9563884156729132,0.018990841107197,0.9533333333333334,0.9356666666666666,-0.0176666666666667
C10314,10314,7,ZFP37,0.9269521111111112,0.9396543333333331,0.012702222222222,0.9271865019680716,0.9455844878476922,0.0183979858796207,0.7166706481813275,0.7584675003098911,0.0417968521285635,0.8580968280467446,0.8752570253598355,0.0171601973130909,0.8583333333333333,0.8786666666666667,0.0203333333333334,0.8595317725752508,0.9005641748942173,0.0410324023189664,0.8566666666666667,0.8513333333333334,-0.0053333333333333
C10314,10314,7,ZNF146,0.9918842222222224,0.993761,0.0018767777777777,0.9936176474062904,0.9948814767087542,0.0012638293024637,0.9330004665003498,0.9447204122900404,0.0117199457896906,0.9665167416291854,0.9721849865951744,0.0056682449659889,0.9665,0.9723333333333334,0.0058333333333333,0.966033966033966,0.9774258760107816,0.0113919099768154,0.967,0.967,0.0
C10314,10314,7,ZNF25,0.9539402222222224,0.9622407777777776,0.0083005555555553,0.9464074054820082,0.9566745183069332,0.0102671128249249,0.7752145209202425,0.7950035775241484,0.0197890566039059,0.889793260621846,0.8973460190285428,0.0075527584066967,0.8871666666666667,0.8975,0.0103333333333333,0.8695513840279987,0.8986960882647944,0.0291447042367957,0.911,0.896,-0.015
C10314,10314,7,ZNF260,0.982931700517722,0.9882982875348468,0.0053665870171247,0.9570810015603494,0.9714511058200548,0.0143701042597054,0.8584000275781211,0.895456071101506,0.0370560435233849,0.8876543209876543,0.917330067360686,0.0296757463730317,0.9525671097211365,0.9648162627052383,0.012249152984102,0.9182630906768838,0.9409547738693468,0.0226916831924629,0.8590203106332138,0.8948626045400239,0.03584229390681
C10314,10314,7,ZNF329,0.9722451626851152,0.9833034266565776,0.0110582639714623,0.9241417305673538,0.9388511012495008,0.0147093706821469,0.8427678882126249,0.8232102071856441,-0.0195576810269808,0.8648648648648649,0.8442776735459663,-0.0205871913188986,0.960212201591512,0.9559681697612732,-0.0042440318302386,0.9056603773584906,0.925925925925926,0.0202655485674354,0.8275862068965517,0.7758620689655172,-0.0517241379310344
C10314,10314,7,ZNF35,0.9192361111111113,0.9355508888888888,0.0163147777777776,0.9132455492683051,0.939390698313831,0.0261451490455257,0.6667457695386401,0.7207512106034903,0.0540054410648502,0.8409197559831065,0.8537768537768538,0.0128570977937472,0.8305,0.8593333333333333,0.0288333333333332,0.7922192749778957,0.8888888888888888,0.0966696139109931,0.896,0.8213333333333334,-0.0746666666666666
C10314,10314,7,ZNF569,0.9586034956969214,0.9698636619051844,0.0112601662082629,0.9134444321286482,0.9382012284650572,0.0247567963364089,0.7673500499167862,0.8222451452951386,0.0548950953783523,0.838963963963964,0.8755868544600939,0.0366228904961298,0.8992603029235646,0.9253258189503346,0.0260655160267699,0.8045356371490281,0.8735362997658079,0.0690006626167798,0.8764705882352941,0.8776470588235294,0.0011764705882353
C10315,10315,7,ZNF177,0.9136517576176222,0.934643391664748,0.0209916340471257,0.7829000658651855,0.829793104146444,0.0468930382812585,0.6480214946541385,0.7182292728909759,0.0702077782368374,0.6977611940298507,0.7515657620041754,0.0538045679743246,0.9135538954108858,0.9364994663820704,0.0229455709711845,0.6726618705035972,0.8144796380090498,0.1418177675054526,0.7248062015503876,0.6976744186046512,-0.0271317829457363
C10315,10315,7,ZNF317,0.9361061666666668,0.9545372222222224,0.0184310555555555,0.9346128829140108,0.9540809031616612,0.0194680202476504,0.7083029117831983,0.7793147115848936,0.0710117998016953,0.8376037531577047,0.885099052540913,0.0474952993832082,0.85,0.8888333333333334,0.0388333333333333,0.9130605822187254,0.9158645276292336,0.0028039454105082,0.7736666666666666,0.8563333333333333,0.0826666666666666
C10315,10315,7,ZNF333,0.9810762222222222,0.9847635555555556,0.0036873333333333,0.9783493278266898,0.9828949953987776,0.0045456675720877,0.8609017639852977,0.8796782348153265,0.0187764708300287,0.9314126698313964,0.9388100067613252,0.0073973369299289,0.9301666666666668,0.9396666666666668,0.0095,0.9150852364104214,0.9523319615912208,0.0372467251807994,0.9483333333333334,0.9256666666666666,-0.0226666666666667
C10315,10315,7,ZNF557,0.9642568333333332,0.9737266666666666,0.0094698333333334,0.9610738277317706,0.9713388058068336,0.0102649780750629,0.7976667109814851,0.8324443795708473,0.0347776685893621,0.8988164694115686,0.9154763905226012,0.0166599211110326,0.8988333333333334,0.9161666666666668,0.0173333333333334,0.8989663221073692,0.9230769230769232,0.024110600969554,0.8986666666666666,0.908,0.0093333333333334
C10315,10315,7,ZNF558,0.8897618333333333,0.9021635555555556,0.0124017222222223,0.8952434624548377,0.9116143902406724,0.0163709277858347,0.6243752929646224,0.6398168635320304,0.015441570567408,0.8086838534599728,0.817860151642797,0.0091762981828241,0.812,0.8198333333333333,0.0078333333333332,0.8232044198895028,0.8269165247018739,0.0037121048123711,0.7946666666666666,0.809,0.0143333333333334
C10315,10315,7,ZNF8,0.9321433333333332,0.9381025555555556,0.0059592222222223,0.9402907163194874,0.945190324902447,0.0048996085829596,0.7129246507452037,0.7269584399466484,0.0140337892014447,0.842481673520472,0.8593910366062265,0.0169093630857545,0.8531666666666666,0.863,0.0098333333333333,0.9086000771307366,0.8826423049894588,-0.0259577721412778,0.7853333333333333,0.8373333333333334,0.052
C10315,10315,7,ZNF891,0.9797161666666668,0.9809895555555556,0.0012733888888888,0.9740973723505074,0.977170046944248,0.0030726745937406,0.8584999162581256,0.8543333807963002,-0.0041665354618254,0.9306293256075968,0.9271545257542924,-0.0034747998533045,0.9281666666666668,0.9271666666666668,-0.0009999999999998,0.8997821350762527,0.9273091030343448,0.027526967958092,0.9636666666666668,0.927,-0.0366666666666666
C10316,10316,7,ZNF253,0.9081833989850598,0.8999266593325999,-0.0082567396524599,0.6953715838479115,0.6752706548749151,-0.0201009289729964,0.6079375400271473,0.6129996695989692,0.0050621295718219,0.6391382405745063,0.649746192893401,0.0106079523188946,0.9338162660520252,0.9318406322028318,-0.0019756338491933,0.7206477732793523,0.6832740213523132,-0.037373751927039,0.5741935483870968,0.6193548387096774,0.0451612903225806
C10316,10316,7,ZNF486,0.8730755460078768,0.9729233798782672,0.0998478338703903,0.5613252701815447,0.855375404433986,0.2940501342524413,0.4113900992638829,0.80733751945328,0.3959474201893971,0.3548387096774194,0.8181818181818182,0.4633431085043988,0.9207920792079208,0.9683168316831684,0.0475247524752475,0.8461538461538461,0.9230769230769232,0.0769230769230771,0.2244897959183673,0.7346938775510204,0.5102040816326531
C10316,10316,7,ZNF506,0.9837769619091328,0.98789857732905,0.0041216154199172,0.980674699154666,0.984639282956944,0.0039645838022779,0.875277325694581,0.893172680734241,0.01789535503966,0.9278350515463918,0.9385348151508278,0.010699763604436,0.9391774473836648,0.9476732960030894,0.0084958486194245,0.9263494967978042,0.9278026905829596,0.0014531937851554,0.9293253786140432,0.9495181275814594,0.0201927489674161
C10316,10316,7,ZNF626,0.8661895023858214,0.8785957736877982,0.0124062713019768,0.6309175158586037,0.67738785899809,0.0464703431394862,0.5405011808033795,0.6287571089322047,0.0882559281288252,0.5467625899280576,0.6060606060606061,0.0592980161325484,0.9303867403314916,0.9425414364640884,0.0121546961325966,0.7755102040816326,0.9523809523809524,0.1768707482993198,0.4222222222222222,0.4444444444444444,0.0222222222222222
C10316,10316,7,ZNF737,0.9677448888888888,0.9649441111111112,-0.0028007777777776,0.9639909027488566,0.9589856666745494,-0.0050052360743071,0.8073553594173735,0.7988490461831944,-0.008506313234179,0.904910494334045,0.902377972465582,-0.0025325218684629,0.9035,0.896,-0.0074999999999999,0.8918743930074458,0.8502358490566038,-0.0416385439508419,0.9183333333333332,0.9613333333333334,0.043
C10316,10316,7,ZNF90,0.952827846467054,0.9939917572868564,0.0411639108198024,0.9256781017331024,0.976765299913234,0.0510871981801316,0.8815995955461747,0.9193916471923445,0.0377920516461697,0.8913043478260869,0.9278350515463918,0.0365307037203048,0.9782608695652174,0.9847826086956522,0.0065217391304347,0.9534883720930232,0.9375,-0.0159883720930232,0.8367346938775511,0.9183673469387756,0.0816326530612245
C10316,10316,7,ZNF93,0.980513135049638,0.9812513976444353,0.0007382625947973,0.9597038934383306,0.960959377829208,0.0012554843908774,0.8601443578699406,0.8518180685490523,-0.0083262893208883,0.8940568475452196,0.8883222845486997,-0.0057345629965199,0.9484924623115578,0.9449748743718592,-0.0035175879396985,0.9048117154811716,0.8869653767820774,-0.0178463386990941,0.8835546475995915,0.8896833503575077,0.0061287027579162
C10317,10317,6,ZNF354A,0.919235284386591,0.9249535107597926,0.0057182263732016,0.8198506863774443,0.8358336005075663,0.0159829141301219,0.7818337077486314,0.8032856968583526,0.0214519891097212,0.8008948545861297,0.8167053364269141,0.0158104818407843,0.9621920135938828,0.9664401019541208,0.004248088360238,0.8523809523809524,0.9072164948453608,0.0548355424644084,0.7552742616033755,0.7426160337552743,-0.0126582278481012
C10317,10317,6,ZNF354B,0.9154530988274708,0.9135067001675042,-0.0019463986599664,0.8268314416224577,0.8212571997977156,-0.005574241824742,0.6715508338905494,0.6718392944163131,0.0002884605257637,0.7154471544715447,0.7361477572559367,0.020700602784392,0.8985774499473129,0.8946259220231823,-0.0039515279241306,0.8689407540394973,0.775,-0.0939407540394973,0.6080402010050251,0.7010050251256281,0.092964824120603
C10317,10317,6,ZNF354C,0.9652707627641178,0.9670287069664444,0.0017579442023265,0.9152379557017748,0.92275076243909,0.0075128067373151,0.822962819036798,0.82522586663685,0.002263047600052,0.848780487804878,0.85,0.0012195121951219,0.9558278711883728,0.957252778569393,0.0014249073810201,0.8413926499032882,0.8638211382113821,0.0224284883080938,0.8562992125984252,0.8366141732283464,-0.0196850393700788
C10317,10317,6,ZNF485,0.9770498888888888,0.9752941666666668,-0.0017557222222219,0.973089056290491,0.97242577315135,-0.0006632831391409,0.849846127276208,0.8348999362157724,-0.0149461910604355,0.9262747645339396,0.9190329385039754,-0.0072418260299642,0.9243333333333332,0.9168333333333332,-0.0075000000000001,0.9031032298923368,0.8953525134366108,-0.0077507164557261,0.9506666666666668,0.944,-0.0066666666666667
C10317,10317,6,ZNF74,0.873791599818997,0.9284832777983462,0.0546916779793491,0.7108964437295999,0.8041293117510586,0.0932328680214586,0.6174118828942793,0.6654079955820287,0.0479961126877493,0.6271186440677966,0.6917293233082706,0.064610679240474,0.9404600811907984,0.9445196211096076,0.0040595399188092,0.8222222222222222,0.7666666666666667,-0.0555555555555554,0.5068493150684932,0.6301369863013698,0.1232876712328766
C10317,10317,6,ZNF879,0.9070832715738296,0.912478581804168,0.0053953102303382,0.7439370906399669,0.7604337614973266,0.0164966708573596,0.6414966750307981,0.6825386713599247,0.0410419963291266,0.6774716369529984,0.701688555347092,0.0242169183940935,0.9351791530944624,0.9482084690553746,0.013029315960912,0.6698717948717948,0.8201754385964912,0.1503036437246964,0.6852459016393443,0.6131147540983607,-0.0721311475409836
C10318,10318,6,ZNF417,0.9752086172456924,0.989135101835085,0.0139264845893926,0.9230643151552902,0.971772988686728,0.0487086735314378,0.8300410898238524,0.8987298953191186,0.0686888054952662,0.8503937007874016,0.9111969111969112,0.0608032104095095,0.9586507072905333,0.9749727965179544,0.0163220892274212,0.9230769230769232,0.9672131147540984,0.0441361916771753,0.7883211678832117,0.8613138686131386,0.0729927007299269
C10318,10318,6,ZNF418,0.9574499424626008,0.9600736478711164,0.0026237054085156,0.8291167450787824,0.8771230064901383,0.0480062614113558,0.6911047968105376,0.8034398350329528,0.1123350382224152,0.6829268292682927,0.8088235294117647,0.1258967001434719,0.949119373776908,0.9660795825179388,0.0169602087410307,0.9545454545454546,0.9649122807017544,0.0103668261562998,0.5316455696202531,0.6962025316455697,0.1645569620253165
C10318,10318,6,ZNF552,0.9499158249158248,0.9643939393939394,0.0144781144781144,0.8292516153101005,0.9158833131259784,0.0866316978158778,0.7061548999320645,0.8215996031367059,0.1154447032046414,0.7407407407407407,0.8433734939759037,0.1026327532351629,0.9331210191082804,0.9585987261146496,0.0254777070063693,0.8108108108108109,0.8974358974358975,0.0866250866250866,0.6818181818181818,0.7954545454545454,0.1136363636363636
C10318,10318,6,ZNF586,0.993421180457059,0.9949420224526988,0.0015208419956398,0.9887054501400364,0.9906382760579536,0.0019328259179173,0.9486335698895608,0.9549893160040474,0.0063557461144865,0.9603072983354674,0.9651612903225808,0.0048539919871134,0.9819189268008166,0.984251968503937,0.0023330417031204,0.9541984732824428,0.96640826873385,0.0122097954514072,0.9664948453608248,0.963917525773196,-0.0025773195876287
C10318,10318,6,ZNF587,0.942488743348342,0.9780164214683008,0.0355276781199587,0.8852428424653483,0.9212490553470594,0.036006212881711,0.7745582104179861,0.8578832865567368,0.0833250761387507,0.7942583732057417,0.8786610878661087,0.084402714660367,0.9473684210526316,0.9645042839657284,0.0171358629130968,0.9222222222222224,0.875,-0.0472222222222222,0.6974789915966386,0.8823529411764706,0.1848739495798319
C10318,10318,6,ZNF776,0.986505777777778,0.9860052222222222,-0.0005005555555557,0.9867556204172248,0.9852377037536726,-0.0015179166635522,0.8841328263754038,0.8834065096025766,-0.0007263167728271,0.9414929388029588,0.9423739944179936,0.0008810556150347,0.942,0.9415,-0.0004999999999999,0.949796472184532,0.9285021028793272,-0.0212943693052046,0.9333333333333332,0.9566666666666668,0.0233333333333334
C10319,10319,6,ZNF141,0.9893045404208196,0.9910248062015504,0.0017202657807309,0.9799847763077146,0.9827606191055056,0.0027758427977909,0.8890808390825503,0.9140135205093276,0.0249326814267772,0.9223233030090972,0.9425901201602136,0.0202668171511163,0.9507214206437292,0.9618201997780244,0.0110987791342951,0.9741315594974131,0.9470154258886652,-0.0271161336087479,0.8757475083056478,0.9382059800664452,0.0624584717607973
C10319,10319,6,ZNF479,0.981231,0.983217777777778,0.001986777777778,0.9830008294309333,0.9842401725904554,0.0012393431595221,0.8460529087747407,0.892344487709145,0.0462915789344042,0.9246935201401052,0.9463009143807148,0.0216073942406097,0.9211666666666668,0.9461666666666668,0.0250000000000001,0.8850960073148431,0.9439469320066336,0.0588509246917905,0.968,0.9486666666666668,-0.0193333333333332
C10319,10319,6,ZNF519,0.9841901666666666,0.9871304444444444,0.0029402777777778,0.9830166374245406,0.9866436348278946,0.003626997403354,0.8759120050488588,0.8769851671228152,0.0010731620739563,0.9385603689672212,0.9395303956256033,0.000970026658382,0.9378333333333332,0.9373333333333334,-0.0004999999999999,0.927710843373494,0.9077066500932256,-0.0200041932802683,0.9496666666666668,0.9736666666666668,0.0240000000000001
C10319,10319,6,ZNF595,0.8986402296982502,0.9115878433284575,0.0129476136302073,0.7513119035268494,0.7918836772186678,0.0405717736918184,0.5611537800606601,0.7316917518458274,0.1705379717851672,0.6013071895424836,0.7454545454545455,0.1441473559120618,0.9060092449922958,0.9568567026194144,0.0508474576271185,0.5111111111111111,0.8723404255319149,0.3612293144208038,0.7301587301587301,0.6507936507936508,-0.0793650793650793
C10319,10319,6,ZNF716,0.9090460153698512,0.8886513069973807,-0.0203947083724705,0.7367676240881312,0.7334552980524286,-0.0033123260357026,0.5845052613502655,0.6038994587652923,0.0193941974150267,0.6428571428571429,0.6628131021194605,0.0199559592623176,0.8948598130841121,0.8977803738317757,0.0029205607476635,0.7012987012987013,0.6991869918699187,-0.0021117094287825,0.5934065934065934,0.63003663003663,0.0366300366300366
C10319,10319,6,ZNF736,0.9729630726373398,0.97692231763893,0.0039592450015901,0.954012866210796,0.9622087346831096,0.0081958684723136,0.903715087733373,0.9179403697982922,0.0142252820649192,0.91864406779661,0.9294320137693632,0.0107879459727531,0.9732142857142856,0.9771205357142856,0.0039062499999998,0.9575971731448764,0.9854014598540146,0.0278042867091382,0.8827361563517915,0.8794788273615635,-0.003257328990228
C10320,10320,5,ZNF175,0.9670581453634084,0.970155388471178,0.0030972431077694,0.9238689017308204,0.9239846072678052,0.0001157055369848,0.8160171208929299,0.8234637124845166,0.0074465915915866,0.8407960199004975,0.8497156783103168,0.0089196584098193,0.947612551159618,0.9495225102319236,0.0019099590723056,0.9371534195933456,0.9240282685512368,-0.0131251510421088,0.762406015037594,0.7864661654135339,0.0240601503759398
C10320,10320,5,ZNF41,0.901,0.9122951388888888,0.0112951388888887,0.8162187197010704,0.8329185089828042,0.0166997892817337,0.6333877488909158,0.6562188214655221,0.0228310725746063,0.7229825389334592,0.74364896073903,0.0206664218055707,0.8586223506743738,0.8663294797687862,0.0077071290944124,0.7921406411582212,0.7946692991115498,0.0025286579533285,0.6649305555555556,0.6987847222222222,0.0338541666666666
C10320,10320,5,ZNF484,0.9732954204204204,0.9747308558558558,0.0014354354354353,0.9713478925359182,0.971785066349096,0.0004371738131777,0.793834981564814,0.8285853588212355,0.0347503772564214,0.8936616029334731,0.9094988780852656,0.0158372751517925,0.892478813559322,0.91454802259887,0.022069209039548,0.8354554358472086,0.9061102831594636,0.070654847312255,0.9605855855855856,0.9129129129129128,-0.0476726726726728
C10320,10320,5,ZNF585A,0.8997611940298507,0.9148883706467662,0.0151271766169155,0.7944479519692995,0.8262288153832045,0.0317808634139049,0.6168637064539819,0.6418133981682033,0.0249496917142213,0.7218045112781954,0.7130620985010707,-0.0087424127771247,0.8455304518664047,0.8683693516699411,0.0228388998035363,0.6862910008410429,0.8366834170854272,0.1503924162443842,0.7611940298507462,0.621268656716418,-0.1399253731343283
C10320,10320,5,ZNF81,0.9759004966818317,0.9917609249133936,0.015860428231562,0.9422740483685648,0.9629069723417804,0.0206329239732157,0.9047476512554848,0.8939245378552242,-0.0108231134002605,0.913978494623656,0.9045936395759716,-0.0093848550476842,0.982899893124332,0.9807623797648736,-0.0021375133594584,0.934065934065934,0.9110320284697508,-0.0230339055961832,0.8947368421052632,0.8982456140350877,0.0035087719298245
C10321,10321,5,ZFP28,0.936925120272126,0.91960623461854,-0.017318885653586,0.8282832999262963,0.7951567691400919,-0.0331265307862044,0.7648632844581273,0.7273726029327535,-0.0374906815253738,0.7813765182186235,0.7459016393442623,-0.0354748788743611,0.9601623017336776,0.9542604205090373,-0.0059018812246403,0.8733031674208145,0.8465116279069768,-0.0267915395138377,0.706959706959707,0.6666666666666666,-0.0402930402930403
C10321,10321,5,ZNF527,0.9073624595469256,0.9311719833564494,0.0238095238095238,0.7690309689350247,0.8176262503915734,0.0485952814565487,0.6537364022690059,0.7316675458531163,0.0779311435841104,0.6875,0.7647058823529411,0.0772058823529411,0.9178082191780822,0.9342465753424658,0.0164383561643836,0.825,0.8478260869565217,0.0228260869565217,0.5892857142857143,0.6964285714285714,0.1071428571428571
C10321,10321,5,ZNF570,0.9091273456002916,0.8527236290763345,-0.056403716523957,0.711698486292697,0.6418448149420821,-0.0698536713506149,0.6123657234151523,0.5995191325658884,-0.0128465908492638,0.6304347826086957,0.5952380952380952,-0.0351966873706004,0.9386281588447654,0.9386281588447654,0.0,0.7837837837837838,0.8620689655172413,0.0782851817334575,0.5272727272727272,0.4545454545454545,-0.0727272727272727
C10321,10321,5,ZNF583,0.9230739618831252,0.9242617695317432,0.001187807648618,0.917917987085338,0.9194410807274744,0.0015230936421364,0.6656002121181155,0.7028717968791176,0.0372715847610021,0.7946485453387131,0.8404743687834736,0.0458258234447604,0.828576493529516,0.8521538734266974,0.0235773798971813,0.9047388781431336,0.8492462311557789,-0.0554926469873545,0.7084437712987505,0.8318818629307081,0.1234380916319576
C10321,10321,5,ZNF667,0.9090491803278689,0.9076065573770492,-0.0014426229508196,0.804728462213514,0.8045394690149079,-0.0001889931986061,0.7070053201106699,0.7629596175581528,0.0559542974474829,0.7228915662650602,0.7816091954022989,0.0587176291372386,0.9352112676056338,0.9464788732394366,0.0112676056338028,0.9090909090909092,0.918918918918919,0.0098280098280099,0.6,0.68,0.08
C10322,10322,5,ZNF264,0.9609721111111108,0.972000888888889,0.0110287777777781,0.9568836378259472,0.9697596915286776,0.0128760537027303,0.7897393857336937,0.8314169677874087,0.0416775820537149,0.8893513701005896,0.91681706316653,0.0274656930659403,0.8936666666666667,0.9155,0.0218333333333332,0.9269703543022416,0.902746365105008,-0.0242239891972334,0.8546666666666667,0.9313333333333332,0.0766666666666665
C10322,10322,5,ZNF460,0.9560338333333332,0.9648757777777776,0.0088419444444443,0.947907040983744,0.9575250242744004,0.0096179832906565,0.7874033278512592,0.814141853961134,0.0267385261098748,0.8943708609271523,0.9078599735799208,0.0134891126527684,0.8936666666666667,0.907,0.0133333333333333,0.8884868421052632,0.8995418848167539,0.0110550427114907,0.9003333333333333,0.9163333333333332,0.0159999999999999
C10322,10322,5,ZNF543,0.9687013333333334,0.9794562222222222,0.0107548888888887,0.9676062006648608,0.9781308721893576,0.0105246715244968,0.8059022041439827,0.8556225826576714,0.0497203785136887,0.898515705902658,0.9285949325435998,0.0300792266409418,0.902,0.9276666666666666,0.0256666666666666,0.9316392269148176,0.916829109811566,-0.0148101171032515,0.8676666666666667,0.9406666666666668,0.073
C10322,10322,5,ZNF550,0.9621107222222224,0.966221277777778,0.0041105555555557,0.9566904051534229,0.9641276473664004,0.0074372422129775,0.7806916491991679,0.7816823438975509,0.0009906946983829,0.8898929049531459,0.8904865407122555,0.0005936357591096,0.8903333333333333,0.8908333333333334,0.0005,0.8934811827956989,0.8933243877893324,-0.0001567950063664,0.8863333333333333,0.8876666666666667,0.0013333333333334
C10322,10322,5,ZNF805,0.9351562322978272,0.9748600820247888,0.0397038497269617,0.8384293625673251,0.906763250339701,0.0683338877723758,0.7306203695484046,0.8253262996736218,0.0947059301252172,0.7372881355932204,0.8428571428571429,0.1055690072639224,0.955491744436468,0.968413496051687,0.012921751615219,0.9157894736842104,0.8489208633093526,-0.0668686103748579,0.6170212765957447,0.8368794326241135,0.2198581560283687
C10323,10323,5,ZNF555,0.9330427201394944,0.9563955660729856,0.0233528459334911,0.7860049513516647,0.8183898742393396,0.0323849228876749,0.7148728905562225,0.7216747277553086,0.0068018371990861,0.7392550143266475,0.7441860465116279,0.0049310321849803,0.952628839146278,0.9541905257678291,0.0015616866215512,0.7865853658536586,0.8050314465408805,0.0184460806872219,0.6972972972972973,0.6918918918918919,-0.0054054054054053
C10323,10323,5,ZNF556,0.9632597777777778,0.9637103333333332,0.0004505555555553,0.9599999496214158,0.9617982934831384,0.0017983438617226,0.7909621901945895,0.7944075256340073,0.0034453354394178,0.8938830686042581,0.8964591374391676,0.0025760688349094,0.8953333333333333,0.8971666666666667,0.0018333333333333,0.9064427690198766,0.9026698208854342,-0.0037729481344424,0.8816666666666667,0.8903333333333333,0.0086666666666666
C10323,10323,5,ZNF57,0.919939907550077,0.928602465331279,0.0086625577812019,0.7418979083523998,0.7888195571352846,0.0469216487828848,0.6187294198872333,0.6749920473784047,0.0562626274911713,0.6567441860465116,0.7179039301310044,0.0611597440844927,0.898876404494382,0.9114825979720472,0.0126061934776652,0.8286384976525821,0.8286290322580645,-9.465394517627068e-06,0.5439137134052389,0.6332819722650231,0.0893682588597842
C10323,10323,5,ZNF699,0.8987518453371863,0.9469661871407482,0.0482143418035618,0.7223211437011392,0.8128669114304194,0.0905457677292802,0.636832264803685,0.7263541574698663,0.0895218926661812,0.6604215456674473,0.7483296213808464,0.087908075713399,0.9370112945264988,0.9509122502172024,0.0139009556907037,0.7877094972067039,0.835820895522388,0.0481113983156841,0.5685483870967742,0.6774193548387096,0.1088709677419353
C10323,10323,5,ZNF77,0.9163996174211424,0.9237381306881488,0.0073385132670064,0.7172516240398505,0.7595658769699176,0.042314252930067,0.6366522013367122,0.6763403388814749,0.0396881375447627,0.6701754385964912,0.7022058823529411,0.0320304437564499,0.9380968060586105,0.9466578860717814,0.0085610800131709,0.6970802919708029,0.7701612903225806,0.0730809983517777,0.6452702702702703,0.6452702702702703,0.0
C10324,10324,4,ZNF619,0.9674354444444444,0.9665676666666666,-0.0008677777777778,0.9587298674578548,0.9598312247388604,0.0011013572810055,0.8160899813306617,0.812752189995976,-0.0033377913346857,0.90982940698619,0.908204711616572,-0.001624695369618,0.9075,0.9058333333333334,-0.0016666666666665,0.8874801901743264,0.8858954041204438,-0.0015847860538826,0.9333333333333332,0.9316666666666666,-0.0016666666666667
C10324,10324,4,ZNF620,0.8354771784232365,0.8903526970954356,0.054875518672199,0.7453142206741827,0.8179442027501421,0.0726299820759593,0.6620444093050408,0.7328795283679134,0.0708351190628725,0.6865671641791045,0.7301587301587301,0.0435915659796256,0.9252669039145908,0.9395017793594306,0.0142348754448398,0.8518518518518519,1.0,0.1481481481481481,0.575,0.575,0.0
C10324,10324,4,ZNF662,0.935565898912348,0.9423125399872042,0.0067466410748561,0.8890799457623979,0.8987265510422346,0.0096466052798367,0.7641879671870386,0.773075102731001,0.0088871355439623,0.8207452165156093,0.8252178370066633,0.004472620491054,0.9119247897080652,0.9156358238495794,0.003711034141514,0.8633474576271186,0.8855885588558856,0.0222411012287669,0.7821497120921305,0.772552783109405,-0.0095969289827254
C10325,10325,4,ZNF251,0.9719039444444444,0.9781713888888888,0.0062674444444443,0.9761569751582084,0.9808539198844722,0.0046969447262639,0.8391577780074526,0.846557277353708,0.0073994993462553,0.9154710458081244,0.9222728039116508,0.0068017581035263,0.9185,0.9231666666666668,0.0046666666666668,0.9508078994614004,0.9331286250426476,-0.0176792744187527,0.8826666666666667,0.9116666666666666,0.0289999999999999
C10325,10325,4,ZNF3,0.9287735,0.9400499444444445,0.0112764444444445,0.9244911942477008,0.9334076819515204,0.0089164877038194,0.6921828106977208,0.7303898075592964,0.0382069968615755,0.8517930815614091,0.867169563791407,0.0153764822299978,0.8443333333333334,0.865,0.0206666666666666,0.8128407026044822,0.8534538411878632,0.040613138583381,0.8946666666666667,0.8813333333333333,-0.0133333333333334
C10325,10325,4,ZNF554,0.9603853888888888,0.9650989444444444,0.0047135555555555,0.9586801079467824,0.963182961723298,0.0045028537765157,0.7869762792822519,0.8079799760748354,0.0210036967925835,0.8896516217607688,0.9055555555555556,0.0159039337947867,0.8928333333333334,0.9036666666666666,0.0108333333333332,0.9168730102582244,0.8881410256410256,-0.0287319846171987,0.864,0.9236666666666666,0.0596666666666666
C10325,10325,4,ZNF713,0.9627334434806554,0.9683727110009638,0.0056392675203084,0.9524578926021826,0.959493912327396,0.0070360197252133,0.7716402768887368,0.8063967301713976,0.0347564532826607,0.8668690372940157,0.8939548137594138,0.0270857764653981,0.8867367644346061,0.9038922707987456,0.0171555063641394,0.912368781378366,0.8812199036918138,-0.0311488776865522,0.825691862866584,0.9070631970260224,0.0813713341594384
C10326,10326,4,ZNF202,0.9931660620482372,0.9933748595380016,0.0002087974897644,0.9961828520767452,0.9967967782834088,0.0006139262066637,0.9518204646953567,0.9481453331945808,-0.0036751315007759,0.986702640200424,0.9854679325712072,-0.0012347076292167,0.980742394641362,0.97906782026235,-0.001674574379012,0.984994228549442,0.9891092959937768,0.0041150674443347,0.9884169884169884,0.9818532818532818,-0.0065637065637066
C10326,10326,4,ZNF263,0.9750384444444444,0.9757307777777776,0.0006923333333331,0.9730826231442098,0.9738796822800498,0.00079705913584,0.8354063371850702,0.8471130029994085,0.0117066658143383,0.9193391642371236,0.9241196892048272,0.0047805249677037,0.917,0.9235,0.0064999999999999,0.8941398865784499,0.9166939980321416,0.0225541114536916,0.946,0.9316666666666666,-0.0143333333333333
C10326,10326,4,ZNF394,0.9322645555555557,0.934375111111111,0.0021105555555553,0.9358588302900912,0.938561251180526,0.0027024208904348,0.7235655547448488,0.7265270582941604,0.0029615035493115,0.8598919648885888,0.856,-0.0038919648885887,0.8616666666666667,0.862,0.0003333333333332,0.8710670314637483,0.8949090909090909,0.0238420594453425,0.849,0.8203333333333334,-0.0286666666666666
C10326,10326,4,ZNF449,0.96659705709786,0.9666703980483587,7.334095049882361e-05,0.9482318658486788,0.9364872263619572,-0.0117446394867214,0.88070620099144,0.8541484942123045,-0.0265577067791354,0.9032258064516128,0.8816901408450705,-0.0215356656065424,0.9606613454960092,0.952109464082098,-0.0085518814139111,0.9554896142433236,0.937125748502994,-0.0183638657403294,0.8563829787234043,0.8324468085106383,-0.0239361702127659
C10327,10327,3,ZFP69,0.964692131480988,0.9554032504912272,-0.0092888809897606,0.8912711900412305,0.8730848007695535,-0.0181863892716769,0.8119135690154335,0.7771321547272773,-0.0347814142881562,0.8267148014440433,0.7986348122866894,-0.0280799891573538,0.9682644628099174,0.96099173553719,-0.0072727272727274,0.8910505836575876,0.8096885813148789,-0.0813620023427087,0.7710437710437711,0.7878787878787878,0.0168350168350167
C10327,10327,3,ZFP69B,0.9335883333333332,0.9299858333333332,-0.0036025,0.9339353730567098,0.9291630818020497,-0.0047722912546601,0.6978612146995093,0.7075849638405225,0.0097237491410131,0.8553537883531622,0.8555921052631579,0.0002383169099956,0.846,0.8536666666666667,0.0076666666666667,0.8063754427390791,0.8444805194805195,0.0381050767414403,0.9106666666666666,0.867,-0.0436666666666666
C10327,10327,3,ZFP90,0.9486560685726804,0.9550436794829664,0.006387610910286,0.874489346667806,0.8978682957516692,0.0233789490838631,0.7929268467156383,0.8342897624212305,0.0413629157055922,0.8106508875739645,0.8468468468468469,0.0361959592728823,0.9646604086140254,0.9718387631143016,0.0071783545002762,0.8616352201257862,0.9155844155844156,0.0539491954586294,0.7653631284916201,0.7877094972067039,0.0223463687150837
C10328,10328,3,ZNF10,0.9368161111111112,0.9399718333333332,0.003155722222222,0.9379798215579732,0.9400700845067592,0.0020902629487858,0.705818971920299,0.7222765115471679,0.0164575396268689,0.8378184427700036,0.865341455594742,0.0275230128247383,0.8493333333333334,0.86,0.0106666666666666,0.9071484071484072,0.8335392217418159,-0.0736091854065912,0.7783333333333333,0.8996666666666666,0.1213333333333333
C10328,10328,3,ZNF180,0.9680597953216374,0.9713547514619884,0.0032949561403509,0.9562875359617514,0.9610607072431868,0.0047731712814353,0.7940915827647699,0.8127174208597694,0.0186258380949995,0.875753361149745,0.8953636750319013,0.0196103138821562,0.8984848484848484,0.906818181818182,0.0083333333333335,0.9287118977384464,0.8691164327002477,-0.0595954650381986,0.8285087719298245,0.9232456140350878,0.0947368421052632
C10328,10328,3,ZNF544,0.9544434444444444,0.9618392222222222,0.0073957777777778,0.9499467445437364,0.9597804393864946,0.0098336948427582,0.7535057825612528,0.7821794135361152,0.0286736309748624,0.8691703056768559,0.8943348185868873,0.0251645129100314,0.8751666666666666,0.8893333333333333,0.0141666666666666,0.9130275229357798,0.8556638246041413,-0.0573636983316385,0.8293333333333334,0.9366666666666666,0.1073333333333332
C10329,10329,3,ZNF311,0.9493883792048928,0.9335881753312946,-0.0158002038735982,0.8601051157792726,0.8503369354822857,-0.0097681802969868,0.7502340218744596,0.7866211909793763,0.0363871691049166,0.7818181818181819,0.8173913043478261,0.0355731225296442,0.937984496124031,0.9457364341085271,0.0077519379844961,0.86,0.8545454545454545,-0.0054545454545454,0.7166666666666667,0.7833333333333333,0.0666666666666666
C10329,10329,3,ZNF324,0.9307715,0.9330578888888889,0.0022863888888887,0.9330269178295424,0.9346715403727488,0.0016446225432062,0.7072877812642784,0.717129089721386,0.0098413084571076,0.8476798343971019,0.8517940717628705,0.0041142373657685,0.8528333333333333,0.8575,0.0046666666666667,0.8784411869860564,0.8873239436619719,0.0088827566759154,0.819,0.819,0.0
C10329,10329,3,ZNF324B,0.8856065367693275,0.8924418604651163,0.0068353236957887,0.7444810458526365,0.7192526014138053,-0.0252284444388312,0.6984262072330861,0.6693746668263251,-0.029051540406761,0.7,0.6875,-0.0124999999999999,0.952755905511811,0.94750656167979,-0.005249343832021,0.9130434782608696,0.8148148148148148,-0.0982286634460547,0.5675675675675675,0.5945945945945946,0.027027027027027
C10330,10330,3,ZFP41,0.971321611111111,0.9709362222222222,-0.0003853888888888,0.9701908542554486,0.9700710480191544,-0.0001198062362941,0.8133855724398285,0.7860420269837033,-0.0273435454561251,0.9071925754060324,0.881216457960644,-0.0259761174453885,0.9066666666666666,0.8893333333333333,-0.0173333333333333,0.9021094264996704,0.950965250965251,0.0488558244655805,0.9123333333333332,0.821,-0.0913333333333333
C10330,10330,3,ZNF514,0.9628887218045112,0.9672105263157894,0.0043218045112781,0.9153616894251452,0.91912626749764,0.0037645780724947,0.8210049223031415,0.8341089032034265,0.0131039809002849,0.8427249789739276,0.8578431372549019,0.0151181582809742,0.9489768076398364,0.9525238744884038,0.0035470668485675,0.9561068702290076,0.9391771019677996,-0.016929768261208,0.7533834586466165,0.7894736842105263,0.0360902255639098
C10330,10330,3,ZNF664,0.9228166666666666,0.9275826666666668,0.0047660000000001,0.933204308385238,0.9366756618815666,0.0034713534963286,0.6917666341684778,0.7182851992948297,0.0265185651263518,0.8471327053379607,0.8458244111349036,-0.0013082942030571,0.8458333333333333,0.856,0.0101666666666666,0.8400524418223533,0.9101382488479264,0.0700858070255731,0.8543333333333333,0.79,-0.0643333333333332
C10331,10331,2,ZIM3,0.9837905,0.9833890555555556,-0.0004014444444444,0.9862744920995572,0.985971824323209,-0.0003026677763483,0.9003553923106707,0.9043345893544684,0.0039791970437976,0.950340475004152,0.9522064945878436,0.0018660195836914,0.9501666666666668,0.9521666666666668,0.0020000000000001,0.9470374048328368,0.951414309484193,0.0043769046513562,0.9536666666666668,0.953,-0.0006666666666667
C10331,10331,2,ZNF684,0.9529285930637588,0.9481296380433136,-0.0047989550204452,0.8864097181596777,0.8859271555776685,-0.0004825625820091,0.7187535456940789,0.780766492523727,0.062012946829648,0.7327586206896551,0.8106060606060606,0.0778474399164054,0.9300225733634312,0.9435665914221218,0.0135440180586906,0.9444444444444444,0.8770491803278688,-0.0673952641165755,0.5985915492957746,0.7535211267605634,0.1549295774647887
C10332,10332,2,ZNF19,0.916160409952002,0.919996753773738,0.0038363438217359,0.8047940436565768,0.8150878054059755,0.0102937617493986,0.6956497920131537,0.7375632552971656,0.0419134632840119,0.7323162274618585,0.7670850767085077,0.0347688492466491,0.9239858211894446,0.934226073257188,0.0102402520677433,0.832807570977918,0.8785942492012779,0.0457866782233599,0.6534653465346535,0.6806930693069307,0.0272277227722772
C10332,10332,2,ZNF23,0.8857054083645219,0.8820766308270475,-0.0036287775374744,0.658392682681924,0.6732276768492277,0.0148349941673037,0.5481452586073424,0.5599103332860671,0.0117650746787246,0.6172161172161172,0.6051743532058492,-0.012041764010268,0.8812162546177892,0.9002557544757033,0.019039499857914,0.5871080139372822,0.7250673854447439,0.1379593715074617,0.6505791505791506,0.5193050193050193,-0.1312741312741313
C10333,10333,2,ZNF2,0.9684755539954842,0.9749805166062648,0.0065049626107805,0.9208112566809116,0.9327095790013972,0.0118983223204854,0.8080378620451353,0.8202074512815891,0.0121695892364538,0.85,0.8627450980392157,0.0127450980392157,0.9326923076923076,0.9349358974358974,0.0022435897435897,0.8893871449925261,0.8529411764705882,-0.0364459685219379,0.813953488372093,0.8727770177838577,0.0588235294117647
C10333,10333,2,ZNF577,0.9615616151993862,0.9722238760551454,0.0106622608557591,0.8840599181109707,0.9007675578822332,0.0167076397712624,0.804979596832164,0.8047948075158909,-0.000184789316273,0.8311688311688312,0.832807570977918,0.0016387398090867,0.952619589977221,0.9517084282460136,-0.0009111617312073,0.8737201365187713,0.8488745980707395,-0.0248455384480318,0.7925696594427245,0.8173374613003096,0.024767801857585
C10334,10334,2,ZNF181,0.8972999349381913,0.928822381262199,0.0315224463240076,0.6792669300889929,0.7323827679243734,0.0531158378353805,0.640226414471168,0.6553855288919263,0.0151591144207582,0.6727272727272727,0.6666666666666666,-0.0060606060606061,0.9387755102040816,0.9455782312925172,0.0068027210884354,0.7115384615384616,0.8421052631578947,0.1305668016194331,0.6379310344827587,0.5517241379310345,-0.0862068965517242
C10334,10334,2,ZNF302,0.9229057786893432,0.9199749084616984,-0.0029308702276447,0.7758118358828389,0.7883487046211741,0.0125368687383352,0.6612485533973167,0.6859194268077342,0.0246708734104175,0.7092731829573935,0.7257142857142858,0.0164411027568922,0.9133034379671152,0.9282511210762332,0.014947683109118,0.6596736596736597,0.7673716012084593,0.1076979415347996,0.7669376693766937,0.6883468834688347,-0.078590785907859
C10335,10335,2,ZNF596,0.91208988144472,0.9188861317893576,0.0067962503446374,0.835599910551869,0.8448087866792018,0.0092088761273327,0.721194206293992,0.6311040888323147,-0.0900901174616772,0.751131221719457,0.7038327526132404,-0.0472984691062166,0.9200581395348836,0.876453488372093,-0.0436046511627906,0.912087912087912,0.643312101910828,-0.2687758101770841,0.6384615384615384,0.7769230769230769,0.1384615384615385
C10335,10335,2,ZNF705G,0.924276699607096,0.918918918918919,-0.005357780688177,0.8278393583989424,0.7774089514312813,-0.0504304069676611,0.7640041664035401,0.7339992128172453,-0.0300049535862947,0.78125,0.7647058823529411,-0.0165441176470588,0.946969696969697,0.9393939393939394,-0.0075757575757575,0.925925925925926,0.8387096774193549,-0.087216248506571,0.6756756756756757,0.7027027027027027,0.027027027027027
C10336,10336,2,ZNF678,0.9765546666666668,0.9764311666666666,-0.0001235,0.9749577919651052,0.9749607221842383,2.930219133223666e-06,0.8342164016768416,0.8425260877558932,0.0083096860790515,0.914704878880928,0.9223714379299052,0.0076665590489771,0.9166666666666666,0.921,0.0043333333333334,0.9367575122292104,0.9066323245331616,-0.0301251876960487,0.8936666666666667,0.9386666666666666,0.0449999999999999
C10336,10336,2,ZNF682,0.966956241956242,0.967257308328737,0.000301066372495,0.9143545704423466,0.9066598921860368,-0.0076946782563097,0.796967312025176,0.7975050404771267,0.0005377284519506,0.8416347381864623,0.843065693430657,0.0014309552441946,0.9303175049171116,0.9275077268895756,-0.0028097780275359,0.8427109974424553,0.8058139534883721,-0.0368970439540831,0.8405612244897959,0.8839285714285714,0.0433673469387755
C10337,10337,2,ZNF195,0.9464215686274507,0.9474019607843138,0.0009803921568629,0.8473298620190531,0.8618409289289966,0.0145110669099434,0.7641610563698227,0.7741228993302892,0.0099618429604665,0.7883211678832117,0.7972027972027972,0.0088816293195854,0.9565868263473054,0.9565868263473054,0.0,0.782608695652174,0.76,-0.0226086956521739,0.7941176470588235,0.8382352941176471,0.0441176470588235
C10337,10337,2,ZNF695,0.9384812220276318,0.93116433158202,-0.0073168904456117,0.898057608371483,0.8853622041651488,-0.0126954042063341,0.7082266716142884,0.7050711912276487,-0.0031554803866397,0.8054607508532423,0.8087661362954068,0.0033053854421645,0.8669637173774666,0.8648419265860386,-0.0021217907914279,0.8596026490066225,0.8325092707045736,-0.0270933783020489,0.7577349678925861,0.7863397548161121,0.0286047869235259
C10338,10338,2,ZNF267,0.974493257958177,0.970888409006506,-0.003604848951671,0.9179010255483095,0.9184361217065244,0.0005350961582147,0.8351207340567484,0.835332057765979,0.0002113237092306,0.8532934131736527,0.8501628664495114,-0.0031305467241412,0.967278797996661,0.9692821368948248,0.0020033388981637,0.8357771260997068,0.9094076655052264,0.0736305394055196,0.8715596330275229,0.7981651376146789,-0.073394495412844
C10338,10338,2,ZNF720,0.9609415333701048,0.962110130538702,0.0011685971685971,0.932957345567882,0.9350057773082427,0.0020484317403608,0.7683113644956099,0.7669836863042141,-0.0013276781913957,0.8566766385640467,0.8523016097147699,-0.0043750288492768,0.890504882609599,0.8913359650945356,0.0008310824849365,0.8449570815450643,0.8732638888888888,0.0283068073438245,0.8687258687258688,0.8323221180364038,-0.036403750689465
C104,104,16,GLI4,0.9749872029250456,0.9801642291285804,0.0051770262035346,0.9656631349226974,0.9720886972186366,0.0064255622959391,0.822808321412453,0.8572175134585064,0.0344091920460534,0.8918789043728976,0.9177646524307131,0.0258857480578155,0.9132613723978412,0.9302235929067078,0.0169622205088665,0.940222897669706,0.912375790424571,-0.0278471072451351,0.8482632541133455,0.923217550274223,0.0749542961608775
C104,104,16,ZNF205,0.8700513613017591,0.8953229398663698,0.0252715785646107,0.7037211685652697,0.7262603082287322,0.0225391396634625,0.5777509293394769,0.6247375005107976,0.0469865711713206,0.62,0.6329113924050633,0.0129113924050633,0.923694779116466,0.9417670682730924,0.0180722891566265,0.6078431372549019,0.8333333333333334,0.2254901960784314,0.6326530612244898,0.5102040816326531,-0.1224489795918367
C104,104,16,ZNF22,0.9619457222222224,0.9634912222222224,0.0015455,0.971763927343742,0.9729213679342767,0.0011574405905347,0.8675850357441367,0.8714379031257167,0.0038528673815799,0.93015214384509,0.9334929047700462,0.0033407609249562,0.9326666666666666,0.9351666666666668,0.0025000000000001,0.966235632183908,0.9582309582309584,-0.0080046739529496,0.8966666666666666,0.91,0.0133333333333334
C104,104,16,ZNF322,0.9748628994998092,0.9797171611659068,0.0048542616660975,0.9408161506809009,0.937875516019106,-0.0029406346617947,0.8355054472725248,0.8442351913375843,0.0087297440650594,0.8661870503597122,0.8731563421828908,0.0069692918231786,0.9489291598023064,0.9527732015376168,0.0038440417353103,0.8361111111111111,0.8629737609329446,0.0268626498218335,0.8985074626865671,0.8835820895522388,-0.0149253731343282
C104,104,16,ZNF48,0.977832,0.9817652777777776,0.0039332777777776,0.9729715677985528,0.97770426691197,0.0047326991134171,0.834085224675239,0.8667776213037448,0.0326923966285057,0.9129232895646164,0.9338624338624338,0.0209391442978174,0.916,0.9333333333333332,0.0173333333333332,0.947632711621234,0.926509186351706,-0.0211235252695278,0.8806666666666667,0.9413333333333334,0.0606666666666666
C104,104,16,ZNF572,0.9601446666666666,0.9668865555555556,0.0067418888888889,0.952778241615826,0.9621145162452256,0.0093362746293995,0.785681823387693,0.79693323316254,0.0112514097748469,0.89625,0.9008077544426496,0.0045577544426496,0.8893333333333333,0.8976666666666666,0.0083333333333333,0.8435294117647059,0.8739811912225706,0.0304517794578647,0.956,0.9293333333333332,-0.0266666666666667
C104,104,16,ZNF629,0.9718698888888888,0.9769632222222224,0.0050933333333336,0.9730200277193368,0.9765349163088368,0.0035148885894999,0.8299756140966775,0.8459905080163775,0.0160148939197,0.9129547772866372,0.9238862403419366,0.0109314630552993,0.9146666666666666,0.9228333333333332,0.0081666666666665,0.931644691186676,0.9114498864742134,-0.0201948047124624,0.895,0.9366666666666666,0.0416666666666666
C104,104,16,ZNF691,0.9767256666666666,0.9846538888888888,0.0079282222222222,0.9738316887828232,0.9833001020845242,0.009468413301701,0.8503628603341697,0.8804922765351667,0.0301294162009969,0.9254771784232364,0.940729734191844,0.0152525557686075,0.9251666666666668,0.9401666666666668,0.0150000000000001,0.9216528925619836,0.9319594373568858,0.0103065447949023,0.9293333333333332,0.9496666666666668,0.0203333333333334
C104,104,16,ZNF696,0.8892949094816226,0.9181356052466196,0.028840695764997,0.6746991804539548,0.7222536267728966,0.0475544463189417,0.6088250106393547,0.6061191974371335,-0.0027058132022211,0.645,0.6324324324324324,-0.0125675675675676,0.9310009718172984,0.933916423712342,0.0029154518950436,0.6935483870967742,0.75,0.0564516129032257,0.602803738317757,0.5467289719626168,-0.0560747663551401
C104,104,16,ZNF697,0.9773896666666666,0.9827382222222224,0.0053485555555558,0.9755059814904704,0.9809037198051832,0.0053977383147127,0.8440899901604217,0.8707441269438534,0.0266541367834316,0.920575783234547,0.9363161332462444,0.0157403500116973,0.9218333333333332,0.935,0.0131666666666667,0.9356282271944922,0.9177336747759284,-0.0178945524185638,0.906,0.9556666666666668,0.0496666666666667
C104,104,16,ZNF75A,0.9599263860133423,0.9701230733839428,0.0101966873706003,0.938810228183452,0.9488721462616516,0.0100619180781995,0.8057073823713742,0.8271531635158124,0.0214457811444381,0.8605830164765526,0.8756345177664975,0.0150515012899449,0.9190581309786608,0.927888153053716,0.0088300220750552,0.9053333333333332,0.9224598930481284,0.017126559714795,0.8200483091787439,0.8333333333333334,0.0132850241545894
C104,104,16,ZNF75D,0.9885993982376962,0.9902877713303244,0.0016883730926282,0.9855559701602892,0.9865038050764776,0.0009478349161885,0.9294166230398654,0.9238118295014692,-0.0056047935383961,0.953307392996109,0.94983922829582,-0.0034681647002889,0.968358602504944,0.965721819380356,-0.002636783124588,0.958904109589041,0.9474021808851828,-0.0115019287038582,0.9477756286266924,0.9522888459058672,0.0045132172791747
C104,104,16,ZNF768,0.9846563888888888,0.9863361111111112,0.0016797222222223,0.9820996498707794,0.9843165708697178,0.0022169209989384,0.8660403062066748,0.8910558336609138,0.0250155274542389,0.9308047155304972,0.9463065408395704,0.0155018253090732,0.9325,0.945,0.0124999999999999,0.9547844374342797,0.9243483788938336,-0.030436058540446,0.908,0.9693333333333334,0.0613333333333333
C104,104,16,ZNF774,0.8856292517006803,0.9389172335600908,0.0532879818594105,0.78310688104192,0.8724752104750594,0.0893683294331393,0.6767155423319645,0.8108893879997352,0.1341738456677706,0.6666666666666666,0.819672131147541,0.1530054644808743,0.9224137931034484,0.9525862068965516,0.0301724137931033,1.0,1.0,0.0,0.5,0.6944444444444444,0.1944444444444444
C104,104,16,ZNF837,0.9638284745762712,0.9663814689265536,0.0025529943502823,0.9440295641370724,0.9472419814581724,0.0032124173211001,0.8270677966101695,0.8213268749831377,-0.0057409216270317,0.8840677966101695,0.8783031988873435,-0.005764597722826,0.9235754189944134,0.9217877094972068,-0.0017877094972066,0.8840677966101695,0.9014989293361884,0.0174311327260188,0.8840677966101695,0.856271186440678,-0.0277966101694915
C104,104,16,ZSCAN2,0.9160516389025564,0.9378978155775792,0.0218461766750229,0.7665846561715747,0.8297887452047864,0.0632040890332117,0.607327766529497,0.6512892402216393,0.0439614736921422,0.6795252225519288,0.6957983193277311,0.0162730967758022,0.8815139879319802,0.9007131102578168,0.0191991223258365,0.7003058103975535,0.8346774193548387,0.1343716089572852,0.659942363112392,0.5965417867435159,-0.063400576368876
C11,11,3,GRHL1,0.9823320425208808,0.987042369020501,0.0047103264996201,0.9804291602448244,0.9859149007944052,0.0054857405495809,0.8708678215596484,0.914218464363036,0.0433506428033876,0.9263803680981596,0.949160447761194,0.0227800796630345,0.9353224254090472,0.9580365736284888,0.0227141482194416,0.8923596454200085,0.9722885809842332,0.0799289355642247,0.9630979498861048,0.9271070615034168,-0.0359908883826879
C11,11,3,GRHL3,0.9823557777777776,0.9827821111111112,0.0004263333333335,0.9782069415022688,0.9782351117140476,2.817021177881074e-05,0.8900402243037779,0.8873594901959629,-0.0026807341078149,0.9458096013018714,0.9445345442750568,-0.0012750570268146,0.9445,0.943,-0.0015,0.9240063593004768,0.919772583701832,-0.0042337755986449,0.9686666666666668,0.9706666666666668,0.0020000000000001
C11,11,3,Grhl2,0.9721865,0.9752027777777776,0.0030162777777775,0.9758340961598176,0.9789447960018828,0.0031106998420651,0.7603096875346188,0.8652625955872503,0.1049529080526314,0.8840733444461282,0.9305579252687256,0.0464845808225974,0.8725,0.9321666666666668,0.0596666666666667,0.8105029174770769,0.953163229639986,0.1426603121629091,0.9723333333333334,0.909,-0.0633333333333333
C112,112,2,BCL6,0.9708852222222222,0.9681294444444444,-0.0027557777777778,0.9641194733302624,0.9599197609330846,-0.0041997123971776,0.8447137385046141,0.8299433979890843,-0.0147703405155297,0.923921821999677,0.91649031417874,-0.0074315078209369,0.9215,0.9145,-0.007,0.8962707615167659,0.895641107222399,-0.0006296542943668,0.9533333333333334,0.9383333333333334,-0.015
C112,112,2,BCL6B,0.9010600255427844,0.908439974457216,0.0073799489144317,0.8975765721877128,0.9060189428416696,0.0084423706539568,0.6557383704011033,0.6694793645899687,0.0137409941888654,0.8084512656966315,0.8113169143089762,0.0028656486123447,0.828698752228164,0.83475935828877,0.0060606060606059,0.8425425841296219,0.865392965696917,0.0228503815672951,0.7770114942528735,0.7636015325670498,-0.0134099616858237
C118,118,6,ZNF212,0.9230026490066224,0.9306437086092716,0.007641059602649,0.7992831080178744,0.8258625127928362,0.0265794047749617,0.6916037125965242,0.6974650621674234,0.0058613495708992,0.7473460721868365,0.7587113740959894,0.0113653019091529,0.9049267643142476,0.9022636484687084,-0.0026631158455392,0.8024316109422492,0.7532637075718016,-0.0491679033704476,0.6993377483443709,0.7642384105960265,0.0649006622516555
C118,118,6,ZNF282,0.9891118022623226,0.990708720822812,0.0015969185604893,0.9853462903236292,0.9842495120542858,-0.0010967782693434,0.9221634097521956,0.9273369892613276,0.0051735795091318,0.9568,0.9598089932351772,0.0030089932351772,0.9615521537913848,0.9640441438234248,0.00249199003204,0.95603517186251,0.9541139240506328,-0.0019212478118771,0.9575660528422738,0.9655724579663733,0.0080064051240994
C118,118,6,ZNF398,0.9664366666666666,0.964472222222222,-0.0019644444444446,0.9668038955496404,0.9627832413825812,-0.0040206541670592,0.8033845636477284,0.8038328539596115,0.000448290311883,0.8939687005451029,0.90282131661442,0.008852616069317,0.8995,0.9018333333333334,0.0023333333333334,0.9460364719017492,0.8938255472067952,-0.0522109246949539,0.8473333333333334,0.912,0.0646666666666666
C118,118,6,ZNF746,0.9512856973575068,0.9746770944424696,0.0233913970849628,0.8444319445065721,0.8896841808179736,0.0452522363114015,0.7702025450264673,0.8018174951804887,0.0316149501540213,0.7888888888888889,0.8217821782178217,0.0328932893289328,0.9607032057911064,0.9627714581178904,0.0020682523267839,0.8554216867469879,0.7904761904761904,-0.0649454962707974,0.7319587628865979,0.8556701030927835,0.1237113402061855
C118,118,6,ZNF777,0.9857428888888888,0.9866983888888888,0.0009554999999999,0.9840284890034096,0.9839887908624876,-3.969814092208424e-05,0.8853571399231663,0.8927174538153593,0.0073603138921929,0.9428761208900698,0.9466180371352784,0.0037419162452085,0.9426666666666668,0.9463333333333334,0.0036666666666667,0.9394440767703508,0.941622691292876,0.0021786145225252,0.9463333333333334,0.9516666666666668,0.0053333333333334
C118,118,6,ZNF783,0.9976519313081602,0.9941428249605768,-0.0035091063475833,0.9991006309949266,0.9930005188559118,-0.0061001121390148,0.9559694076712636,0.9533834415518576,-0.0025859661194058,0.9876863253402464,0.9871299871299872,-0.000556338210259,0.9822595704948646,0.9813258636788048,-0.0009337068160597,0.9883268482490272,0.9808184143222506,-0.0075084339267766,0.9870466321243524,0.993523316062176,0.0064766839378237
C119,119,2,ZNF526,0.9727314444444444,0.9764399444444444,0.0037084999999998,0.9685510987562644,0.9713551528957028,0.0028040541394384,0.829599585348011,0.8452516015175398,0.0156520161695287,0.9157340355497038,0.9242179941954208,0.008483958645717,0.9146666666666666,0.9216666666666666,0.007,0.9044213263979194,0.8950655840099938,-0.0093557423879255,0.9273333333333332,0.9553333333333334,0.028
C119,119,2,ZNF574,0.978095222222222,0.9812793333333334,0.0031841111111112,0.976511358802256,0.9795213229164356,0.0030099641141795,0.8400987640824078,0.8531777566412267,0.0130789925588189,0.9193819281155524,0.9280898876404494,0.0087079595248968,0.92,0.9253333333333332,0.0053333333333331,0.9265402843601896,0.895046439628483,-0.0314938447317065,0.9123333333333332,0.9636666666666668,0.0513333333333334
C129,129,3,ZBTB26,0.9939284747292416,0.9941179302045728,0.0001894554753311,0.9943428640298768,0.9945793945104556,0.0002365304805788,0.9444422334302728,0.9402076229740072,-0.0042346104562656,0.97622237106497,0.974341774274694,-0.0018805967902758,0.972776073619632,0.9706671779141104,-0.0021088957055215,0.980820995962315,0.9804252446844416,-0.0003957512778733,0.9716666666666668,0.9683333333333334,-0.0033333333333332
C129,129,3,ZBTB6,0.9837887736100028,0.9848704442670924,0.0010816706570896,0.9632589893137208,0.9614989677424506,-0.0017600215712701,0.8661956481950838,0.8677492491247152,0.0015536009296314,0.905448717948718,0.906772908366534,0.001324190417816,0.9445097578180108,0.9449800141076888,0.000470256289678,0.9090909090909092,0.9053301511535402,-0.0037607579373688,0.9018355945730248,0.9082202713487628,0.006384676775738
C129,129,3,Zbtb12,0.9572455548053116,0.9587125815890164,0.0014670267837046,0.9296215494316084,0.9350407410385388,0.0054191916069303,0.7907861701326544,0.7960863537879886,0.0053001836553342,0.8552212389380531,0.8610145934676859,0.0057933545296328,0.9087257308636464,0.9107342111135908,0.0020084802499442,0.8988095238095238,0.8869005010737294,-0.0119090227357944,0.8156650911546253,0.8365968939905469,0.0209318028359216
C13,13,3,TFCP2,0.9462138979370248,0.9525310221808594,0.0063171242438344,0.9324008193457805,0.9411698615709267,0.0087690422251464,0.7454151036251401,0.7634452756176617,0.0180301719925216,0.8528058877644894,0.859456884230586,0.0066509964660965,0.8757040201980967,0.8854146436201205,0.0097106234220237,0.8431105047748977,0.8804294777940459,0.0373189730191482,0.8627268496975338,0.8394602140530479,-0.0232666356444858
C13,13,3,Tfcp2l1,0.9567858152579944,0.9652743158323168,0.0084885005743223,0.8945218614907426,0.9105832404239392,0.0160613789331965,0.7939006572806893,0.8103565701332279,0.0164559128525386,0.8320449754040758,0.8477815699658703,0.0157365945617944,0.9348773841961852,0.9392370572207084,0.0043596730245231,0.8835820895522388,0.8721910112359551,-0.0113910783162837,0.7861885790172642,0.8247011952191236,0.0385126162018593
C13,13,3,UBP1,0.9676370555555556,0.9700706666666664,0.0024336111111109,0.9633516377624236,0.9694322925538236,0.0060806547914,0.8119489560296557,0.8169156402016664,0.0049666841720107,0.9077298616761594,0.910126994464344,0.0023971327881845,0.9055,0.908,0.0025,0.8868044515103338,0.8895607893061744,0.0027563377958406,0.9296666666666666,0.9316666666666666,0.002
C131,131,2,ZBTB38,0.973127222222222,0.9744696666666668,0.0013424444444446,0.9688377960115832,0.9691959932368712,0.0003581972252879,0.8364449132331822,0.8357874466796983,-0.0006574665534838,0.918829558604728,0.9171289292318036,-0.0017006293729244,0.9181666666666668,0.9178333333333332,-0.0003333333333335,0.911446375860938,0.9250593421498812,0.0136129662889431,0.9263333333333332,0.9093333333333332,-0.0170000000000001
C131,131,2,ZBTB4,0.960621,0.962912,0.002291,0.9530821721970828,0.9543272270067776,0.0012450548096948,0.7806777697183471,0.7870231300752114,0.0063453603568642,0.890625,0.893090179019575,0.0024651790195749,0.8903333333333333,0.8935,0.0031666666666666,0.888262599469496,0.8965401410816258,0.0082775416121297,0.893,0.8896666666666667,-0.0033333333333332
C133,133,2,ZBTB46,0.9643909126517822,0.965147799973887,0.0007568873221047,0.9495884716758936,0.9529921072978408,0.0034036356219472,0.7908168673894906,0.8001682031784235,0.0093513357889328,0.8843919054297736,0.8900857769798524,0.0056938715500787,0.89609220241311,0.9007743562038538,0.0046821537907437,0.9052502050861362,0.906910569105691,0.0016603640195548,0.8644731688209949,0.8738738738738738,0.0094007050528789
C133,133,2,ZBTB8A,0.9647155,0.9632619444444442,-0.0014535555555557,0.9661557946294403,0.9643049743268628,-0.0018508203025775,0.821116550262141,0.8114393169440539,-0.0096772333180871,0.9081615266655308,0.901106500691563,-0.0070550259739677,0.9101666666666668,0.9046666666666666,-0.0055,0.9288950853956084,0.9360632183908046,0.0071681329951963,0.8883333333333333,0.8686666666666667,-0.0196666666666666
C137,137,2,ZNF423,0.9485036836935168,0.945929,-0.0025746836935166,0.9263572986559262,0.9404619993725007,0.0141047007165745,0.752513042718068,0.7566676754646045,0.0041546327465364,0.8544668587896254,0.8805093046033301,0.0260424458137047,0.8796664019062749,0.878,-0.0016664019062748,0.8359962406015038,0.8627639155470249,0.0267676749455211,0.8737721021611002,0.899,0.0252278978388997
C137,137,2,ZNF521,0.9796865781710916,0.9810973451327434,0.0014107669616518,0.9612682182206128,0.984003463229922,0.0227352450093091,0.8921387966960422,0.8823415509950365,-0.0097972457010057,0.9161947904869762,0.9353916523727844,0.0191968618858082,0.9620901639344264,0.9406512605042016,-0.0214389034302247,0.9385150812064964,0.9680473372781064,0.0295322560716099,0.8949115044247787,0.9048672566371682,0.0099557522123894
C14,14,6,SMAD9,0.969212738095238,0.9725904761904762,0.0033777380952381,0.9642979047246104,0.9705359345472352,0.0062380298226248,0.8053763190948804,0.8306879096937771,0.0253115905988967,0.9010643866689932,0.9109377834210048,0.0098733967520115,0.9022413793103448,0.9153448275862068,0.0131034482758619,0.8809280109177755,0.9255436785845929,0.0446156676668173,0.9221428571428572,0.8967857142857143,-0.0253571428571428
C14,14,6,Smad1,0.9711106666666668,0.9751472222222222,0.0040365555555554,0.971169406257972,0.9754993066886792,0.0043299004307071,0.8347564541896838,0.8381907566696355,0.0034343024799516,0.9179351422898744,0.9181266846361186,0.0001915423462443,0.9173333333333332,0.919,0.0016666666666667,0.9113009198423128,0.928133514986376,0.0168325951440632,0.9246666666666666,0.9083333333333332,-0.0163333333333334
C14,14,6,Smad2,0.96743,0.9740672222222222,0.0066372222222222,0.9656098748014724,0.9721292176303032,0.0065193428288309,0.8195316840041982,0.8381566568063819,0.0186249728021836,0.9086619480957197,0.9197755034664906,0.011113555370771,0.9096666666666666,0.919,0.0093333333333334,0.9188820722563054,0.9110529758011772,-0.0078290964551281,0.8986666666666666,0.9286666666666666,0.03
C14,14,6,Smad3,0.9369077222222224,0.940369888888889,0.0034621666666666,0.9436039416350072,0.9475835353639344,0.003979593728927,0.7487727136873161,0.7560082321344586,0.0072355184471424,0.8703100908000685,0.8777146675576345,0.007404576757566,0.8738333333333334,0.878,0.0041666666666666,0.8953119492421572,0.8797722705961152,-0.0155396786460419,0.8466666666666667,0.8756666666666667,0.029
C14,14,6,Smad4,0.9602844444444444,0.9646205555555554,0.004336111111111,0.955360732609039,0.9591529594833378,0.0037922268742988,0.7942549084802903,0.804,0.0097450915197097,0.8982883475971034,0.902,0.0037116524028966,0.897,0.902,0.005,0.8871911573472041,0.902,0.0148088426527959,0.9096666666666666,0.902,-0.0076666666666665
C14,14,6,Smad5,0.9667333333333332,0.9682513333333332,0.0015179999999999,0.9708124265432926,0.9724678461318592,0.0016554195885666,0.8129353474864633,0.8186770373027532,0.0057416898162898,0.8980385227071921,0.9065117074004444,0.0084731846932523,0.9038333333333334,0.9088333333333334,0.005,0.9556224144415194,0.9301999298491758,-0.0254224845923436,0.847,0.884,0.037
C143,143,2,Meis1,0.9691797796676342,0.970857734548726,0.0016779548810917,0.8944907704883872,0.9050448813002482,0.0105541108118609,0.76359903154195,0.7656665967749787,0.0020675652330287,0.806640625,0.8067393458870169,9.872088701690096e-05,0.9274193548387096,0.9285190615835776,0.0010997067448679,0.8497942386831275,0.8641188959660298,0.0143246572829022,0.7676579925650557,0.7565055762081785,-0.0111524163568772
C143,143,2,Pknox1,0.9392006666666668,0.9426489444444444,0.0034482777777776,0.9380345321569208,0.9443536774756206,0.0063191453186998,0.7343760968670543,0.7466619784120195,0.0122858815449652,0.8690944881889764,0.8712569785146337,0.0021624903256572,0.867,0.8731666666666666,0.0061666666666666,0.8556201550387597,0.8845757471659224,0.0289555921271627,0.883,0.8583333333333333,-0.0246666666666667
C144,144,4,TEAD1,0.8978353888888888,0.8980629444444446,0.0002275555555557,0.9167925150587352,0.9171302391754976,0.0003377241167624,0.646400807727731,0.6176629788127018,-0.0287378289150291,0.8001464128843339,0.8054896645205015,0.0053432516361676,0.818,0.8086666666666666,-0.0093333333333333,0.8871753246753247,0.8190902825637492,-0.0680850421115755,0.7286666666666667,0.7923333333333333,0.0636666666666666
C144,144,4,TEAD4,0.9338387777777776,0.937763388888889,0.0039246111111113,0.9345979203967024,0.9388681330006308,0.0042702126039282,0.7159561589031518,0.704646299497915,-0.0113098594052367,0.8422758372344257,0.8585289514866979,0.0162531142522722,0.854,0.8493333333333334,-0.0046666666666665,0.9158183241973376,0.8091445427728614,-0.1066737814244761,0.7796666666666666,0.9143333333333332,0.1346666666666666
C144,144,4,Tead2,0.8839070208728653,0.8931559139784946,0.0092488931056292,0.7598060751872567,0.7656913103295927,0.0058852351423359,0.5842633345786017,0.587068777715138,0.0028054431365363,0.6983849847228285,0.6926782273603083,-0.0057067573625202,0.8295510606808091,0.8426245683275777,0.0130735076467686,0.6467259498787389,0.7035225048923679,0.056796555013629,0.7590132827324478,0.6821631878557874,-0.0768500948766603
C144,144,4,Tead3,0.951709222222222,0.9575743333333332,0.005865111111111,0.9464852749495464,0.9518998600799956,0.0054145851304492,0.7657082247821868,0.7819531763283964,0.0162449515462096,0.8799182422074604,0.8935895365735508,0.0136712943660903,0.8825,0.8901666666666667,0.0076666666666667,0.8996865203761756,0.8665831506420294,-0.0331033697341461,0.861,0.9223333333333332,0.0613333333333332
C147,147,2,L3MBTL3,0.9548795426704776,0.958095140873826,0.0032155982033483,0.9119459431164746,0.903780175880416,-0.0081657672360585,0.8423062826271721,0.8237859198727192,-0.0185203627544529,0.8627450980392157,0.8435374149659864,-0.0192076830732292,0.9634782608695652,0.96,-0.0034782608695652,0.8918918918918919,0.9117647058823528,0.0198728139904609,0.8354430379746836,0.7848101265822784,-0.0506329113924051
C147,147,2,L3MBTL4,0.950607611111111,0.9505942222222222,-1.3388888888798968e-05,0.9433050870233496,0.9431232797452932,-0.0001818072780562,0.7674399296154804,0.759000685233553,-0.0084392443819273,0.8826890756302521,0.8758125213821416,-0.0068765542481105,0.8836666666666667,0.879,-0.0046666666666667,0.8901694915254237,0.8995080815179198,0.0093385899924961,0.8753333333333333,0.8533333333333334,-0.0219999999999999
C15,15,2,ZNF524,0.9679272222222222,0.9692178888888888,0.0012906666666666,0.9693361441418822,0.9708803629278632,0.0015442187859809,0.8205067482705027,0.8319994155580888,0.011492667287586,0.9029194512838552,0.9133777549974372,0.0104583037135821,0.908,0.9155,0.0074999999999999,0.9556962025316456,0.9369085173501576,-0.0187876851814879,0.8556666666666667,0.891,0.0353333333333333
C15,15,2,ZNF580,0.966844888888889,0.9662696666666668,-0.0005752222222221,0.9636951269746752,0.963138768090078,-0.0005563588845971,0.812659591355071,0.8082002999366046,-0.0044592914184664,0.9074774034511092,0.9055491897200852,-0.001928213731024,0.9061666666666668,0.9038333333333334,-0.0023333333333332,0.8949756888168557,0.8896751366999035,-0.0053005521169522,0.9203333333333332,0.922,0.0016666666666667
C150,150,2,BATF,0.9535002222222222,0.960347777777778,0.0068475555555558,0.9567131749288716,0.963909393884908,0.0071962189560363,0.7789166524810908,0.8001202048646189,0.0212035523835281,0.8879135719108711,0.8991257565568258,0.0112121846459547,0.8893333333333333,0.9,0.0106666666666667,0.899452804377565,0.907055630936228,0.0076028265586629,0.8766666666666667,0.8913333333333333,0.0146666666666666
C150,150,2,Batf3,0.964186,0.9666779444444444,0.0024919444444445,0.969776927169578,0.9716535494135864,0.0018766222440084,0.826285763448931,0.8452784712066489,0.0189927077577178,0.91051912568306,0.9214924869154144,0.0109733612323542,0.9126666666666666,0.9225,0.0098333333333333,0.9334733893557424,0.9336298323640096,0.0001564430082673,0.8886666666666667,0.9096666666666666,0.0209999999999999
C154,154,2,HNF1A,0.9507827777777778,0.9561316666666668,0.005348888888889,0.9477399999584144,0.9551883470018896,0.0074483470434751,0.7205471829507253,0.785141730874789,0.0645945479240637,0.8378527946873271,0.8914689550731953,0.0536161603858682,0.8535,0.8925,0.0389999999999999,0.9380421313506816,0.9001019367991845,-0.037940194551497,0.757,0.883,0.126
C154,154,2,Hnf1b,0.958469,0.967073,0.0086039999999999,0.9547154000889252,0.9618053615551414,0.0070899614662163,0.7748216464954987,0.8012244964914057,0.026402849995907,0.8861952861952862,0.8960994131860546,0.0099041269907683,0.8873333333333333,0.8996666666666666,0.0123333333333333,0.8952380952380953,0.9291338582677166,0.0338957630296212,0.8773333333333333,0.8653333333333333,-0.012
C158,158,3,TFAP2A,0.9626487777777778,0.9631821111111112,0.0005333333333333,0.960909845375396,0.9607960758674804,-0.0001137695079155,0.7966133687634281,0.8027380243293109,0.0061246555658827,0.9004862236628849,0.9006711409395973,0.0001849172767124,0.8976666666666666,0.9013333333333332,0.0036666666666665,0.8763406940063091,0.9067567567567568,0.0304160627504477,0.926,0.8946666666666667,-0.0313333333333333
C158,158,3,TFAP2B,0.9189361684260028,0.9227529623191326,0.0038167938931298,0.7787216822344813,0.7795676630871038,0.0008459808526224,0.7293394029426109,0.7215184847484651,-0.0078209181941457,0.7639257294429708,0.7527472527472527,-0.011178476695718,0.9355539464156408,0.9348298334540188,-0.000724112961622,0.8228571428571428,0.845679012345679,0.0228218694885361,0.7128712871287128,0.6782178217821783,-0.0346534653465345
C158,158,3,TFAP2C,0.9776252222222224,0.9789268888888888,0.0013016666666665,0.9734063395911564,0.9747883670728316,0.0013820274816752,0.8551768023253435,0.8680156244218606,0.0128388220965171,0.926755346017848,0.93419740777667,0.0074420617588218,0.9275,0.934,0.0065,0.9363729159578088,0.9314115308151092,-0.0049613851426996,0.9173333333333332,0.937,0.0196666666666667
C160,160,3,ELF1,0.9670305,0.9714448888888888,0.0044143888888888,0.9651437020102672,0.9710427037966456,0.0058990017863782,0.8033247569456693,0.821345014767723,0.0180202578220537,0.8986498034524013,0.910427807486631,0.0117780040342296,0.9011666666666668,0.9106666666666666,0.0094999999999999,0.9221325850578744,0.9128686327077749,-0.0092639523500995,0.8763333333333333,0.908,0.0316666666666667
C160,160,3,ELF2,0.9175724444444444,0.9219946666666669,0.0044222222222224,0.9189261618746905,0.9285359269123716,0.0096097650376811,0.685580639321973,0.6884195015602674,0.0028388622382944,0.829120683517266,0.8314407381121363,0.0023200545948702,0.84,0.8416666666666667,0.0016666666666667,0.8896103896103896,0.8888467374810318,-0.0007636521293578,0.7763333333333333,0.781,0.0046666666666667
C160,160,3,Elf4,0.958320918435456,0.9617383526898944,0.0034174342544384,0.9502358077935824,0.9561073831559246,0.0058715753623422,0.7797085783157954,0.7968953355399571,0.0171867572241616,0.8792756539235412,0.8881698685540951,0.0088942146305538,0.8908495543023467,0.8993996725486629,0.0085501182463162,0.8835422563687828,0.8970588235294118,0.0135165671606289,0.8750500600720865,0.8794553464156989,0.0044052863436123
C161,161,3,ELF3,0.9345648888888888,0.9397878888888888,0.0052229999999999,0.9382352215547538,0.9444643798005212,0.0062291582457674,0.6942445425912737,0.7403260328543074,0.0460814902630337,0.8144075829383887,0.8564258827746908,0.0420182998363021,0.8368333333333333,0.8665,0.0296666666666667,0.944175824175824,0.9263280341217526,-0.0178477900540715,0.716,0.7963333333333333,0.0803333333333333
C161,161,3,Ehf,0.9520810555555556,0.9604887777777776,0.008407722222222,0.952232679877674,0.9606239576745428,0.0083912777968688,0.7772681595037213,0.7954651820780916,0.0181970225743702,0.890487087283426,0.8937779305603301,0.003290843276904,0.8883333333333333,0.897,0.0086666666666667,0.8736369467607441,0.92264017033357,0.0490032235728259,0.908,0.8666666666666667,-0.0413333333333333
C161,161,3,Elf5,0.9363025210084034,0.934453781512605,-0.0018487394957983,0.8611493827999609,0.8940307252705041,0.0328813424705431,0.7439099617585067,0.7963094449951775,0.0523994832366708,0.78125,0.8135593220338984,0.0323093220338983,0.9330143540669856,0.9473684210526316,0.014354066985646,0.8333333333333334,0.96,0.1266666666666666,0.7352941176470589,0.7058823529411765,-0.0294117647058823
C162,162,3,ETV1,0.9592853333333332,0.9597351666666666,0.0004498333333332,0.959234520880157,0.9596067767182372,0.0003722558380802,0.791418459363542,0.7822858682319493,-0.0091325911315927,0.8948959032907992,0.8932986337020169,-0.0015972695887822,0.8956666666666667,0.8906666666666667,-0.005,0.9015561569688768,0.872299872935197,-0.0292562840336798,0.8883333333333333,0.9153333333333332,0.0269999999999999
C162,162,3,ETV4,0.9096878889862154,0.93301799517465,0.0233301061884345,0.7324673441124571,0.79991451414132,0.0674471700288629,0.5721348361761359,0.6456418039250633,0.0735069677489274,0.6155419222903885,0.701180744777475,0.0856388224870865,0.8868151715833835,0.9009632751354606,0.014148103552077,0.7900262467191601,0.7658730158730159,-0.0241532308461441,0.5041876046901173,0.6465661641541038,0.1423785594639866
C162,162,3,Etv5,0.9686251111111112,0.9700986666666668,0.0014735555555556,0.9679152262746024,0.9681949455964668,0.0002797193218643,0.8101630435928842,0.8253053333099599,0.0151422897170757,0.9031382527565732,0.9140241909120628,0.0108859381554894,0.9048333333333334,0.9123333333333332,0.0074999999999998,0.9195164075993092,0.8967286722257858,-0.0227877353735234,0.8873333333333333,0.932,0.0446666666666667
C163,163,3,ETS1,0.9724585555555556,0.9710900555555554,-0.0013685000000001,0.9724935013956356,0.9687700389235564,-0.0037234624720793,0.8275921636811222,0.8290686398075322,0.0014764761264099,0.915615906886518,0.9163706813044882,0.0007547744179702,0.913,0.9136666666666666,0.0006666666666665,0.8888888888888888,0.8885410144020037,-0.0003478744868851,0.944,0.946,0.002
C163,163,3,Ets2,0.930741360089186,0.9285813823857304,-0.0021599777034556,0.8038377043081019,0.8519273135349118,0.0480896092268099,0.7245912561140972,0.7392621236143959,0.0146708675002986,0.7628865979381443,0.780952380952381,0.0180657830142366,0.929878048780488,0.929878048780488,1.1102230246251563e-16,0.8222222222222222,0.7735849056603774,-0.0486373165618447,0.7115384615384616,0.7884615384615384,0.0769230769230768
C163,163,3,Etv2,0.9796977241615332,0.982323579739904,0.0026258555783708,0.9725408024590674,0.9773810396197168,0.0048402371606494,0.8815792295964736,0.8788676274740673,-0.0027116021224062,0.92831541218638,0.927185689090451,-0.0011297230959289,0.9434114793856104,0.9415925626515764,-0.0018189167340338,0.9259448416751788,0.9104403760514596,-0.0155044656237192,0.9306981519507188,0.944558521560575,0.0138603696098562
C165,165,2,Erg,0.9854964811260396,0.984128790786948,-0.0013676903390916,0.9842055668432586,0.9837901015423683,-0.0004154653008902,0.896007014541545,0.8935398723286849,-0.00246714221286,0.9523341523341524,0.9513338722716248,-0.0010002800625275,0.9480820695807316,0.9462979482604816,-0.0017841213202498,0.936231884057971,0.9237048665620096,-0.0125270174959614,0.969,0.9806666666666668,0.0116666666666668
C165,165,2,Fli1,0.9192601111111112,0.916056,-0.003204111111111,0.925758276885775,0.924822510277074,-0.000935766608701,0.6925519532156849,0.680132376722388,-0.0124195764932968,0.8285714285714286,0.8427425953199149,0.0141711667484862,0.842,0.8398333333333333,-0.0021666666666666,0.9055335968379448,0.8277081324333012,-0.0778254644046434,0.7636666666666667,0.8583333333333333,0.0946666666666665
C166,166,3,ELK3,0.8785488114362879,0.8823677419354838,0.0038189304991959,0.635320341687774,0.8014078513617158,0.1660875096739418,0.5519514596940673,0.6750654213896234,0.1231139616955561,0.5971107544141252,0.7151277013752456,0.1180169469611204,0.9187439300744578,0.8893129770992366,-0.0294309529752211,0.5923566878980892,0.914572864321608,0.3222161764235188,0.6019417475728155,0.5870967741935483,-0.0148449733792671
C166,166,3,ELK4,0.9796576187625732,0.981189,0.0015313812374266,0.9718494742356318,0.9820620380463942,0.0102125638107624,0.8560928587679463,0.8774779168740494,0.0213850581061031,0.9143593045717964,0.9374682257244534,0.0231089211526569,0.9303482587064676,0.9385,0.0081517412935323,0.9311475409836064,0.953464322647363,0.0223167816637565,0.8981657179000633,0.922,0.0238342820999367
C166,166,3,Elk1,0.9674066666666666,0.978544,0.0111373333333333,0.964798363608455,0.9788754407459188,0.0140770771374638,0.7953658103333374,0.8445474441732421,0.0491816338399047,0.8905620731920855,0.920570264765784,0.0300081915736984,0.8958333333333334,0.922,0.0261666666666666,0.9380302471412764,0.9377593360995852,-0.000270911041691,0.8476666666666667,0.904,0.0563333333333333
C17,17,2,MZF1,0.9463487113098742,0.9402289043191716,-0.0061198069907025,0.8434870056656916,0.8186587886934865,-0.024828216972205,0.7230413358542279,0.6540817282751131,-0.0689596075791147,0.7811158798283262,0.7232142857142857,-0.0579015941140405,0.9081908190819082,0.8883888388838884,-0.0198019801980198,0.7777777777777778,0.75,-0.0277777777777777,0.7844827586206896,0.6982758620689655,-0.086206896551724
C17,17,2,ZNF446,0.9792490555555556,0.9792597222222222,1.0666666666714342e-05,0.9788777605226586,0.9788399974079064,-3.776311475223171e-05,0.8576667143148187,0.8567856729416962,-0.0008810413731225,0.9288214702450408,0.9277310924369748,-0.0010903778080659,0.9288333333333332,0.9283333333333332,-0.0005,0.928976325441814,0.9355932203389832,0.0066168948971692,0.9286666666666666,0.92,-0.0086666666666666
C171,171,2,SPIB,0.9902593888888888,0.9914684444444444,0.0012090555555555,0.9910131876013566,0.9921154287308698,0.0011022411295131,0.9180051000425004,0.9157207014326864,-0.0022843986098141,0.958931552587646,0.9583265239418206,-0.0006050286458254,0.959,0.9575,-0.0014999999999999,0.9605351170568562,0.9400448861814684,-0.0204902308753878,0.9573333333333334,0.9773333333333334,0.02
C171,171,2,Spi1,0.9881092222222222,0.9886013333333332,0.000492111111111,0.9906967455415302,0.9908141129230406,0.0001173673815103,0.9197795509842503,0.9347339699355068,0.0149544189512564,0.9601455267074582,0.9671361502347418,0.0069906235272835,0.9598333333333332,0.9673333333333334,0.0075,0.95274040039383,0.9730094466936572,0.0202690462998271,0.9676666666666668,0.9613333333333334,-0.0063333333333333
C174,174,3,MTA2,0.9437165318445938,0.927841707493069,-0.0158748243515247,0.8804205961929197,0.8397311054953092,-0.0406894906976105,0.7412665438929595,0.7353831337047401,-0.0058834101882194,0.7794117647058824,0.7454545454545455,-0.0339572192513368,0.9347826086956522,0.9391304347826088,0.0043478260869566,0.7681159420289855,0.9534883720930232,0.1853724300640377,0.7910447761194029,0.6119402985074627,-0.1791044776119402
C174,174,3,MTA3,0.9071048888888888,0.9083527777777778,0.0012478888888889,0.907341834728068,0.9068276185163608,-0.0005142162117072,0.638222490752463,0.6508082897677065,0.0125857990152435,0.8039878938935375,0.8115684882895671,0.0075805943960295,0.8165,0.823,0.0064999999999999,0.8628200229270157,0.8676024279210925,0.0047824049940768,0.7526666666666667,0.7623333333333333,0.0096666666666666
C174,174,3,Mta1,0.9816604444444444,0.981813277777778,0.0001528333333336,0.9791320824316694,0.9781560458233576,-0.0009760366083118,0.871898506741254,0.8683372408597092,-0.0035612658815448,0.9368041912246234,0.9342652687635212,-0.0025389224611022,0.9356666666666666,0.9341666666666668,-0.0014999999999998,0.9205276705276704,0.9328680624792288,0.0123403919515583,0.9536666666666668,0.9356666666666666,-0.018
C179,179,2,GATAD2A,0.9367219444444445,0.9324877777777776,-0.0042341666666667,0.9335715356128584,0.9282225738193826,-0.0053489617934759,0.7282400753969239,0.7081495920996089,-0.020090483297315,0.8673684210526316,0.850068306010929,-0.0173001150417025,0.8635,0.8536666666666667,-0.0098333333333333,0.8434645669291339,0.8714985994397759,0.028034032510642,0.8926666666666667,0.8296666666666667,-0.063
C179,179,2,GATAD2B,0.9671592222222224,0.968996777777778,0.0018375555555557,0.9657375982470586,0.9697888958713624,0.0040512976243037,0.8230047255659108,0.8390855377506192,0.0160808121847084,0.913304164641063,0.9208421739840053,0.0075380093429422,0.9108333333333334,0.9191666666666668,0.0083333333333334,0.8886786502680543,0.9021426287176209,0.0134639784495665,0.9393333333333334,0.9403333333333334,0.001
C181,181,3,RARB,0.8529253764890987,0.8655883344571814,0.0126629579680827,0.7448949215287646,0.7782360704161335,0.0333411488873689,0.5238079577789412,0.5435415490578317,0.0197335912788905,0.6812816188870152,0.6697004171406902,-0.011581201746325,0.789203658264555,0.8057104617443676,0.0165068034798125,0.6815114709851552,0.7651646447140381,0.0836531737288829,0.6810519217801754,0.5954146999325691,-0.0856372218476062
C181,181,3,RARG,0.9695555061420996,0.9704226485796428,0.0008671424375431,0.945058376704932,0.9460871812408752,0.0010288045359432,0.7655082447198881,0.8119982002606326,0.0464899555407445,0.826867816091954,0.877015491621878,0.0501476755299239,0.8945295404814004,0.9148796498905908,0.0203501094091903,0.9473251028806584,0.8701380175658721,-0.0771870853147863,0.7335882727852135,0.8840025493945188,0.1504142766093053
C181,181,3,Rara,0.9600165000000002,0.9638079444444444,0.0037914444444442,0.9594227554463526,0.962460803075632,0.0030380476292793,0.7910812657996975,0.7971151914683521,0.0060339256686545,0.896243587622042,0.8976298537569339,0.0013862661348919,0.8955,0.8985,0.003,0.8899112717712784,0.9053916581892166,0.0154803864179382,0.9026666666666666,0.89,-0.0126666666666666
C182,182,2,RORA,0.9478662222222222,0.9502945555555556,0.0024283333333334,0.9434247213386656,0.9469194814711408,0.0034947601324751,0.7375990853221838,0.7443460716222202,0.0067469863000364,0.8600981767180925,0.8656716417910447,0.0055734650729521,0.867,0.871,0.004,0.9071745562130178,0.9029688631426502,-0.0042056930703675,0.8176666666666667,0.8313333333333334,0.0136666666666667
C182,182,2,Rorb,0.9256538900178812,0.9391112586884184,0.013457368670537,0.8053950050535058,0.8297068287716974,0.0243118237181916,0.7225476952090806,0.7233409830893167,0.0007932878802361,0.7640036730945822,0.7618147448015122,-0.0021889282930699,0.927991033903054,0.9293919865508544,0.0014009526478003,0.7984644913627639,0.8224489795918367,0.0239844882290728,0.7323943661971831,0.7095070422535211,-0.0228873239436619
C183,183,2,Ppard,0.9839624848484848,0.9837253333333332,-0.0002371515151515,0.9830539787027462,0.983849425067658,0.0007954463649118,0.8717885083312854,0.8785186101098088,0.0067301017785234,0.9385437541750168,0.9408783783783784,0.0023346242033617,0.936,0.9391304347826088,0.0031304347826087,0.9404283801874164,0.9537671232876712,0.0133387431002548,0.9366666666666666,0.9283333333333332,-0.0083333333333334
C183,183,2,Pparg,0.9604431666666666,0.9539971111111112,-0.0064460555555554,0.959359102435956,0.9522771800422168,-0.0070819223937391,0.7920044000366671,0.7815744512262595,-0.0104299488104075,0.8961730449251248,0.8925592804578905,-0.0036137644672343,0.896,0.8905,-0.0055,0.8946843853820599,0.8760834670947031,-0.0186009182873567,0.8976666666666666,0.9096666666666666,0.012
C184,184,3,Nr1h2,0.9429971111111112,0.960960888888889,0.0179637777777779,0.9414913917665152,0.9618415583207408,0.0203501665542257,0.7366748101123468,0.7775137541980388,0.040838944085692,0.8722551690976118,0.8908794788273615,0.0186243097297497,0.8671666666666666,0.8883333333333333,0.0211666666666666,0.8400740969435011,0.8710191082802548,0.0309450113367536,0.907,0.9116666666666666,0.0046666666666665
C184,184,3,Nr1h3,0.9258986666666666,0.9456118888888888,0.0197132222222221,0.9248413962996164,0.9434782052702232,0.0186368089706068,0.6988263790705247,0.7529344242940149,0.0541080452234902,0.8435561681598898,0.8779605263157895,0.0344043581558997,0.8486666666666667,0.8763333333333333,0.0276666666666666,0.8730385164051355,0.8665584415584415,-0.0064800748466939,0.816,0.8896666666666667,0.0736666666666667
C184,184,3,Nr1h4,0.9574871364596708,0.9603398602953812,0.0028527238357104,0.878828459540929,0.9003528096600915,0.0215243501191624,0.7635586684038597,0.7766534549603461,0.0130947865564864,0.8063492063492064,0.819773429454171,0.0134242231049646,0.9256399837464444,0.9288906948394962,0.0032507110930516,0.8678815489749431,0.8559139784946237,-0.0119675704803193,0.7529644268774703,0.7865612648221344,0.033596837944664
C185,185,2,THRB,0.943376111111111,0.9549371111111112,0.0115610000000002,0.9430005678339384,0.9539022848022098,0.0109017169682714,0.7026171249606822,0.7846666666666666,0.0820495417059844,0.8251722211878607,0.8923333333333333,0.0671611121454726,0.8435,0.8923333333333333,0.0488333333333332,0.934626739772248,0.8923333333333333,-0.0422934064389146,0.7386666666666667,0.8923333333333333,0.1536666666666666
C185,185,2,Thra,0.9447818888888888,0.9557333333333332,0.0109514444444444,0.9394712536738588,0.9512507541841198,0.0117795005102608,0.7335587932986098,0.7854605882571148,0.051901794958505,0.8515850144092219,0.893624050214734,0.0420390358055121,0.8626666666666667,0.8926666666666667,0.03,0.926332288401254,0.8857236411263916,-0.0406086472748623,0.788,0.9016666666666666,0.1136666666666665
C186,186,2,NR1I2,0.9683727058531746,0.9667887524801588,-0.0015839533730157,0.9514724951335716,0.949955290132006,-0.0015172050015656,0.859386257485755,0.8603887485270081,0.001002491041253,0.9270059771780474,0.9275099673794852,0.0005039902014377,0.9291490857946554,0.929676511954993,0.0005274261603376,0.9032827391457818,0.9042402826855124,0.0009575435397305,0.9520089285714286,0.9520089285714286,0.0
C186,186,2,Nr1i3,0.95423855963991,0.95313672168042,-0.00110183795949,0.8665220248130219,0.8807002336969029,0.0141782088838809,0.8221575366410945,0.829434688053683,0.0072771514125885,0.8439306358381503,0.8484848484848485,0.0045542126466981,0.9617563739376772,0.9645892351274789,0.0028328611898017,0.8390804597701149,0.8860759493670886,0.0469954895969736,0.8488372093023255,0.813953488372093,-0.0348837209302325
C188,188,2,NR2C1,0.9296265845708076,0.9309129542436316,0.001286369672824,0.9251045468291648,0.925589735973954,0.0004851891447892,0.7064624848578255,0.6660272678249503,-0.0404352170328752,0.8427321794155965,0.7883089770354906,-0.0544232023801058,0.8533240756813053,0.8239888908175664,-0.0293351848637388,0.8667687595712098,0.9305076392311484,0.0637388796599386,0.8199927562477364,0.6838102136906917,-0.1361825425570446
C188,188,2,Nr2c2,0.967548,0.9674977777777778,-5.022222222206274e-05,0.9668572534835772,0.9666880482045218,-0.0001692052790552,0.8110795813388968,0.7856615709513488,-0.0254180103875479,0.9075603043548648,0.8822064056939501,-0.0253538986609146,0.9048333333333334,0.8896666666666667,-0.0151666666666666,0.8822788794460182,0.9461832061068702,0.063904326660852,0.9343333333333332,0.8263333333333334,-0.1079999999999999
C190,190,2,RXRB,0.9496735555555555,0.9512350555555557,0.0015615000000001,0.94451930498129,0.9475949731825908,0.0030756682013008,0.7642008539295437,0.7681702412720538,0.00396938734251,0.8849757673667206,0.8863192182410423,0.0013434508743217,0.8813333333333333,0.8836666666666667,0.0023333333333334,0.8586206896551725,0.8665605095541401,0.0079398198989676,0.913,0.907,-0.006
C190,190,2,Rxra,0.9786964444444444,0.9803414444444444,0.0016449999999998,0.9715869636190878,0.9743399791708988,0.0027530155518109,0.8528021760694783,0.8688644040895266,0.0160622280200483,0.9277849740932642,0.9350263852242744,0.0072414111310101,0.9256666666666666,0.9343333333333332,0.0086666666666666,0.9020780856423174,0.925261096605744,0.0231830109634265,0.955,0.945,-0.01
C191,191,2,HNF4A,0.933458777777778,0.9354473888888888,0.0019886111111109,0.9361155180820132,0.9390528600393372,0.002937341957324,0.7068071140241257,0.7114165352711513,0.0046094212470256,0.8369996393797331,0.8606465997770345,0.0236469603973014,0.8493333333333334,0.8541666666666666,0.0048333333333332,0.9116260801256874,0.8240317169868863,-0.087594363138801,0.7736666666666666,0.9006666666666666,0.127
C191,191,2,HNF4G,0.9664387777777776,0.971512777777778,0.0050740000000003,0.9674414261018816,0.972256558010684,0.0048151319088023,0.7927090641821712,0.8298183316609007,0.0371092674787294,0.8851990715943582,0.9165313413445924,0.0313322697502341,0.8928333333333334,0.9143333333333332,0.0214999999999998,0.9530949634755864,0.8936035465484484,-0.0594914169271378,0.8263333333333334,0.9406666666666668,0.1143333333333334
C192,192,3,Nr2f1,0.9571915,0.9581683333333332,0.000976833333333,0.956656904710087,0.9579907687332976,0.0013338640232105,0.7616559402308112,0.7850370856171797,0.0233811453863684,0.8851340877383351,0.8944018279745389,0.0092677402362038,0.8765,0.8921666666666667,0.0156666666666667,0.8272964358157056,0.8762392069075792,0.0489427710918736,0.9516666666666668,0.9133333333333332,-0.0383333333333334
C192,192,3,Nr2f2,0.9736225555555555,0.9727388888888888,-0.0008836666666667,0.9684695510407668,0.9689686320195164,0.0004990809787496,0.8475143440599078,0.840704222162917,-0.0068101218969908,0.9228696530818458,0.9217758985200846,-0.0010937545617611,0.9236666666666666,0.9198333333333332,-0.0038333333333334,0.9326072157930564,0.8999682438869482,-0.0326389719061083,0.9133333333333332,0.9446666666666668,0.0313333333333334
C192,192,3,Nr2f6,0.9624452222222222,0.9634396666666668,0.0009944444444446,0.9600450004329084,0.961875789372462,0.0018307889395534,0.7764553495807547,0.794227711007268,0.0177723614265132,0.8804347826086957,0.8929800412938748,0.012545258685179,0.8863333333333333,0.8963333333333333,0.01,0.9286242603550297,0.9228307254623044,-0.0057935348927251,0.837,0.865,0.028
C194,194,2,Nr5a1,0.9542126111111112,0.959127888888889,0.0049152777777777,0.9524420417664536,0.9565963559381956,0.0041543141717419,0.7768425309155269,0.793081471275803,0.016238940360276,0.8908353609083536,0.8972364719510177,0.0064011110426641,0.8878333333333334,0.8965,0.0086666666666666,0.8676145339652449,0.8908971409792967,0.0232826070140518,0.9153333333333332,0.9036666666666666,-0.0116666666666667
C194,194,2,Nr5a2,0.9345325555555556,0.9366113333333332,0.0020787777777775,0.9357405361794312,0.9380227267435932,0.002282190564162,0.7173390720688649,0.7263424126702379,0.0090033406013729,0.8589487691284099,0.8628237259816207,0.0038749568532108,0.8586666666666667,0.8631666666666666,0.0044999999999999,0.8572377158034529,0.8649916247906198,0.0077539089871668,0.8606666666666667,0.8606666666666667,0.0
C195,195,3,ESRRA,0.9485928888888888,0.9498604444444444,0.0012675555555555,0.9477858253721962,0.9505087959848222,0.0027229706126259,0.7727053028977415,0.7606053681259578,-0.0120999347717837,0.8857621440536013,0.8827451618149292,-0.003016982238672,0.8863333333333333,0.8798333333333334,-0.0064999999999999,0.8902356902356903,0.8618609082248333,-0.0283747820108569,0.8813333333333333,0.9046666666666666,0.0233333333333333
C195,195,3,ESRRG,0.9493836666666668,0.9511721111111112,0.0017884444444443,0.9474268458400872,0.9488320716878424,0.0014052258477553,0.7626933190007782,0.7657062756097874,0.0030129566090092,0.8849529280357428,0.886144964720975,0.0011920366852322,0.8798333333333334,0.8816666666666667,0.0018333333333333,0.8487909397000306,0.853831891223733,0.0050409515237024,0.9243333333333332,0.921,-0.0033333333333332
C195,195,3,Esrrb,0.9158663316555228,0.91468373680687,-0.0011825948486526,0.7330087744827015,0.7396269316587729,0.0066181571760713,0.6561698113529286,0.6352830329268384,-0.0208867784260902,0.7040498442367601,0.6837606837606838,-0.0202891604760763,0.917223351728144,0.9140284635492304,-0.0031948881789136,0.7197452229299363,0.7207207207207207,0.0009754977907844,0.6890243902439024,0.6504065040650406,-0.0386178861788617
C196,196,2,ESR2,0.9880483333333332,0.9896915555555555,0.0016432222222223,0.9877473703528036,0.9895645145158958,0.0018171441630923,0.8796175547580789,0.9107288747664328,0.0311113200083539,0.9407253554880972,0.9558823529411764,0.0151569974530793,0.9381666666666668,0.955,0.0168333333333332,0.9033445842282908,0.9375,0.0341554157717091,0.9813333333333332,0.975,-0.0063333333333333
C196,196,2,Esr1,0.9528166666666666,0.9542520555555556,0.0014353888888889,0.9509056286748404,0.9532267764812594,0.002321147806419,0.7528958646332291,0.7701940450475694,0.0172981804143402,0.8808925204274042,0.886925216822124,0.0060326963947198,0.8736666666666667,0.8848333333333334,0.0111666666666666,0.8332342449464922,0.8711025393764062,0.037868294429914,0.9343333333333332,0.9033333333333332,-0.0310000000000001
C197,197,2,MYOD1,0.9671141666666666,0.9672849444444446,0.0001707777777779,0.9670459048286274,0.9677749855547236,0.0007290807260962,0.811922914076173,0.8130169070985365,0.0010939930223634,0.9076998209343968,0.9035897435897436,-0.0041100773446531,0.9055,0.906,0.0005,0.8870505886096086,0.9273684210526316,0.040317832443023,0.9293333333333332,0.881,-0.0483333333333333
C197,197,2,MYOG,0.9757643259108462,0.978953648233308,0.0031893223224618,0.9616320122630548,0.9671569367185796,0.0055249244555248,0.8321797754569625,0.8702566851391881,0.0380769096822255,0.8911917098445595,0.912958115183246,0.0217664053386864,0.921967213114754,0.9418579234972676,0.0198907103825135,0.856473345049795,0.9412955465587044,0.0848222015089094,0.928843710292249,0.886277001270648,-0.0425667090216009
C201,201,2,HSF1,0.9866977777777778,0.9862558333333332,-0.0004419444444445,0.9815882712931364,0.9802861077850324,-0.0013021635081039,0.9050004525003392,0.910360088197968,0.0053596356976286,0.9525237381309344,0.9553378714926116,0.0028141333616771,0.9525,0.9551666666666668,0.0026666666666668,0.952047952047952,0.9517036056897122,-0.0003443463582397,0.953,0.959,0.006
C201,201,2,HSF2,0.961119291402568,0.9630040630586704,0.0018847716561024,0.9424057362230888,0.9441966009074546,0.0017908646843657,0.7899672738536585,0.7686859189383327,-0.0212813549153257,0.8770180436847104,0.8496420047732697,-0.0273760389114406,0.8974460502870719,0.8877450009899029,-0.0097010492971689,0.8546968995835261,0.9313953488372092,0.076698449253683,0.9005363237445149,0.7810823988298391,-0.1194539249146757
C209,209,2,IRF2,0.9783546550536842,0.9880953997458852,0.0097407446922009,0.940087425270179,0.9597622552844416,0.0196748300142626,0.8316422868504124,0.8717762288033475,0.040133941952935,0.8598130841121495,0.8930817610062893,0.0332686768941398,0.9503858875413452,0.9625137816979052,0.0121278941565601,0.8149606299212598,0.8537074148296593,0.0387467849083994,0.90989010989011,0.9362637362637364,0.0263736263736265
C209,209,2,Irf1,0.9792857777777776,0.9803457222222224,0.0010599444444446,0.9794240122927044,0.9800176067217164,0.0005935944290121,0.8521307782642328,0.8547304418506331,0.0025996635864002,0.9245890527029316,0.9284781188765512,0.0038890661736195,0.9258333333333332,0.927,0.0011666666666667,0.9403653912443984,0.9100512163892446,-0.0303141748551538,0.9093333333333332,0.9476666666666668,0.0383333333333334
C21,21,3,ZBTB18,0.9603527312174126,0.972250411169822,0.0118976799524094,0.9214025549267038,0.936334422768929,0.0149318678422252,0.8087938539804752,0.8122031495947176,0.0034092956142424,0.8547008547008547,0.8583509513742071,0.0036500966733524,0.9278897136797456,0.928950159066808,0.0010604453870625,0.9009009009009008,0.8942731277533039,-0.0066277731475969,0.8130081300813008,0.8252032520325203,0.0121951219512195
C21,21,3,ZBTB3,0.9599548888888888,0.967315,0.0073601111111111,0.9576653728251312,0.9652717177785688,0.0076063449534375,0.7679567363319306,0.7720465098331402,0.0040897735012095,0.8771134739410842,0.8728448275862069,-0.0042686463548773,0.8825,0.882,-0.0004999999999999,0.9192546583850932,0.9462616822429908,0.0270070238578976,0.8386666666666667,0.81,-0.0286666666666666
C21,21,3,ZBTB42,0.9700091111111112,0.9778245555555556,0.0078154444444444,0.9674546611118706,0.9764422144017094,0.0089875532898388,0.7662866135366271,0.8206835749858737,0.0543969614492466,0.8660470202296336,0.9020855425945564,0.0360385223649227,0.8775,0.9076666666666666,0.0301666666666666,0.9553679131483716,0.9601203912716328,0.0047524781232612,0.792,0.8506666666666667,0.0586666666666666
C210,210,2,TOX,0.8912524081541219,0.8942005488351255,0.0029481406810035,0.8913231348753237,0.8967167317075836,0.0053935968322599,0.6182872163192106,0.5969736784364975,-0.021313537882713,0.8004183371099878,0.8078073351172674,0.0073889980072796,0.8084002677376171,0.7956827309236948,-0.0127175368139222,0.8315827598696125,0.7598460171750074,-0.071736742694605,0.771505376344086,0.8622311827956989,0.0907258064516128
C210,210,2,TOX2,0.9260286984482906,0.9346756047617936,0.0086469063135029,0.7836426943159308,0.7934633905408623,0.0098206962249315,0.6320019179130669,0.6831053150876532,0.0511033971745862,0.6606822262118492,0.7222222222222222,0.0615399960103729,0.9160746003552398,0.9245115452930728,0.0084369449378329,0.8288288288288288,0.7978339350180506,-0.0309948938107782,0.5492537313432836,0.6597014925373135,0.1104477611940298
C212,212,4,ZNF280A,0.9101207228915664,0.9087505220883536,-0.0013702008032127,0.8943583440140606,0.8963485507240286,0.001990206709968,0.677748757357819,0.676417256375312,-0.001331500982507,0.8069659063036546,0.7913479293062516,-0.0156179769974029,0.8449261083743842,0.8441379310344828,-0.0007881773399014,0.8216783216783217,0.8741258741258742,0.0524475524475525,0.7927710843373494,0.7228915662650602,-0.0698795180722892
C212,212,4,ZNF280B,0.9808,0.982272,0.0014719999999999,0.9765082209481564,0.9780744221841609,0.0015662012360045,0.8679169626329285,0.8765652155033077,0.0086482528703791,0.934860883797054,0.938869665513264,0.0040087817162099,0.9336666666666666,0.9381666666666668,0.0045000000000001,0.9183279742765272,0.92831541218638,0.0099874379098526,0.952,0.9496666666666668,-0.0023333333333331
C212,212,4,ZNF280C,0.9713232484076432,0.973595541401274,0.0022722929936307,0.9286560045765004,0.9265916724698128,-0.0020643321066877,0.8343415129699774,0.8340161148189448,-0.0003253981510326,0.8602510460251046,0.8606965174129353,0.0004454713878306,0.9539691289966924,0.9536934950385888,-0.0002756339581035,0.9065255731922398,0.8979238754325259,-0.0086016977597138,0.8184713375796179,0.8264331210191083,0.0079617834394903
C212,212,4,ZNF280D,0.9329327222222222,0.9432428888888889,0.0103101666666666,0.9306012418801952,0.9428789953945006,0.0122777535143052,0.696730698673132,0.7252367743415773,0.0285060756684453,0.8324946081955428,0.850124599501602,0.0176299913060592,0.8446666666666667,0.8596666666666667,0.015,0.9032761310452418,0.9121466768525592,0.0088705458073173,0.772,0.796,0.024
C214,214,2,LHX2,0.9590266111111112,0.9634511111111111,0.0044244999999998,0.9587889907651748,0.9612473729179172,0.0024583821527423,0.7879656313364747,0.8018851212425694,0.0139194899060947,0.8964960439205555,0.8959667647567942,-0.0005292791637613,0.8931666666666667,0.8998333333333334,0.0066666666666667,0.8694018164735359,0.93194094346417,0.0625391269906341,0.9253333333333332,0.8626666666666667,-0.0626666666666666
C214,214,2,LHX9,0.9352255555555556,0.9363741111111112,0.0011485555555557,0.9373539223994009,0.936426025939683,-0.0009278964597178,0.6978990398722213,0.7174490942888145,0.0195500544165931,0.8560431100846805,0.8403055656602401,-0.0157375444244404,0.8441666666666666,0.8536666666666667,0.0095,0.7954220314735336,0.9247397918334668,0.1293177603599331,0.9266666666666666,0.77,-0.1566666666666666
C215,215,2,ISL2,0.952856222222222,0.9512436666666666,-0.0016125555555555,0.9505128655523952,0.9489274070780698,-0.0015854584743255,0.7537709325638823,0.7709198409767953,0.017148908412913,0.8670316086879746,0.8873630864803008,0.0203314777923262,0.8745,0.8851666666666667,0.0106666666666666,0.9218926023282012,0.8707090150786012,-0.0511835872496,0.8183333333333334,0.9046666666666666,0.0863333333333332
C215,215,2,Isl1,0.9349077777777776,0.9342918333333332,-0.0006159444444444,0.9352236358116008,0.934889516497519,-0.0003341193140817,0.7347195683801202,0.7185008898799673,-0.0162186785001529,0.8681245858184228,0.8563179347826086,-0.0118066510358141,0.8673333333333333,0.859,-0.0083333333333333,0.8629776021080369,0.8729224376731302,0.0099448355650932,0.8733333333333333,0.8403333333333334,-0.0329999999999999
C216,216,2,HMGA1,0.9374101111111112,0.9377719999999998,0.0003618888888886,0.9234631990841358,0.9280212638535,0.0045580647693642,0.7325106565350085,0.7308630877916521,-0.0016475687433563,0.868455497382199,0.8689053923151436,0.0004498949329446,0.866,0.8646666666666667,-0.0013333333333332,0.852827763496144,0.8425172197871008,-0.0103105437090431,0.8846666666666667,0.897,0.0123333333333333
C216,216,2,HMGA2,0.8862711937716263,0.8809757785467129,-0.0052954152249133,0.7724762190580362,0.7702487326450788,-0.0022274864129574,0.5758077689817195,0.5786004028014885,0.002792633819769,0.6418554476806904,0.6885245901639344,0.046669142483244,0.8402309913378249,0.8354186717998076,-0.0048123195380173,0.8524355300859598,0.7269230769230769,-0.1255124531628829,0.5147058823529411,0.6539792387543253,0.1392733564013841
C217,217,2,ZHX2,0.9625633333333332,0.9623823888888888,-0.0001809444444443,0.9648718495720222,0.9649158777343558,4.402816233362028e-05,0.803468571375702,0.7960329703364857,-0.0074356010392163,0.8990794408455506,0.8993597110490889,0.0002802702035382,0.9013333333333332,0.8978333333333334,-0.0034999999999999,0.9200976971388696,0.8861209964412812,-0.0339767006975882,0.879,0.913,0.034
C217,217,2,Zhx1,0.964928963888329,0.9680711219471736,0.0031421580588445,0.9223874711992912,0.9238433008113822,0.001455829612091,0.7433009004515186,0.7811833549264323,0.0378824544749136,0.7846153846153846,0.840349483717236,0.0557340991018513,0.902946273830156,0.9129116117850952,0.0099653379549391,0.951048951048951,0.816358024691358,-0.134690926357593,0.6677577741407529,0.8657937806873978,0.1980360065466448
C219,219,3,RUNX1,0.9888045617173524,0.9887659511031603,-3.861061419196954e-05,0.9931859822591094,0.9938278409542683,0.0006418586951589,0.9395187050489634,0.9451040344325068,0.0055853293835433,0.9834586466165414,0.985223310642537,0.0017646640259956,0.9759592034968432,0.9783875667799904,0.0024283632831472,0.985929648241206,0.9814753556070128,-0.0044542926341931,0.981,0.989,0.008
C219,219,3,RUNX3,0.7419118333333332,0.7418812222222222,-3.061111111102299e-05,0.7444473309830475,0.7425846713691647,-0.0018626596138827,0.3440275997656606,0.3326399495667465,-0.0113876501989141,0.6740642596886386,0.6553147574819401,-0.0187495022066984,0.672,0.666,-0.006,0.6698485845951284,0.6769722814498934,0.0071236968547649,0.6783333333333333,0.635,-0.0433333333333333
C219,219,3,Runx2,0.9480621111111112,0.9482117777777777,0.0001496666666664,0.9451968248185048,0.948082110109836,0.0028852852913311,0.7627726146656034,0.7528274543222941,-0.0099451603433092,0.8803361344537816,0.8775981524249422,-0.0027379820288393,0.8813333333333333,0.8763333333333333,-0.005,0.8877966101694915,0.8687132593076421,-0.0190833508618494,0.873,0.8866666666666667,0.0136666666666667
C220,220,3,MXD1,0.9829288888888889,0.9857667777777778,0.0028378888888889,0.9791904144251814,0.9833465381200308,0.0041561236948494,0.8673957880785267,0.8847052013324312,0.0173094132539045,0.9340622929092114,0.942601194426012,0.0085389015168005,0.9336666666666666,0.9423333333333334,0.0086666666666667,0.928524374176548,0.9382430647291942,0.009718690552646,0.9396666666666668,0.947,0.0073333333333333
C220,220,3,MXD3,0.9845617768958732,0.9858699652749996,0.0013081883791264,0.9841180011074712,0.986193997258998,0.0020759961515267,0.8696277733521853,0.8901960273763738,0.0205682540241884,0.942008486562942,0.9502730669732682,0.0082645804103261,0.9354940213971052,0.945563247325362,0.0100692259282568,0.931729155008394,0.954939341421144,0.02321018641275,0.9525171624713958,0.9456521739130436,-0.0068649885583522
C220,220,3,MXD4,0.9741297777777777,0.978474222222222,0.0043444444444443,0.9692347177954612,0.9770989871275748,0.0078642693321137,0.8432609620522822,0.86236825995514,0.0191072979028578,0.9231018818948734,0.9314750290360048,0.0083731471411313,0.921,0.9311666666666668,0.0101666666666667,0.8991782553729456,0.9273207796498184,0.0281425242768728,0.9483333333333334,0.9356666666666666,-0.0126666666666667
C226,226,3,ATF1,0.9659127777777778,0.976754,0.0108412222222221,0.9618244639873004,0.9756959564451728,0.0138714924578724,0.7984153525454174,0.8434347294134938,0.0450193768680764,0.8984388114822898,0.9196185286103542,0.0211797171280644,0.8991666666666667,0.9213333333333332,0.0221666666666665,0.9049712546499832,0.9401114206128134,0.0351401659628303,0.892,0.9,0.008
C226,226,3,CREM,0.9779438888888888,0.9838449444444444,0.0059010555555555,0.9759525042016218,0.9825747620241742,0.0066222578225523,0.8607595249994179,0.8752199425986135,0.0144604175991955,0.9284984678243106,0.9357203751065644,0.0072219072822538,0.93,0.9371666666666668,0.0071666666666667,0.9488517745302714,0.9577661431064572,0.0089143685761858,0.909,0.9146666666666666,0.0056666666666665
C226,226,3,Creb1,0.9762961666666666,0.9824846666666668,0.0061885000000001,0.97527064233785,0.981361829535434,0.006091187197584,0.8304687687568777,0.8695741568034371,0.0391053880465593,0.9109766637856526,0.933288066542183,0.0223114027565304,0.9141666666666668,0.9345,0.0203333333333333,0.9461400359066428,0.950882047734348,0.0047420118277052,0.8783333333333333,0.9163333333333332,0.0379999999999999
C239,239,2,Usf1,0.988422,0.9906403333333332,0.0022183333333333,0.9878223127790602,0.9900811371340572,0.002258824354997,0.8960718877617208,0.9106179459191004,0.0145460581573796,0.9476685675947668,0.9557201646090536,0.0080515970142868,0.948,0.9551666666666668,0.0071666666666668,0.9537474679270764,0.9440650406504064,-0.0096824272766699,0.9416666666666668,0.9676666666666668,0.0260000000000001
C239,239,2,Usf2,0.9861343888888888,0.9890495555555556,0.0029151666666668,0.9862530837451304,0.989375175782228,0.0031220920370976,0.8917955404340618,0.8985442663985523,0.0067487259644904,0.9453689695747184,0.9497114591920858,0.0043424896173673,0.9458333333333332,0.9491666666666668,0.0033333333333335,0.9535435740929128,0.9396411092985318,-0.013902464794381,0.9373333333333334,0.96,0.0226666666666666
C240,240,3,MITF,0.9934835,0.9937803333333332,0.0002968333333333,0.994466696010976,0.9947981483201612,0.000331452309185,0.9360424591439,0.9399604502182144,0.0039179910743143,0.9673710904480136,0.969451476793249,0.0020803863452354,0.9678333333333332,0.9698333333333332,0.0019999999999998,0.98147512864494,0.981880341880342,0.0004052132354019,0.9536666666666668,0.9573333333333334,0.0036666666666667
C240,240,3,TFE3,0.9628748888888888,0.9633485555555552,0.0004736666666664,0.9600000914298495,0.9618814843059328,0.0018813928760832,0.7660675600292053,0.8008268480560189,0.0347592880268136,0.8703438395415473,0.9013201320132012,0.0309762924716539,0.8793333333333333,0.9003333333333333,0.021,0.9404024767801856,0.892483660130719,-0.0479188166494667,0.81,0.9103333333333332,0.1003333333333331
C240,240,3,TFEB,0.9615298963215452,0.9625565970742792,0.0010267007527339,0.9554169496349724,0.9556210230390758,0.0002040734041034,0.8132417357324595,0.8119579986930897,-0.0012837370393697,0.8964651746496549,0.89137590520079,-0.0050892694488648,0.90742472414438,0.90742472414438,0.0,0.8804437140509449,0.9190045248868778,0.0385608108359328,0.9130805283340434,0.8653600340860673,-0.047720494247976
C241,241,2,GABPB2,0.912592778065924,0.9061488383739024,-0.0064439396920215,0.7519577777548115,0.7443118656254868,-0.0076459121293247,0.6658596715942355,0.6720327418468667,0.0061730702526311,0.6928104575163399,0.7037037037037037,0.0108932461873638,0.9427527405602923,0.9415347137637028,-0.0012180267965895,0.7718446601941747,0.7339055793991416,-0.0379390807950331,0.6284584980237155,0.6758893280632411,0.0474308300395256
C241,241,2,Gabpb1,0.9903050065876152,0.9903675065876152,6.249999999985434e-05,0.9918579013897942,0.9919615595632378,0.0001036581734435,0.9154812050143954,0.915168461688276,-0.0003127433261194,0.9661466976435448,0.9662995232615486,0.0001528256180038,0.9593949044585988,0.9591958598726116,-0.0001990445859871,0.9619960343688037,0.953292247810574,-0.0087037865582296,0.9703333333333334,0.9796666666666668,0.0093333333333334
C242,242,2,NFKB1,0.9711591111111112,0.9731153333333334,0.0019562222222222,0.9720832312798096,0.9740476011325148,0.0019643698527052,0.7307264521432015,0.8255331365314869,0.0948066843882853,0.8294558738704095,0.9116953151331312,0.0822394412627216,0.8521666666666666,0.9126666666666666,0.0605,0.980009086778737,0.921949556918882,-0.0580595298598549,0.719,0.9016666666666666,0.1826666666666666
C242,242,2,NFKB2,0.9858518077075884,0.9853311481922924,-0.000520659515296,0.9852036355986592,0.9851050507228956,-9.858487576375195e-05,0.8899734370962045,0.8896333406912078,-0.0003400964049966,0.9506434272682848,0.9498005319148936,-0.0008428953533912,0.945078847199565,0.9452601051295996,0.0001812579300345,0.929595412551768,0.9472811671087532,0.0176857545569851,0.9726666666666668,0.9523333333333334,-0.0203333333333333
C243,243,2,REL,0.9612224284928494,0.9604024339933992,-0.0008199944994502,0.9476983690841182,0.9526075997405542,0.004909230656436,0.8051586711201966,0.8016888157296389,-0.0034698553905576,0.8898269311945969,0.8922707248698438,0.0024437936752469,0.9037610619469026,0.900811209439528,-0.0029498525073746,0.9109766637856526,0.8669260700389105,-0.044050593746742,0.8696369636963697,0.9191419141914192,0.0495049504950495
C243,243,2,Rela,0.9497072222222224,0.947477777777778,-0.0022294444444442,0.9529177373070846,0.9514331048007454,-0.0014846325063392,0.7671222814721537,0.7511181408954751,-0.0160041405766785,0.8779643413536438,0.8774574049803407,-0.000506936373303,0.8825,0.8753333333333333,-0.0071666666666666,0.9132157003961108,0.8627577319587629,-0.0504579684373479,0.8453333333333334,0.8926666666666667,0.0473333333333333
C245,245,2,DBP,0.9682977893368012,0.9770852477965613,0.0087874584597601,0.9595845439713292,0.9702706207802912,0.010686076808962,0.8005192980158214,0.838565601578918,0.0380463035630965,0.8833557649170032,0.9086965950986772,0.0253408301816739,0.902016205012248,0.9206708121349162,0.0186546071226682,0.9153881915388192,0.9092881944444444,-0.0060999970943746,0.8534893801473775,0.9081057650628522,0.0546163849154747
C245,245,2,TEF,0.972925777777778,0.9774205555555556,0.0044947777777777,0.9704544550433568,0.9760361124636632,0.0055816574203062,0.8220587091467308,0.8480047111503708,0.0259460020036399,0.908750425604358,0.923873121869783,0.0151226962654248,0.9106666666666666,0.924,0.0133333333333334,0.9286708420320112,0.9254180602006687,-0.0032527818313423,0.8896666666666667,0.9223333333333332,0.0326666666666665
C247,247,2,MYB,0.9487308888888888,0.9486831666666669,-4.772222222193534e-05,0.9510271944249146,0.9500487655808736,-0.0009784288440409,0.7585403694725166,0.7638186650252714,0.0052782955527548,0.867722983799181,0.8847583643122676,0.0170353805130866,0.8761666666666666,0.8811666666666667,0.005,0.931218952999618,0.8588013806087229,-0.0724175723908949,0.8123333333333334,0.9123333333333332,0.0999999999999998
C247,247,2,Mybl2,0.9332806666666668,0.9359255,0.0026448333333332,0.9268802713950935,0.9336917571209468,0.0068114857258531,0.7204457716724777,0.7228311696339577,0.0023853979614799,0.858920464099546,0.8598382749326146,0.0009178108330685,0.8601666666666666,0.8613333333333333,0.0011666666666666,0.8666440447913132,0.8692098092643051,0.0025657644729919,0.8513333333333334,0.8506666666666667,-0.0006666666666667
C254,254,2,HMG20A,0.946093722222222,0.9550876666666668,0.0089939444444446,0.9465248032207366,0.9559780846272364,0.0094532814064998,0.7521754285054978,0.7787963998355204,0.0266209713300226,0.8700623700623701,0.8830490776192134,0.0129867075568432,0.875,0.888,0.013,0.905844155844156,0.923889293517844,0.018045137673688,0.837,0.8456666666666667,0.0086666666666667
C254,254,2,Hmg20b,0.9549715555555556,0.9640756666666668,0.0091041111111113,0.9496488736467568,0.9602304356106294,0.0105815619638726,0.7770081125422834,0.8033635046626252,0.0263553921203417,0.8904489795918368,0.9012387010378304,0.0107897214459936,0.8881666666666667,0.9016666666666666,0.0134999999999999,0.87264,0.9051782111634162,0.0325382111634162,0.909,0.8973333333333333,-0.0116666666666667
C255,255,5,POU2F2,0.9656425555555556,0.9713832222222224,0.0057406666666668,0.962659353804022,0.9700884510673206,0.0074290972632986,0.8023708227570339,0.8269182718586965,0.0245474491016626,0.9006866521520683,0.914389199868291,0.0137025477162227,0.9011666666666668,0.9133333333333332,0.0121666666666665,0.9050824638168968,0.9033832140533506,-0.001699249763546,0.8963333333333333,0.9256666666666666,0.0293333333333333
C255,255,5,POU2F3,0.9718816666666666,0.974333,0.0024513333333333,0.9755620738920988,0.9765079041909144,0.0009458302988154,0.8560267016079612,0.8438405401712044,-0.0121861614367568,0.9267715203788264,0.9230013106159896,-0.0037702097628367,0.9278333333333332,0.9216666666666666,-0.0061666666666666,0.9406110538963268,0.9075386597938144,-0.0330723941025123,0.9133333333333332,0.939,0.0256666666666666
C255,255,5,POU3F2,0.9627439620691414,0.9651271545830802,0.0023831925139388,0.912094037926888,0.922805777399324,0.0107117394724358,0.7874949014081627,0.7782316179447433,-0.0092632834634194,0.8453378001116695,0.8413865546218487,-0.0039512454898207,0.9155745199634258,0.90795489180128,-0.0076196281621457,0.8592508513053349,0.8058350100603622,-0.0534158412449726,0.8318681318681319,0.8802197802197802,0.0483516483516482
C255,255,5,Pou2f1,0.9277278888888888,0.9405825555555556,0.0128546666666666,0.9327555962579116,0.9449653060657504,0.0122097098078386,0.7001330540755101,0.7377168741068826,0.0375838200313725,0.8428720083246618,0.8695940347970174,0.0267220264723555,0.849,0.8688333333333333,0.0198333333333333,0.8785249457700651,0.8645799011532125,-0.0139450446168526,0.81,0.8746666666666667,0.0646666666666666
C255,255,5,Pou5f1,0.9912159552845528,0.992101033197832,0.0008850779132791,0.9916848388017954,0.9934328265939818,0.0017479877921864,0.9335243902439024,0.9315122706417782,-0.0020121196021242,0.9736666666666668,0.9732128184059162,-0.0004538482607504,0.968196457326892,0.9671900161030595,-0.0010064412238325,0.9736666666666668,0.959805510534846,-0.0138611561318207,0.9736666666666668,0.987,0.0133333333333333
C257,257,2,TSHZ1,0.9224239444444444,0.9283365555555556,0.0059126111111111,0.9242055372673048,0.9263964585126891,0.0021909212453843,0.6897934549920006,0.7108948215281188,0.0211013665361181,0.8310762651461154,0.8534773801485482,0.0224011150024328,0.842,0.8553333333333333,0.0133333333333333,0.892802450229709,0.8645690834473324,-0.0282333667823766,0.7773333333333333,0.8426666666666667,0.0653333333333333
C257,257,2,TSHZ2,0.9292365555555556,0.9337378333333332,0.0045012777777775,0.9245677688685215,0.9314919047754782,0.0069241359069565,0.6989632453288304,0.7263401528923386,0.0273769075635081,0.8362989323843416,0.8628695506931685,0.0265706183088269,0.8466666666666667,0.8631666666666666,0.0164999999999999,0.8969465648854962,0.8647472380314697,-0.0321993268540264,0.7833333333333333,0.861,0.0776666666666666
C259,259,2,Tcf15,0.8999373234403569,0.9270201354084234,0.0270828119680665,0.7369808104675273,0.7753916600068134,0.038410849539286,0.7059861877850546,0.6724378454286057,-0.0335483423564488,0.7328605200945626,0.698019801980198,-0.0348407181143646,0.9489150090415912,0.9448462929475588,-0.0040687160940324,0.775,0.7790055248618785,0.0040055248618784,0.695067264573991,0.6322869955156951,-0.0627802690582959
C259,259,2,Tcf21,0.9867276111111112,0.9870548888888888,0.0003272777777777,0.9838245490905638,0.9827829719415044,-0.0010415771490593,0.892134801415764,0.9025018595247888,0.0103670581090248,0.9468102201510524,0.9518872509314756,0.005077030780423,0.9448333333333332,0.9505,0.0056666666666667,0.914055228048402,0.925937598487236,0.0118823704388338,0.982,0.9793333333333332,-0.0026666666666668
C261,261,2,Neurog1,0.9612366666666669,0.9649892777777778,0.003752611111111,0.956842209683532,0.9597960573071286,0.0029538476235966,0.7906118188943432,0.800693254894552,0.0100814360002088,0.8928935736144169,0.9026634382566586,0.0097698646422417,0.895,0.8995,0.0044999999999999,0.91117279666898,0.8751173708920188,-0.036055425776961,0.8753333333333333,0.932,0.0566666666666667
C261,261,2,Neurog2,0.9781922222222222,0.9785266666666668,0.0003344444444445,0.9773782756368956,0.9773698457545804,-8.429882315086346e-06,0.8534928565729266,0.8528784485927233,-0.0006144079802032,0.9273687685704852,0.927891595418616,0.0005228268481306,0.9266666666666666,0.9255,-0.0011666666666666,0.918574231523872,0.899030947170991,-0.0195432843528808,0.9363333333333334,0.9586666666666668,0.0223333333333334
C264,264,2,TFDP1,0.964314,0.9654157777777778,0.0011017777777778,0.965425053373997,0.9677233547727646,0.0022983013987676,0.8062858800247908,0.8102600451751073,0.0039741651503164,0.89484827099506,0.9061882817643186,0.0113400107692586,0.9006666666666666,0.905,0.0043333333333334,0.9505247376311844,0.8949934980494149,-0.0555312395817695,0.8453333333333334,0.9176666666666666,0.0723333333333332
C264,264,2,TFDP2,0.9810357777777776,0.9817886666666668,0.0007528888888891,0.9793887747156388,0.9813496759731888,0.0019609012575498,0.8512706023773388,0.8711801109068705,0.0199095085295317,0.9208833246391932,0.9361491503052302,0.0152658256660369,0.9241666666666668,0.9355,0.0113333333333333,0.9625590694292984,0.9268213002286836,-0.0357377692006148,0.8826666666666667,0.9456666666666668,0.063
C267,267,2,MYC,0.8114258333333333,0.809008,-0.0024178333333333,0.817968920643701,0.8179544289913379,-1.449165236311334e-05,0.4702116428696563,0.4437552020048655,-0.0264564408647907,0.7309644670050761,0.730756843800322,-0.000207623204754,0.735,0.7213333333333334,-0.0136666666666666,0.7422680412371134,0.7068535825545171,-0.0354144586825962,0.72,0.7563333333333333,0.0363333333333333
C267,267,2,MYCN,0.9743894444444444,0.9736672777777776,-0.0007221666666668,0.9722914842923114,0.9722474703364292,-4.4013955882160616e-05,0.8367337940036901,0.838419462067526,0.0016856680638359,0.918847300430606,0.9197418500744664,0.0008945496438602,0.9183333333333332,0.9191666666666668,0.0008333333333334,0.913100724160632,0.9132435096943804,0.0001427855337483,0.9246666666666666,0.9263333333333332,0.0016666666666665
C27,27,2,ZNF362,0.9305493333333332,0.931253,0.0007036666666666,0.9250495642671078,0.92690796861145,0.0018584043443421,0.6958712460517694,0.6999021973352061,0.0040309512834366,0.8290644868301544,0.8326102675343456,0.0035457807041912,0.8431666666666666,0.8456666666666667,0.0025,0.9109780439121756,0.90955766192733,-0.0014203819848456,0.7606666666666667,0.7676666666666667,0.007
C27,27,2,ZNF384,0.9929314444444446,0.9928455555555556,-8.588888888894086e-05,0.9935467562369954,0.9936115052854704,6.474904847497687e-05,0.9245137615075872,0.914110925305714,-0.0104028362018732,0.96135593220339,0.954756580079133,-0.0065993521242568,0.962,0.9561666666666668,-0.0058333333333331,0.9779310344827586,0.9864912904372556,0.0085602559544969,0.9453333333333334,0.925,-0.0203333333333333
C272,272,2,MBD2,0.984642111111111,0.9845058888888888,-0.0001362222222222,0.985406279407708,0.9851553772642252,-0.0002509021434827,0.8883393049676215,0.8883444377082075,5.132740586000217e-06,0.9442688404591584,0.9443059019118868,3.706145272852624e-05,0.9441666666666668,0.9441666666666668,1.1102230246251563e-16,0.9425440053138492,0.9419568822553898,-0.0005871230584594,0.946,0.9466666666666668,0.0006666666666668
C272,272,2,MBD3,0.9556121666666666,0.9584259444444444,0.0028137777777778,0.9548124326110436,0.9575735456393696,0.0027611130283259,0.794256954908439,0.7975893119583772,0.0033323570499382,0.8919293384135781,0.8999341672152732,0.008004828801695,0.896,0.8986666666666666,0.0026666666666665,0.9282624369142032,0.888816644993498,-0.0394457919207053,0.8583333333333333,0.9113333333333332,0.0529999999999999
C276,276,2,ARID4A,0.9729025555555556,0.9759825,0.0030799444444444,0.9696775549627348,0.9719610582733024,0.0022835033105674,0.8091082083841716,0.8374154040645946,0.0283071956804229,0.900876138120598,0.9192320423700762,0.0183559042494783,0.9038333333333334,0.9186666666666666,0.0148333333333332,0.9294576391350584,0.9128862590401052,-0.0165713800949532,0.874,0.9256666666666666,0.0516666666666666
C276,276,2,ARID4B,0.9668463333333333,0.9722033888888888,0.0053570555555555,0.9642958799531086,0.9710370473476496,0.006741167394541,0.7934697615399191,0.8265997357882635,0.0331299742483444,0.8916955017301038,0.9150178397664612,0.0233223380363574,0.8956666666666667,0.9126666666666666,0.0169999999999999,0.926978417266187,0.8910296904611498,-0.0359487268050372,0.859,0.9403333333333334,0.0813333333333333
C277,277,2,PIAS1,0.9507494444444444,0.9528815555555556,0.0021321111111112,0.9537722156574407,0.956159395917178,0.0023871802597371,0.7573352316836803,0.7756936009398718,0.0183583692561914,0.8699929725931131,0.8873640167364016,0.0173710441432884,0.8766666666666667,0.8878333333333334,0.0111666666666666,0.9197622585438336,0.8910924369747899,-0.0286698215690436,0.8253333333333334,0.8836666666666667,0.0583333333333333
C277,277,2,PIAS4,0.9419000558892152,0.9381031377802224,-0.0037969181089928,0.8343726894471747,0.8102921019635795,-0.0240805874835952,0.668219761953937,0.6243542455850876,-0.0438655163688493,0.718796992481203,0.6836581709145427,-0.0351388215666602,0.9001068376068376,0.8872863247863247,-0.0128205128205128,0.8298611111111112,0.7862068965517242,-0.043654214559387,0.6339522546419099,0.6047745358090185,-0.0291777188328913
C278,278,2,HMGB1,0.9849779447702834,0.9826371578690128,-0.0023407869012705,0.9873277006775862,0.9852239220320376,-0.0021037786455486,0.8897603904461359,0.8769487710045604,-0.0128116194415754,0.9475262368815592,0.9409989943010392,-0.00652724258052,0.9450069832402236,0.9385474860335196,-0.0064594972067039,0.9470529470529472,0.9463924477410656,-0.0006604993118815,0.948,0.9356666666666666,-0.0123333333333333
C278,278,2,HMGB2,0.8959451111111112,0.8952808888888888,-0.0006642222222223,0.90340173768764,0.9017598294138702,-0.0016419082737698,0.5947094872913495,0.6058285619053887,0.0111190746140391,0.7961099932930918,0.8102678571428571,0.0141578638497652,0.7973333333333333,0.8016666666666666,0.0043333333333333,0.800944669365722,0.7765892420537898,-0.0243554273119321,0.7913333333333333,0.847,0.0556666666666666
C28,28,2,ZNF366,0.9429094444444444,0.9406156666666666,-0.0022937777777777,0.9533345798482318,0.9516327690042976,-0.0017018108439341,0.7523878157584916,0.7612756263983902,0.0088878106398986,0.8677656962469309,0.8731212862635442,0.0053555900166133,0.8743333333333333,0.879,0.0046666666666667,0.9156180606957808,0.917707567964732,0.002089507268951,0.8246666666666667,0.8326666666666667,0.008
C28,28,2,ZNF710,0.9505961111111112,0.9513621666666668,0.0007660555555556,0.941066112332432,0.9457045652363688,0.0046384529039368,0.759341601764681,0.759022307150045,-0.0003192946146359,0.8799467908214167,0.8790363058390497,-0.000910484982367,0.8796666666666667,0.8795,-0.0001666666666667,0.8779031187790312,0.8824319785018475,0.0045288597228163,0.882,0.8756666666666667,-0.0063333333333333
C282,282,6,MAF,0.9713623333333332,0.9744456666666668,0.0030833333333335,0.9688688591508968,0.9749655969270676,0.0060967377761709,0.8315225724479199,0.8455379802769072,0.0140154078289872,0.9147574123989218,0.921092821992194,0.0063354095932721,0.9156666666666666,0.9225,0.0068333333333333,0.9247275204359672,0.938126512270999,0.0133989918350316,0.905,0.9046666666666666,-0.0003333333333334
C282,282,6,MAFB,0.9632332205301748,0.9709383441683735,0.0077051236381986,0.93207689457605,0.9380194334260724,0.0059425388500222,0.8027234144282661,0.8241554750984926,0.0214320606702265,0.8548916611950098,0.8715953307392996,0.0167036695442898,0.9221830985915492,0.930281690140845,0.0080985915492957,0.8857142857142857,0.8912466843501327,0.0055323986358469,0.8261421319796954,0.8527918781725888,0.0266497461928933
C282,282,6,MAFK,0.950854872999888,0.9614155756965423,0.0105607026966543,0.9507813239684756,0.9627999158229288,0.0120185918544531,0.7493841568236131,0.7851806388101755,0.0357964819865623,0.8773983739837399,0.8889653985195386,0.0115670245357987,0.8738919551764509,0.8921224284997491,0.0182304733232981,0.8508356985178177,0.9123674911660776,0.0615317926482599,0.9056730446458544,0.8667338032896945,-0.0389392413561597
C282,282,6,Maff,0.9677179444444444,0.9721744444444445,0.0044564999999999,0.9710784525256692,0.973399370988962,0.0023209184632928,0.8117743058869521,0.8315726504126664,0.0197983445257142,0.90751916489969,0.9133105802047782,0.005791415305088,0.9055,0.9153333333333332,0.0098333333333332,0.8885340146917917,0.9356643356643356,0.0471303209725438,0.9273333333333332,0.892,-0.0353333333333333
C282,282,6,Mafg,0.9645053333333332,0.9718982222222222,0.0073928888888888,0.960572690281247,0.9690385798406056,0.0084658895593585,0.7880226812381106,0.8253053333099599,0.0372826520718493,0.885839929639402,0.9105746344780686,0.0247347048386666,0.8918333333333334,0.9123333333333332,0.0204999999999998,0.93780260707635,0.9292158223455932,-0.0085867847307569,0.8393333333333334,0.8926666666666667,0.0533333333333333
C282,282,6,NRL,0.9806918333333332,0.9823705555555554,0.001678722222222,0.9779612820445402,0.979140220485836,0.0011789384412957,0.8640481007462025,0.8690012069469588,0.0049531062007562,0.9330284220842862,0.9344453711426188,0.0014169490583326,0.9316666666666666,0.9345,0.0028333333333333,0.9147982062780268,0.9352253756260434,0.0204271693480164,0.952,0.9336666666666666,-0.0183333333333333
C283,283,2,LCOR,0.9462151666666666,0.9591928888888888,0.0129777222222221,0.9408108233924516,0.9567574700696408,0.0159466466771892,0.7094162701521813,0.7797470780867162,0.0703308079345348,0.8358806404657934,0.8927480302299405,0.0568673897641471,0.8496666666666667,0.8888333333333334,0.0391666666666666,0.920272435897436,0.8623796210003106,-0.0578928148971252,0.7656666666666667,0.9253333333333332,0.1596666666666665
C283,283,2,LCORL,0.9475090555555556,0.9595311666666668,0.0120221111111112,0.9400966583522096,0.9526988858256444,0.0126022274734349,0.7587212965667666,0.7932190690987028,0.0344977725319362,0.8786049631120053,0.8995215311004785,0.0209165679884731,0.8793333333333333,0.895,0.0156666666666667,0.8839406207827261,0.8623853211009175,-0.0215552996818085,0.8733333333333333,0.94,0.0666666666666666
C284,284,5,E2F1,0.9545632222222225,0.9591096666666664,0.004546444444444,0.9526176491588976,0.9618321071550184,0.0092144579961207,0.7843605685481385,0.7924142016040873,0.0080536330559487,0.8917154811715481,0.890738813735692,-0.0009766674358561,0.8921666666666667,0.895,0.0028333333333333,0.8954621848739496,0.928416485900217,0.0329543010262673,0.888,0.856,-0.032
C284,284,5,E2F2,0.979126611111111,0.9821215,0.0029948888888889,0.9780146011517866,0.981800855039066,0.0037862538872793,0.8482267283280172,0.8652704392750148,0.0170437109469976,0.9224240366661008,0.9316455696202532,0.0092215329541524,0.9238333333333332,0.9325,0.0086666666666667,0.9398132134209616,0.9435897435897436,0.0037765301687819,0.9056666666666666,0.92,0.0143333333333334
C284,284,5,E2F3,0.9642392835731416,0.9669322541966426,0.002692970623501,0.9568556380405252,0.9599402625563986,0.0030846245158735,0.7931382022936423,0.8072315703015941,0.0140933680079518,0.8750885478158206,0.8851540616246498,0.0100655138088292,0.8987366003062787,0.9058192955589588,0.0070826952526801,0.9214321233217304,0.920388349514563,-0.0010437738071674,0.83318345323741,0.8525179856115108,0.0193345323741007
C284,284,5,E2F4,0.982764388888889,0.9851673333333332,0.0024029444444442,0.9808869175151484,0.9830386899313102,0.0021517724161618,0.8743333819074114,0.8847052013324312,0.0103718194250198,0.9371771371438092,0.9420629604822504,0.004885823338441,0.9371666666666668,0.9423333333333334,0.0051666666666666,0.9370209930023324,0.94650067294751,0.0094796799451774,0.9373333333333334,0.9376666666666666,0.0003333333333332
C284,284,5,E2F5,0.9823302222222224,0.9845668888888888,0.0022366666666664,0.982178970200794,0.9821974793278576,1.8509127063581765e-05,0.8479162419497493,0.8666138377167713,0.0186975957670219,0.9180672268907564,0.9303764827230532,0.0123092558322969,0.922,0.9325,0.0104999999999999,0.9668141592920354,0.9605963791267306,-0.0062177801653048,0.874,0.902,0.028
C286,286,2,HES1,0.9581031029012396,0.9540219744024092,-0.0040811284988302,0.8610651283428933,0.8430872129687824,-0.0179779153741108,0.7436986687134016,0.7071053052870174,-0.0365933634263841,0.7915465898174832,0.759167492566898,-0.0323790972505851,0.921998562185478,0.9126527677929548,-0.0093457943925232,0.8031189083820662,0.7962577962577962,-0.0068611121242699,0.7803030303030303,0.7253787878787878,-0.0549242424242424
C286,286,2,HES4,0.9829900280112044,0.982816806722689,-0.0001732212885154,0.980716644555116,0.9803101877242972,-0.0004064568308188,0.8677811051290166,0.8677823833997439,1.2782707272673832e-06,0.9341337335334334,0.9342652687635212,0.0001315352300877,0.9338912133891212,0.9338912133891212,-1.1102230246251563e-16,0.9346012679346012,0.9328680624792288,-0.0017332054553724,0.9336666666666666,0.9356666666666666,0.002
C29,29,3,Maz,0.9774852222222222,0.977659777777778,0.0001745555555557,0.9762179971151947,0.9771311428600732,0.0009131457448784,0.8291720047981891,0.8229307783918374,-0.0062412264063517,0.9165192214894644,0.912442396313364,-0.0040768251761004,0.9135,0.9113333333333332,-0.0021666666666667,0.8856077090456947,0.9011703511053316,0.0155626420596368,0.9496666666666668,0.924,-0.0256666666666666
C29,29,3,PATZ1,0.9695304444444444,0.9709647777777778,0.0014343333333334,0.9623597820552232,0.965614816513732,0.0032550344585087,0.8179879856876534,0.8298614764623364,0.011873490774683,0.9068027210884354,0.9139005897219882,0.0070978686335527,0.9086666666666666,0.9148333333333334,0.0061666666666667,0.9256944444444444,0.9240204429301532,-0.0016740015142913,0.8886666666666667,0.904,0.0153333333333333
C29,29,3,VEZF1,0.9726363333333334,0.972356,-0.0002803333333334,0.9695726322089356,0.9707979084039352,0.0012252761949994,0.8020050237261914,0.822747299853272,0.0207422761270805,0.8963372494816862,0.9119496855345912,0.0156124360529049,0.9,0.9113333333333332,0.0113333333333331,0.930416068866571,0.9056541748849442,-0.0247618939816268,0.8646666666666667,0.9183333333333332,0.0536666666666665
C291,291,2,HEY1,0.9716195555555556,0.9706983333333332,-0.0009212222222222,0.9707699951347328,0.9695527879852488,-0.0012172071494839,0.8130434086430064,0.8193990699844902,0.0063556613414837,0.906980600232134,0.9090909090909092,0.0021103088587751,0.9065,0.9096666666666666,0.0031666666666666,0.902342461233916,0.9149223497636731,0.012579888529757,0.9116666666666666,0.9033333333333332,-0.0083333333333334
C291,291,2,HEY2,0.9312724014336916,0.9068996415770608,-0.0243727598566309,0.7740550524362233,0.6834893017973601,-0.0905657506388631,0.6730874721299724,0.5170849452650775,-0.1560025268648949,0.7176470588235294,0.567741935483871,-0.1499051233396584,0.9162303664921466,0.8830715532286213,-0.0331588132635253,0.7922077922077922,0.7096774193548387,-0.0825303728529535,0.6559139784946236,0.4731182795698925,-0.1827956989247311
C292,292,2,Bhlhe40,0.9625945555555556,0.9617584444444444,-0.0008361111111111,0.9632307008771488,0.9621169229734328,-0.001113777903716,0.8130054652217744,0.8103174316220956,-0.0026880335996788,0.9063282684922358,0.9016984045290788,-0.004629863963157,0.9065,0.9045,-0.002,0.9079959852793577,0.928950159066808,0.0209541737874503,0.9046666666666666,0.876,-0.0286666666666666
C292,292,2,Bhlhe41,0.9211925925925926,0.9120074074074076,-0.0091851851851849,0.7838609302935633,0.7609193534714772,-0.022941576822086,0.6744802346594742,0.6919206327622955,0.0174403981028213,0.7065420560747664,0.7139240506329114,0.007381994558145,0.9224691358024693,0.9441975308641976,0.0217283950617284,0.6096774193548387,0.8294117647058824,0.2197343453510437,0.84,0.6266666666666667,-0.2133333333333332
C300,300,3,MEF2B,0.919822,0.9300622777777776,0.0102402777777774,0.9250618573644548,0.934378762800718,0.009316905436263,0.7004688093191109,0.718333373240744,0.017864563921633,0.848678673623969,0.8591901349775037,0.0105114613535347,0.8501666666666666,0.8591666666666666,0.009,0.8571914314858892,0.8590469843385539,0.0018555528526646,0.8403333333333334,0.8593333333333333,0.0189999999999999
C300,300,3,MEF2D,0.9556826666666668,0.9569038333333332,0.0012211666666664,0.9530312749185846,0.9552057332823524,0.0021744583637677,0.7728239674108575,0.7813152793817203,0.0084913119708628,0.8894601542416453,0.8931000971817298,0.0036399429400845,0.8853333333333333,0.89,0.0046666666666667,0.858560794044665,0.8686200378071833,0.0100592437625183,0.9226666666666666,0.919,-0.0036666666666665
C300,300,3,Mef2a,0.9493504444444444,0.9582948333333332,0.0089443888888887,0.9489868494597756,0.9575589464323242,0.0085720969725484,0.7612982983645192,0.7916437185184173,0.030345420153898,0.8831084376524142,0.8971071663379355,0.0139987286855213,0.8801666666666667,0.8956666666666667,0.0155,0.8619485877499207,0.8848897535667963,0.0229411658168756,0.9053333333333332,0.9096666666666666,0.0043333333333333
C305,305,2,SATB1,0.9948057777777778,0.9945987777777776,-0.0002070000000001,0.9958975724161536,0.995794076739285,-0.0001034956768685,0.94666856000568,0.9430503497544342,-0.0036182102512458,0.9733599733599734,0.9716464931188856,-0.0017134802410877,0.9733333333333334,0.9715,-0.0018333333333333,0.9723885562208916,0.9666776641372484,-0.0057108920836431,0.9743333333333334,0.9766666666666668,0.0023333333333334
C305,305,2,Satb2,0.9607265555555556,0.9615844444444444,0.0008578888888887,0.9574368382474692,0.9598383757505128,0.0024015375030437,0.7708410501601637,0.7993447018721591,0.0285036517119954,0.8739975049010872,0.8999335106382979,0.0259360057372106,0.8821666666666667,0.8996666666666666,0.0174999999999999,0.9391037916507086,0.8975464190981433,-0.0415573725525653,0.8173333333333334,0.9023333333333332,0.0849999999999998
C31,31,3,OVOL1,0.9306772222222222,0.9329496666666666,0.0022724444444444,0.931770678547182,0.9330565974696032,0.0012859189224213,0.7157632607148776,0.7177703919830037,0.0020071312681261,0.8532739115529654,0.8600231366716246,0.0067492251186591,0.8573333333333333,0.8588333333333333,0.0015,0.8782639378969654,0.8528351360209767,-0.0254288018759887,0.8296666666666667,0.8673333333333333,0.0376666666666666
C31,31,3,OVOL2,0.936318540433925,0.9351249178172256,-0.0011936226166994,0.81735388160185,0.8353268959413216,0.0179730143394716,0.7318668553708324,0.7711551380857948,0.0392882827149624,0.7639484978540773,0.8032290615539859,0.0392805636999086,0.9372683205018536,0.9443969204448246,0.0071285999429711,0.8376470588235294,0.8223140495867769,-0.0153330092367525,0.7021696252465484,0.7850098619329389,0.0828402366863905
C31,31,3,OVOL3,0.900961172629188,0.9089663543441228,0.0080051817149348,0.8851575261056859,0.8937129774323135,0.0085554513266276,0.6449821717377134,0.660723484770076,0.0157413130323625,0.7907498877413561,0.8003585032489356,0.0096086155075795,0.8257292445774121,0.8333956619296934,0.0076664173522812,0.8361823361823362,0.8444444444444444,0.0082621082621082,0.75,0.7606473594548552,0.0106473594548551
C323,323,2,Ncor1,0.9075516111111112,0.9042056111111112,-0.0033459999999999,0.9126014578788022,0.9069413249284404,-0.0056601329503618,0.6603316341633081,0.6641913146518978,0.0038596804885897,0.8076148636280432,0.8299595141700404,0.0223446505419971,0.8248333333333333,0.832,0.0071666666666666,0.8956557044254974,0.8401639344262295,-0.0554917699992678,0.7353333333333333,0.82,0.0846666666666666
C323,323,2,Ncor2,0.9407451111111113,0.9415634444444444,0.0008183333333332,0.9423225048975744,0.9428925442985592,0.0005700394009846,0.7140408153886466,0.7336576928483545,0.0196168774597078,0.8389322680225167,0.8692671780643055,0.0303349100417887,0.8521666666666666,0.8665,0.0143333333333334,0.9214200239329876,0.8516149664214903,-0.0698050575114973,0.77,0.8876666666666667,0.1176666666666667
C325,325,2,SMARCC1,0.9319723333333332,0.9358914444444444,0.003919111111111,0.9398116194891896,0.9441550149697868,0.0043433954805973,0.7263449952993783,0.7453809570987356,0.0190359617993572,0.8627778706334615,0.8686868686868687,0.0059089980534072,0.8631666666666666,0.8721666666666666,0.009,0.8652363392557828,0.8929954241464273,0.0277590848906444,0.8603333333333333,0.8456666666666667,-0.0146666666666666
C325,325,2,Smarcc2,0.9379248297901902,0.9346397804640822,-0.0032850493261079,0.9177872200408196,0.916390971599455,-0.0013962484413644,0.7123683487482929,0.7043355523252691,-0.0080327964230237,0.8393456375838926,0.8408597909682508,0.0015141533843582,0.8581218744211891,0.850527875532506,-0.0075939988886831,0.8446601941747572,0.7979041916167665,-0.0467560025579907,0.8340975406419341,0.8887036265110463,0.0546060858691122
C326,326,2,ARID1B,0.923827,0.9203411111111112,-0.0034858888888888,0.9308958318143856,0.9267950332324552,-0.0041007985819305,0.7016304477063442,0.7081513277587411,0.0065208800523969,0.8339350180505415,0.8492022645393721,0.0152672464888306,0.8466666666666667,0.8535,0.0068333333333333,0.9094488188976378,0.8748674443266172,-0.0345813745710206,0.77,0.825,0.0549999999999999
C326,326,2,Arid1a,0.9325931111111112,0.933848,0.0012548888888889,0.9413987479097226,0.9422734120895384,0.0008746641798158,0.7292770602161168,0.7283595433136598,-0.000917516902457,0.8509038840164668,0.8545294635004398,0.003625579483973,0.8611666666666666,0.8621666666666666,0.001,0.9188248936992656,0.9046554934823092,-0.0141694002169563,0.7923333333333333,0.8096666666666666,0.0173333333333333
C327,327,2,ZFHX2,0.980953,0.9829421111111112,0.0019891111111111,0.9800400980781188,0.9820674162571644,0.0020273181790455,0.8712304709433789,0.8760498389196281,0.0048193679762491,0.9362333168561542,0.9376675603217158,0.0014342434655616,0.9355,0.938,0.0024999999999999,0.9257086999022482,0.942722371967655,0.0170136720654067,0.947,0.9326666666666666,-0.0143333333333333
C327,327,2,ZFHX4,0.8790141330575664,0.8749896587383661,-0.0040244743192002,0.7650417860373907,0.7680226005570833,0.0029808145196925,0.595536347442947,0.5806917162191229,-0.0148446312238241,0.6729522687094873,0.6696883852691218,-0.0032638834403655,0.8600957902697253,0.8530375598689186,-0.0070582304008066,0.7821917808219178,0.7406015037593985,-0.0415902770625192,0.5904860392967942,0.6111685625646329,0.0206825232678387
C330,330,4,NFATC3,0.9517594444444444,0.9523909444444444,0.0006314999999998,0.9420451005740266,0.9434371919168254,0.0013920913427988,0.7602570103115709,0.7677305990187091,0.0074735887071382,0.8815399802566634,0.8877679697351829,0.0062279894785195,0.88,0.8813333333333333,0.0013333333333332,0.8703703703703703,0.8421052631578947,-0.0282651072124756,0.893,0.9386666666666666,0.0456666666666666
C330,330,4,NFATC4,0.9303552960800668,0.932353072004448,0.0019977759243811,0.8714357474593933,0.8734615008672704,0.002025753407877,0.7037482683048937,0.7215969967415881,0.0178487284366943,0.7641963426371511,0.7935943060498221,0.0293979634126709,0.8833055489402238,0.8894974994046202,0.0061919504643963,0.9032992036405004,0.8503336510962822,-0.0529655525442183,0.6622185154295246,0.74395329441201,0.0817347789824853
C330,330,4,Nfatc1,0.963411065044205,0.9685534849082048,0.0051424198639997,0.8866573242522018,0.8996403451911791,0.0129830209389772,0.7661174600331082,0.7803282035833746,0.0142107435502664,0.8077220077220078,0.8222384784198976,0.0145164706978898,0.9302911534154537,0.9319708846584548,0.0016797312430012,0.8408360128617364,0.8097982708933718,-0.0310377419683646,0.7771173848439822,0.8350668647845468,0.0579494799405646
C330,330,4,Nfatc2,0.8995708414849297,0.9057292448027404,0.0061584033178107,0.8536506816384848,0.8654017057731449,0.0117510241346601,0.6566332922042162,0.6570676585352464,0.0004343663310302,0.7720190779014309,0.7775391224301933,0.0055200445287624,0.8454075032341527,0.8436826218197498,-0.0017248814144028,0.8050397877984085,0.781134401972873,-0.0239053858255354,0.7416004886988393,0.7739767868051314,0.032376298106292
C332,332,3,ZNF532,1.0,1.0,0.0,1.0,1.0,0.0,0.0,1.0,1.0,0.0,1.0,1.0,0.875,1.0,0.125,0.0,1.0,1.0,0.0,1.0,1.0
C332,332,3,ZNF592,0.8865217777777779,0.8888264444444445,0.0023046666666666,0.8865775599063086,0.8929275377419825,0.0063499778356739,0.6007446839024134,0.6164780514177823,0.0157333675153689,0.8037964326624121,0.8102225886232481,0.006426155960836,0.8001666666666667,0.8081666666666667,0.008,0.7894567663130826,0.8016313213703099,0.0121745550572273,0.8186666666666667,0.819,0.0003333333333332
C332,332,3,ZNF687,0.983242424242424,0.9834222575095938,0.0001798332671696,0.9831115065505536,0.9834135687892384,0.0003020622386847,0.8750117901717523,0.8825092189279948,0.0074974287562424,0.9424400067125356,0.9470568891811904,0.0046168824686546,0.9378510599746332,0.9416560971190432,0.00380503714441,0.948969246367016,0.9344581440622972,-0.0145111023047186,0.936,0.96,0.0239999999999999
C333,333,2,AFF1,0.977637888888889,0.9775876666666666,-5.022222222239581e-05,0.9765434907543544,0.97643291162872,-0.0001105791256343,0.8609442944311807,0.8570209972716529,-0.0039232971595277,0.9314575494847048,0.9287493771798704,-0.0027081723048343,0.9301666666666668,0.9285,-0.0016666666666667,0.9145518792161902,0.9255213505461768,0.0109694713299866,0.949,0.932,-0.0169999999999999
C333,333,2,AFF4,0.9553618888888892,0.9527631666666666,-0.0025987222222224,0.9570503327895968,0.9530855971452478,-0.003964735644349,0.7648659939230756,0.7692360442711393,0.0043700503480637,0.8746498599439776,0.8806174957118353,0.0059676357678577,0.8806666666666667,0.884,0.0033333333333332,0.9210914454277286,0.9070671378091872,-0.0140243076185413,0.8326666666666667,0.8556666666666667,0.023
C337,337,2,ZNF608,0.9775599444444444,0.980517,0.0029570555555555,0.975423554971178,0.9786148222561336,0.0031912672849556,0.8342054028729218,0.8605112385191859,0.026305835646264,0.9189449983917658,0.9308694934829236,0.0119244950911577,0.916,0.9301666666666668,0.0141666666666667,0.8878185208203854,0.921594250245018,0.0337757294246325,0.9523333333333334,0.9403333333333334,-0.012
C337,337,2,ZNF609,0.948575,0.9532097222222222,0.0046347222222221,0.9463127623752684,0.9508566274885314,0.0045438651132631,0.7620006773342365,0.7654083470271931,0.0034076696929565,0.880920613742495,0.8818395434709634,0.0009189297284684,0.881,0.8826666666666667,0.0016666666666667,0.8815086782376502,0.8881000676132522,0.0065913893756019,0.8803333333333333,0.8756666666666667,-0.0046666666666665
C343,343,3,CEBPA,0.9478951111111112,0.9533771111111112,0.0054819999999999,0.9567784407558928,0.9617907970725984,0.0050123563167054,0.7758487969979337,0.7883354793606148,0.012486682362681,0.8866048862679022,0.8940430502252628,0.0074381639573605,0.8878333333333334,0.8941666666666667,0.0063333333333333,0.8964224872231686,0.8950885399264952,-0.0013339472966734,0.877,0.893,0.016
C343,343,3,CEBPD,0.9672530555555556,0.9682076666666668,0.0009546111111112,0.9658241115745212,0.9677254245834538,0.0019013130089327,0.8148406990096044,0.8031044071937093,-0.011736291815895,0.9063657797238128,0.9041446631461034,-0.0022211165777092,0.9073333333333332,0.9001666666666667,-0.0071666666666666,0.915929203539823,0.8694983071714374,-0.0464308963683856,0.897,0.9416666666666668,0.0446666666666667
C343,343,3,Cebpb,0.9867755555555556,0.9863685555555556,-0.0004069999999999,0.9880177924791848,0.9871069349295228,-0.0009108575496619,0.9181467278667216,0.916249457421959,-0.0018972704447627,0.9581568693884466,0.957504215851602,-0.0006526535368446,0.9588333333333332,0.958,-0.0008333333333333,0.9741646572511196,0.9689419795221844,-0.0052226777289351,0.9426666666666668,0.9463333333333334,0.0036666666666667
C345,345,4,FOS,0.9818330555555556,0.9845763333333332,0.0027432777777776,0.98134241819757,0.9856860827891548,0.0043436645915848,0.8791552219819624,0.8943512702247884,0.015196048242826,0.940327868852459,0.9469988296271526,0.0066709607746936,0.9393333333333334,0.9471666666666668,0.0078333333333334,0.9251612903225808,0.9500167728950016,0.0248554825724209,0.956,0.944,-0.012
C345,345,4,FOSB,0.987919,0.990001,0.002082,0.9886577152536168,0.9908841687855632,0.0022264535319465,0.9081093921613672,0.9168152027619124,0.008705810600545,0.9526889040163375,0.9579549276824756,0.0052660236661379,0.9536666666666668,0.9583333333333334,0.0046666666666667,0.9732267037552156,0.96673455532926,-0.0064921484259555,0.933,0.9493333333333334,0.0163333333333333
C345,345,4,FOSL1,0.9524233333333332,0.958914222222222,0.0064908888888887,0.9592486623477574,0.9651213059276564,0.005872643579899,0.7763393141781142,0.7983908106139573,0.0220514964358431,0.8779709116708052,0.895414734672849,0.0174438230020438,0.8853333333333333,0.8985,0.0131666666666666,0.9382107657316148,0.9234856535600424,-0.0147251121715724,0.825,0.869,0.044
C345,345,4,Fosl2,0.963890777777778,0.966389222222222,0.0024984444444441,0.964844730859879,0.9679075969855312,0.0030628661256522,0.7947339206179277,0.8134463198356959,0.0187123992177682,0.8919715623374371,0.9058823529411764,0.0139107906037392,0.8961666666666667,0.9066666666666666,0.0104999999999999,0.929526563064691,0.9135593220338984,-0.0159672410307925,0.8573333333333333,0.8983333333333333,0.041
C346,346,2,ATF3,0.9847919444444444,0.9846710555555556,-0.0001208888888888,0.9848293573013084,0.9846354947278368,-0.0001938625734716,0.8754963038839771,0.8845409791300035,0.0090446752460263,0.9385346664481232,0.9427864798021436,0.0042518133540203,0.9375,0.9421666666666668,0.0046666666666668,0.9232505643340858,0.93278955954323,0.0095389952091441,0.9543333333333334,0.953,-0.0013333333333334
C346,346,2,JDP2,0.9783117252931324,0.9793105527638192,0.0009988274706868,0.9695560840171424,0.9734903165359023,0.0039342325187599,0.8634424716212641,0.8629212730318258,-0.0005211985894383,0.915631469979296,0.9175879396984924,0.0019564697191962,0.9346693386773548,0.9342685370741484,-0.0004008016032063,0.9439701173959444,0.9175879396984924,-0.0263821776974521,0.8889447236180904,0.9175879396984924,0.0286432160804019
C347,347,3,ATF7,0.9486081666666666,0.9486315555555556,2.33888888889755e-05,0.9524088782125576,0.953367575654765,0.0009586974422073,0.7588064358159313,0.7738922854180035,0.0150858496020721,0.8663082437275985,0.8844716275908936,0.018163383863295,0.8756666666666667,0.8866666666666667,0.011,0.9368217054263566,0.901940401940402,-0.0348813034859545,0.8056666666666666,0.8676666666666667,0.062
C347,347,3,Atf2,0.993188722222222,0.9925114444444444,-0.0006772777777777,0.9952247256773944,0.9947721813593318,-0.0004525443180627,0.9621336389532044,0.961375207476538,-0.0007584314766663,0.9808403361344538,0.9805760214333556,-0.0002643147010981,0.981,0.9806666666666668,-0.0003333333333331,0.9891525423728812,0.9851951547779272,-0.0039573875949541,0.9726666666666668,0.976,0.0033333333333332
C347,347,3,Creb5,0.9604121111111112,0.9621740555555556,0.0017619444444443,0.9562234378626812,0.96147112732882,0.0052476894661387,0.789334912004736,0.787007039800454,-0.0023278722042821,0.8945612278945613,0.8965186841264772,0.0019574562319158,0.8946666666666667,0.892,-0.0026666666666667,0.8954575818303273,0.8605150214592274,-0.0349425603710998,0.8936666666666667,0.9356666666666666,0.0419999999999999
C348,348,3,JUN,0.9727526111111112,0.9745899444444444,0.0018373333333332,0.9699817723695646,0.9714899149149624,0.0015081425453977,0.8296833065931787,0.8473485857451497,0.017665279151971,0.9145627821434544,0.9238949817215022,0.0093321995780478,0.9148333333333334,0.9236666666666666,0.0088333333333332,0.9174773565917478,0.921139827700464,0.0036624711087162,0.9116666666666666,0.9266666666666666,0.015
C348,348,3,JUNB,0.9546674444444444,0.9548287777777776,0.0001613333333332,0.9590409999306688,0.959486360289776,0.0004453603591071,0.778044263332729,0.7787056029202434,0.0006613395875143,0.8884048257372654,0.8887772194304857,0.0003723936932202,0.889,0.8893333333333333,0.0003333333333332,0.8931940700808625,0.8932659932659933,7.192318513082885e-05,0.8836666666666667,0.8843333333333333,0.0006666666666665
C348,348,3,JUND,0.9801398888888888,0.9816339444444442,0.0014940555555553,0.985437882696729,0.9862834569501282,0.0008455742533991,0.9080916724909632,0.9152821466044412,0.0071904741134779,0.9519890260631,0.9565365025466892,0.0045474764835891,0.9533333333333334,0.9573333333333334,0.004,0.980225988700565,0.9747404844290656,-0.0054855042714994,0.9253333333333332,0.939,0.0136666666666666
C349,349,2,NFE2,0.9774061111111112,0.9817007777777778,0.0042946666666665,0.974911708046279,0.9797108489052004,0.0047991408589214,0.804989720606773,0.8710406979078228,0.0660509773010498,0.8922528940338379,0.9351867358901356,0.0429338418562976,0.8991666666666667,0.9355,0.0363333333333333,0.9579349904397706,0.9397509256142712,-0.0181840648254993,0.835,0.9306666666666666,0.0956666666666666
C349,349,2,NFE2L2,0.9818862632772408,0.9821511516887456,0.0002648884115048,0.982853894785458,0.9823505293425492,-0.0005033654429087,0.8724467962891947,0.8784710239281717,0.0060242276389769,0.93354943273906,0.936185641769398,0.002636209030338,0.9363024339720352,0.9392370101847056,0.0029345762126704,0.9391304347826088,0.9482188762394418,0.009088441456833,0.9280343716433942,0.924453992123165,-0.0035803795202291
C351,351,3,PBX1,0.9600489444444444,0.9633905,0.0033415555555555,0.95708289773859,0.9604664289507808,0.0033835312121908,0.7930415933663376,0.7647728301292889,-0.0282687632370487,0.8992297817715019,0.8863428047662695,-0.0128869770052324,0.8953333333333333,0.876,-0.0193333333333333,0.8669554455445545,0.8181049069373942,-0.0488505386071602,0.934,0.967,0.0329999999999999
C351,351,3,PBX3,0.877581111111111,0.8740296666666668,-0.0035514444444442,0.8697825217348822,0.8656787571166139,-0.0041037646182683,0.5880709436259969,0.5566228296576492,-0.0314481139683476,0.7830336882527492,0.7962616822429907,0.0132279939902414,0.7928333333333333,0.7638333333333334,-0.0289999999999999,0.8219127885672407,0.7001264222503161,-0.1217863663169246,0.7476666666666667,0.923,0.1753333333333333
C351,351,3,Pbx4,0.91189,0.9152941111111113,0.0034041111111111,0.9160192659462584,0.9184664367300924,0.0024471707838341,0.6766740663793798,0.6396827390185236,-0.0369913273608562,0.8257790368271954,0.8297546012269938,0.0039755643997984,0.836,0.815,-0.021,0.8806646525679759,0.7684659090909091,-0.1121987434770668,0.7773333333333333,0.9016666666666666,0.1243333333333333
C352,352,4,SIX2,0.9405661111111112,0.9425364444444444,0.0019703333333331,0.9439904285765184,0.94623269604948,0.0022422674729616,0.7478968885540012,0.7306367518725843,-0.0172601366814169,0.8695950583390528,0.8498828617768968,-0.019712196562156,0.8733333333333333,0.8611666666666666,-0.0121666666666666,0.8960396039603961,0.9250686543742644,0.0290290504138683,0.8446666666666667,0.786,-0.0586666666666666
C352,352,4,SIX4,0.958467111111111,0.9785225555555556,0.0200554444444445,0.9565253261996216,0.976786601379624,0.0202612751800025,0.7758093758737689,0.8454049056367063,0.0695955297629374,0.8900114062245397,0.9201572918447598,0.0301458856202201,0.8875,0.9221666666666668,0.0346666666666668,0.8705769843799809,0.9445419445419444,0.0739649601619635,0.9103333333333332,0.897,-0.0133333333333333
C352,352,4,SIX5,0.9262358888888887,0.9378442222222224,0.0116083333333335,0.9289286313470332,0.9420006134266704,0.0130719820796372,0.6823086089411531,0.7168520217495685,0.0345434128084154,0.8456829896907216,0.8415913200723327,-0.0040916696183889,0.8403333333333334,0.854,0.0136666666666666,0.8182668329177057,0.9197628458498024,0.1014960129320966,0.875,0.7756666666666666,-0.0993333333333333
C352,352,4,Six1,0.938448,0.9663147777777776,0.0278667777777776,0.93426236681645,0.9665087620525132,0.0322463952360632,0.7221467568219629,0.8002646869500766,0.0781179301281136,0.8564568684616704,0.89286340522532,0.0364065367636496,0.8605,0.8981666666666667,0.0376666666666666,0.8820204874602614,0.9419163891971885,0.059895901736927,0.8323333333333334,0.8486666666666667,0.0163333333333333
C353,353,4,PAX3,0.9374546666666668,0.9478253333333332,0.0103706666666664,0.9375214304663508,0.9480370574580717,0.0105156269917208,0.729250300454001,0.7596944688531512,0.0304441683991502,0.8669934640522876,0.8823911630929174,0.0153976990406298,0.8643333333333333,0.8793333333333333,0.015,0.8503205128205128,0.8605830164765526,0.0102625036560397,0.8843333333333333,0.9053333333333332,0.0209999999999999
C353,353,4,PAX8,0.7740007437169523,0.7714702921356467,-0.0025304515813056,0.5167183700224881,0.5095289748007642,-0.0071893952217239,0.402430199204346,0.3959451668639991,-0.0064850323403468,0.384180790960452,0.3312883435582822,-0.0528924474021698,0.8866943866943867,0.8866943866943867,0.0,0.7727272727272727,0.9,0.1272727272727273,0.2556390977443609,0.2030075187969924,-0.0526315789473685
C353,353,4,Pax5,0.9545639444444444,0.9589293888888888,0.0043654444444443,0.9474984765800746,0.9558487236391427,0.0083502470590681,0.7807415510119853,0.7852595818610196,0.0045180308490343,0.8919140560931605,0.895330112721417,0.0034160566282565,0.8901666666666667,0.8916666666666667,0.0015,0.8779463997416855,0.8660436137071651,-0.0119027860345204,0.9063333333333332,0.9266666666666666,0.0203333333333333
C353,353,4,Pax7,0.9758641111111112,0.9795718333333334,0.0037077222222222,0.9724184280151924,0.9790415765371676,0.0066231485219753,0.8380644728633426,0.8654062319127799,0.0273417590494372,0.9208586991348928,0.93370346178968,0.0128447626547872,0.9176666666666666,0.9323333333333332,0.0146666666666666,0.8864898210980876,0.9151728553137004,0.0286830342156128,0.958,0.953,-0.005
C354,354,2,PITX1,0.9428282222222224,0.9443611111111112,0.0015328888888889,0.9376285394933694,0.9418003382653451,0.0041717987719757,0.7366761544719054,0.7458478063954981,0.0091716519235927,0.864282046893719,0.8754680123718053,0.0111859654780862,0.8678333333333333,0.8725,0.0046666666666667,0.8881463243053113,0.8555520203627108,-0.0325943039426004,0.8416666666666667,0.8963333333333333,0.0546666666666666
C354,354,2,PITX3,0.9217685555555556,0.9253757222222222,0.0036071666666667,0.9160797694380578,0.9212674417658038,0.0051876723277459,0.6907742545822915,0.7085670805875105,0.017792826005219,0.8412427449641516,0.8510204081632653,0.0097776631991136,0.845,0.854,0.009,0.8621413575927221,0.86875,0.0066086424072778,0.8213333333333334,0.834,0.0126666666666666
C359,359,5,GATA1,0.961264777777778,0.9637015555555556,0.0024367777777777,0.9602052287211802,0.9630962138188198,0.0028909850976396,0.77852796700192,0.7940564303813747,0.0155284633794547,0.8809984179996484,0.8944141689373297,0.0134157509376813,0.8871666666666667,0.8966666666666666,0.0094999999999999,0.9319449609520268,0.9143454038997214,-0.0175995570523053,0.8353333333333334,0.8753333333333333,0.0399999999999999
C359,359,5,GATA3,0.9162083333333334,0.9232243333333332,0.0070159999999998,0.9203133354452934,0.927177196963365,0.0068638615180716,0.6763649353444212,0.6923398336656206,0.0159748983211993,0.8389450986896666,0.8458326373809921,0.0068875386913255,0.8381666666666666,0.8461666666666666,0.008,0.8349290194783757,0.8476732507532642,0.0127442312748884,0.843,0.844,0.001
C359,359,5,Gata2,0.9696302222222222,0.9722528888888888,0.0026226666666666,0.963801452522572,0.9677753833335512,0.0039739308109791,0.8204340249989996,0.8303835730593011,0.0099495480603014,0.9094574164286914,0.9156306978286092,0.0061732813999177,0.9101666666666668,0.9151666666666668,0.0050000000000001,0.9166948865560448,0.9106495219254864,-0.0060453646305582,0.9023333333333332,0.9206666666666666,0.0183333333333333
C359,359,5,Gata4,0.9418732222222224,0.9515007777777778,0.0096275555555555,0.9485595157712524,0.9563171984696296,0.0077576826983772,0.7231083017194048,0.7724053175636862,0.0492970158442814,0.866708780795957,0.8825744608010955,0.0158656800051384,0.8593333333333333,0.8856666666666667,0.0263333333333334,0.8235294117647058,0.9071076706544688,0.083578258889763,0.9146666666666666,0.8593333333333333,-0.0553333333333333
C359,359,5,Gata6,0.9404443333333332,0.951702,0.0112576666666667,0.9479238479285228,0.9569814956945412,0.0090576477660184,0.7564585926326038,0.7788244326054994,0.0223658399728955,0.8667022601886457,0.8863868986693961,0.0196846384807504,0.8751666666666666,0.889,0.0138333333333333,0.9297441771668576,0.9077568134171908,-0.0219873637496667,0.8116666666666666,0.866,0.0543333333333333
C362,362,3,TSC22D2,0.971245777777778,0.9765817777777778,0.0053359999999998,0.970508187747681,0.9766644846532948,0.0061562969056138,0.8192167114840727,0.8374591477583011,0.0182424362742283,0.9084471421345472,0.9193654990085922,0.0109183568740449,0.9095,0.9186666666666666,0.0091666666666666,0.9191402251791198,0.9115334207077328,-0.0076068044713869,0.898,0.9273333333333332,0.0293333333333332
C362,362,3,TSC22D3,0.9630351094589013,0.9589202808756714,-0.0041148285832298,0.9153664384702356,0.9160641053304004,0.0006976668601647,0.8320497218316881,0.8269497644805238,-0.0050999573511643,0.8662420382165605,0.8565656565656565,-0.009676381650904,0.9448384554767534,0.9440504334121356,-0.0007880220646178,0.891218872870249,0.9380530973451328,0.0468342244748837,0.8426270136307311,0.7881040892193308,-0.0545229244114002
C362,362,3,TSC22D4,0.9564821796456532,0.9596981870622168,0.0032160074165635,0.921665855478289,0.9260778040550348,0.0044119485767457,0.767566606851743,0.7763732102570348,0.0088066034052917,0.8510892270963891,0.8571428571428571,0.0060536300464679,0.8919445647466435,0.8943265482893027,0.0023819835426591,0.8228505481823427,0.814238042269188,-0.0086125059131547,0.8813349814585909,0.9048207663782448,0.0234857849196539
C366,366,4,FOXP4,0.9515468333333332,0.9546381111111112,0.0030912777777778,0.9483274857983364,0.951799177159314,0.0034716913609776,0.7682118210286746,0.7773421490301106,0.0091303280014359,0.8816035332087651,0.8901297421579898,0.0085262089492247,0.8838333333333334,0.8885,0.0046666666666665,0.8988569449255283,0.8773065717060538,-0.0215503732194745,0.865,0.9033333333333332,0.0383333333333332
C366,366,4,Foxp1,0.9317045555555556,0.9352686666666667,0.0035641111111112,0.9341344668118834,0.9403531093109978,0.0062186424991144,0.7030475735320372,0.7128189093627391,0.0097713358307018,0.8298145768312832,0.8578027053777632,0.0279881285464799,0.8455,0.8563333333333333,0.0108333333333332,0.923579893747446,0.8491182233834096,-0.0744616703640362,0.7533333333333333,0.8666666666666667,0.1133333333333334
C366,366,4,Foxp2,0.9856313333333334,0.9873025555555556,0.0016712222222221,0.9823718732718264,0.9850675858815842,0.0026957126097577,0.8826762780829127,0.896227816742166,0.0135515386592532,0.94119612429001,0.9488099119660908,0.0076137876760807,0.9413333333333334,0.9476666666666668,0.0063333333333334,0.9434025452109844,0.9285258455647736,-0.0148766996462109,0.939,0.97,0.031
C366,366,4,Foxp3,0.9107295,0.9096593333333334,-0.0010701666666665,0.9234265214430496,0.9225918657895572,-0.0008346556534922,0.675207048544784,0.6822942580381396,0.0070872094933556,0.8340136054421768,0.8277945619335347,-0.0062190435086421,0.8373333333333334,0.8385,0.0011666666666666,0.8513888888888889,0.8865626189569852,0.0351737300680963,0.8173333333333334,0.7763333333333333,-0.041
C369,369,2,FOXK2,0.956676611111111,0.9622427777777776,0.0055661666666665,0.9534085074266996,0.9612111756923782,0.0078026682656787,0.7738983794000517,0.7950476007694565,0.0211492213694047,0.8818652849740932,0.9001925545571245,0.0183272695830313,0.886,0.8963333333333333,0.0103333333333333,0.9150537634408602,0.8678836633663366,-0.0471701000745236,0.851,0.935,0.084
C369,369,2,Foxk1,0.9578507777777776,0.9586401666666668,0.0007893888888891,0.957355619737112,0.9585442294151768,0.0011886096780648,0.7880254944174043,0.7873948900706266,-0.0006306043467777,0.8907131862493587,0.8951599671862183,0.0044467809368595,0.8935,0.8935,0.0,0.9146469968387776,0.881421647819063,-0.0332253490197147,0.868,0.9093333333333332,0.0413333333333332
C370,370,3,FOXA1,0.9639493333333332,0.9718866666666668,0.0079373333333334,0.9636513305113386,0.9715778913504096,0.007926560839071,0.8068585149274379,0.8376816382683255,0.0308231233408876,0.9054032127210774,0.9201110929586668,0.0147078802375893,0.9028333333333334,0.9185,0.0156666666666666,0.8820739803983559,0.9022749118872156,0.0202009314888597,0.93,0.9386666666666666,0.0086666666666666
C370,370,3,FOXA2,0.9556061111111112,0.9516491111111112,-0.0039569999999999,0.9520194603703512,0.945647146494312,-0.0063723138760393,0.7766773932695045,0.7702129235845838,-0.0064644696849206,0.8906224605883309,0.8878836833602585,-0.0027387772280724,0.8878333333333334,0.8843333333333333,-0.0035,0.8690136378052649,0.8614420062695924,-0.0075716315356724,0.9133333333333332,0.916,0.0026666666666667
C370,370,3,Foxa3,0.9578035555555556,0.959423888888889,0.0016203333333334,0.9565747324504454,0.9582301255218442,0.0016553930713987,0.7700279020080215,0.7914486587111154,0.0214207567030938,0.8776223776223776,0.8972299623012621,0.0196075846788844,0.8833333333333333,0.8955,0.0121666666666666,0.9227941176470588,0.8826185101580135,-0.0401756074890453,0.8366666666666667,0.9123333333333332,0.0756666666666665
C371,371,3,FOXS1,0.8812684630738523,0.8929735528942117,0.0117050898203593,0.7107150035848877,0.7505425159185294,0.0398275123336416,0.5794321996197126,0.6003315415136652,0.0208993418939525,0.6446826051112943,0.6484098939929329,0.0037272888816386,0.8824972737186477,0.891494002181025,0.0089967284623773,0.7174311926605504,0.790948275862069,0.0735170832015185,0.5853293413173652,0.5494011976047904,-0.0359281437125748
C371,371,3,Foxc2,0.9565290093048712,0.9590525451559936,0.0025235358511223,0.908620249123268,0.916677660827224,0.008057411703956,0.7653079630159187,0.7784556997371439,0.0131477367212251,0.8325754443985118,0.8414481897627965,0.0088727453642846,0.9039829302987198,0.9096728307254623,0.0056899004267425,0.8384679433805162,0.8531645569620253,0.014696613581509,0.8267651888341544,0.8300492610837439,0.0032840722495894
C371,371,3,Foxd3,0.9304954304954304,0.9903799903799904,0.0598845598845598,0.8603522758917495,0.9359229906510832,0.0755707147593337,0.7840777221812498,0.8136780150704416,0.0296002928891917,0.8,0.8292682926829268,0.0292682926829267,0.962085308056872,0.966824644549763,0.0047393364928909,0.8888888888888888,0.8947368421052632,0.0058479532163743,0.7272727272727273,0.7727272727272727,0.0454545454545454
C374,374,3,FOXO1,0.962593888888889,0.9701752222222222,0.0075813333333332,0.9583683912283252,0.9683623611768792,0.009993969948554,0.780285829237635,0.832047335594898,0.0517615063572629,0.8818149841716497,0.915549597855228,0.0337346136835783,0.888,0.916,0.028,0.9333581533879376,0.9204851752021564,-0.012872978185781,0.8356666666666667,0.9106666666666666,0.0749999999999999
C374,374,3,Foxo3,0.9686793333333332,0.9761998333333334,0.0075205,0.9646520353792764,0.9739226893318932,0.0092706539526167,0.8162788033832324,0.8429528972465888,0.0266740938633563,0.9102626067343322,0.9196261682242992,0.0093635614899669,0.9071666666666668,0.9211666666666668,0.0140000000000001,0.8808855628313065,0.9379549393414212,0.0570693765101146,0.9416666666666668,0.902,-0.0396666666666666
C374,374,3,Foxo4,0.9310025569282496,0.93194508797443,0.0009425310461804,0.835967984706035,0.8266569810012798,-0.0093110037047551,0.7118801443521684,0.7177082928899643,0.0058281485377958,0.758765778401122,0.7732634338138925,0.0144976554127704,0.9094736842105264,0.9089473684210526,-0.0005263157894737,0.8628389154704944,0.811554332874828,-0.0512845825956663,0.6770963704630788,0.7384230287859824,0.0613266583229036
C376,376,3,SOX13,0.946656,0.9709982777777776,0.0243422777777776,0.9445626601733664,0.970304994390178,0.0257423342168117,0.7301210037090369,0.8293023358121512,0.0991813321031143,0.8705918906322822,0.9156388751850024,0.0450469845527202,0.8611666666666666,0.9145,0.0533333333333333,0.8152458539423916,0.9036027263875364,0.0883568724451447,0.934,0.928,-0.006
C376,376,3,SOX5,0.9502697777777778,0.9743097222222222,0.0240399444444444,0.9489814409428492,0.9729080657183252,0.0239266247754761,0.7588996455218663,0.8463478263916864,0.08744818086982,0.8831044394762056,0.9240880709825828,0.0409836315063771,0.878,0.923,0.045,0.8476394849785408,0.9112119248217756,0.0635724398432348,0.9216666666666666,0.9373333333333334,0.0156666666666667
C376,376,3,Sox6,0.9274554444444444,0.948166611111111,0.0207111666666666,0.9244704950312488,0.9504398829799768,0.025969387948728,0.7056150578409861,0.7714320829603329,0.0658170251193468,0.8436350901768517,0.8865740740740741,0.0429389838972223,0.8511666666666666,0.8856666666666667,0.0345,0.8886019918849133,0.8795931758530183,-0.0090088160318949,0.803,0.8936666666666667,0.0906666666666666
C377,377,5,SOX15,0.9309305340181454,0.9360957892992838,0.0051652552811384,0.8374682702336176,0.8449220954328941,0.0074538251992765,0.7633215747062432,0.7775900152484831,0.0142684405422399,0.7996323529411765,0.811214953271028,0.0115826003298514,0.938383267382702,0.9429055963821368,0.0045223289994347,0.7894736842105263,0.8142589118198874,0.024785227609361,0.8100558659217877,0.8081936685288641,-0.0018621973929235
C377,377,5,SOX2,0.9434219444444444,0.9437560555555556,0.0003341111111111,0.9394051019841604,0.942193361017128,0.0027882590329677,0.7193470512950539,0.7513615516637167,0.0320145003686627,0.8658367911479945,0.8762031198141388,0.0103663286661442,0.8545,0.8756666666666667,0.0211666666666666,0.8032506415739948,0.8724388631857237,0.0691882216117288,0.939,0.88,-0.0589999999999999
C377,377,5,SOX21,0.9552433397370108,0.9591025421721624,0.0038592024351516,0.8609277927218781,0.8726929933216965,0.0117652005998183,0.7247437038458462,0.7438268665908302,0.019083162744984,0.7755102040816326,0.7902973395931142,0.0147871355114815,0.9155770324047754,0.923820352472996,0.0082433200682205,0.7424023154848046,0.781733746130031,0.0393314306452263,0.8117088607594937,0.7990506329113924,-0.0126582278481012
C377,377,5,SOX4,0.9775258922323304,0.977635409377187,0.0001095171448565,0.9743558535696693,0.9736160186728258,-0.0007398348968434,0.8698849954897215,0.8671090588276604,-0.0027759366620611,0.9376797698945348,0.9364161849710982,-0.0012635849234367,0.9334243769204508,0.9324001365653808,-0.0010242403550698,0.9005524861878453,0.9033457249070632,0.0027932387192178,0.978,0.972,-0.006
C377,377,5,Sox11,0.6354076015727391,0.6524303189165575,0.0170227173438183,0.3116428722961274,0.3485764497101762,0.0369335774140487,0.1070411253622487,0.1864202323738811,0.0793791070116323,0.1047729918509895,0.1100244498777506,0.005251458026761,0.7956417751793782,0.8065373372309328,0.0108955620515546,0.46875,0.8181818181818182,0.3494318181818182,0.0589777195281782,0.0589777195281782,-4.163336342344337e-17
C378,378,2,SOX9,0.9859351713859912,0.9866337555886736,0.0006985842026825,0.9406068388410548,0.973783214106978,0.0331763752659233,0.8673160469816522,0.9216398494852992,0.0543238025036469,0.8870967741935484,0.9322033898305084,0.04510661563696,0.9661016949152542,0.980629539951574,0.0145278450363197,0.873015873015873,0.9649122807017544,0.0918964076858813,0.9016393442622952,0.9016393442622952,1.1102230246251563e-16
C378,378,2,Sox10,0.9732196160784315,0.9730651172280216,-0.0001544988504099,0.9494090637763568,0.9506428796608916,0.0012338158845346,0.8291468418285916,0.8312193557210799,0.0020725138924883,0.8788983394086675,0.8814729574223246,0.0025746180136571,0.9294644963434772,0.9271054493984432,-0.002359046945034,0.8813972380178716,0.8392987582176772,-0.0420984798001944,0.8764135702746365,0.9281098546042004,0.0516962843295638
C379,379,2,SOX18,0.9577034843205574,0.9577110336817656,7.549361208170069e-06,0.9492053259732616,0.949346178435718,0.0001408524624564,0.777688605030263,0.7720251879368408,-0.0056634170934222,0.8874719972428055,0.8859515336383664,-0.001520463604439,0.888756388415673,0.8853492333901193,-0.0034071550255536,0.8779406750767133,0.8624216430221049,-0.0155190320546083,0.8972125435540069,0.910801393728223,0.013588850174216
C379,379,2,Sox17,0.9573284444444444,0.956473111111111,-0.0008553333333334,0.9643948756507272,0.9631032031469788,-0.0012916725037483,0.806022149692088,0.8037653559969877,-0.0022567936951002,0.9006126616746086,0.8981274695069575,-0.002485192167651,0.9026666666666666,0.9011666666666668,-0.0014999999999998,0.9200278164116829,0.9266217653314428,0.0065939489197599,0.882,0.8713333333333333,-0.0106666666666667
C380,380,6,Lef1,0.9730576441102756,0.9765322396901344,0.0034745955798587,0.9244509084478126,0.9390388769841024,0.0145879685362897,0.8433850045899538,0.8682362497468806,0.0248512451569268,0.8571428571428571,0.8717948717948718,0.0146520146520147,0.9729119638826184,0.9774266365688488,0.0045146726862302,0.9,1.0,0.0999999999999999,0.8181818181818182,0.7727272727272727,-0.0454545454545455
C380,380,6,TCF3,0.937506,0.9425103888888888,0.0050043888888888,0.9305877654526687,0.9375428027601632,0.0069550373074943,0.7115201660708497,0.7357453196454223,0.0242251535745726,0.8501033769813922,0.8704156479217604,0.0203122709403682,0.855,0.8675,0.0125,0.8798145506419401,0.8516746411483254,-0.0281399094936147,0.8223333333333334,0.89,0.0676666666666666
C380,380,6,TCF4,0.9750162777777778,0.9779975555555556,0.0029812777777777,0.97303781642434,0.9741519425647768,0.0011141261404368,0.8386809649345061,0.8570400437508658,0.0183590788163597,0.9209076175040518,0.9281527382348016,0.0072451207307497,0.9186666666666666,0.9285,0.0098333333333333,0.8962145110410095,0.9326825984516998,0.0364680874106903,0.947,0.9236666666666666,-0.0233333333333333
C380,380,6,TCF7L1,0.8472385710946371,0.8562433213116943,0.0090047502170572,0.6276010237405328,0.6366982191034842,0.0090971953629513,0.5201839591016534,0.5325288341011688,0.0123448749995154,0.586427656850192,0.5921052631578947,0.0056776063077026,0.8777441332323997,0.882664647993944,0.0049205147615442,0.659942363112392,0.6901840490797546,0.0302416859673626,0.5276497695852534,0.5184331797235023,-0.0092165898617511
C380,380,6,TCF7L2,0.9512703333333334,0.9538722777777776,0.0026019444444441,0.9497753121462756,0.953622991575993,0.0038476794297174,0.7661913042331169,0.771420152690869,0.0052288484577521,0.8806248938699269,0.8873585833743236,0.0067336895043966,0.8828333333333334,0.8855,0.0026666666666665,0.8975424022152995,0.8731848983543078,-0.0243575038609916,0.8643333333333333,0.902,0.0376666666666667
C380,380,6,Tcf7,0.9372731111111112,0.9368346666666666,-0.0004384444444445,0.9374418796462234,0.9362467853869136,-0.0011950942593097,0.7095321907615585,0.7200955979274497,0.0105634071658912,0.859204618345093,0.8628217660475725,0.0036171477024795,0.8536666666666667,0.8596666666666667,0.006,0.8278739184177998,0.8438495857233907,0.0159756673055909,0.893,0.8826666666666667,-0.0103333333333333
C385,385,2,HOXC11,0.8212454212454213,0.8102564102564103,-0.010989010989011,0.6785406439803644,0.6902563986308606,0.0117157546504962,0.5718685758863654,0.5383386820738849,-0.0335298938124805,0.6153846153846154,0.5925925925925926,-0.0227920227920228,0.9056603773584906,0.8962264150943396,-0.0094339622641509,0.7272727272727273,0.6666666666666666,-0.0606060606060606,0.5333333333333333,0.5333333333333333,0.0
C385,385,2,Hoxa11,0.8876048462255359,0.8324324324324324,-0.0551724137931035,0.6523680670353419,0.6660352908491264,0.0136672238137844,0.5577854574459887,0.5295368699208095,-0.0282485875251792,0.6,0.5714285714285714,-0.0285714285714285,0.9065420560747663,0.9018691588785048,-0.0046728971962615,0.7142857142857143,0.7,-0.0142857142857143,0.5172413793103449,0.4827586206896552,-0.0344827586206896
C386,386,2,CDX2,0.960700222222222,0.9608453333333332,0.0001451111111111,0.9622371769377324,0.9618420561048484,-0.000395120832884,0.7875015266205752,0.7900507404436039,0.0025492138230287,0.8925564163017851,0.8955916473317865,0.0030352310300014,0.8936666666666667,0.895,0.0013333333333332,0.9019741320626276,0.8905735003295979,-0.0114006317330297,0.8833333333333333,0.9006666666666666,0.0173333333333333
C386,386,2,CDX4,0.913559071729958,0.917731364275668,0.0041722925457101,0.7905104380809492,0.8014963711619898,0.0109859330810405,0.7134025235355703,0.7337972720471881,0.0203947485116178,0.7494456762749445,0.7637614678899083,0.0143157916149637,0.9349453080023028,0.9407023603914796,0.0057570523891767,0.7897196261682243,0.8366834170854272,0.0469637909172028,0.7130801687763713,0.7025316455696202,-0.010548523206751
C387,387,2,HOXA1,0.925026573889436,0.9187105423317152,-0.0063160315577206,0.7564196221983682,0.7228506821475212,-0.0335689400508469,0.6018045958745597,0.5684293804459665,-0.0333752154285932,0.6815101645692159,0.6442105263157895,-0.0372996382534264,0.8724806201550388,0.8689922480620155,-0.0034883720930233,0.6848249027237354,0.7099767981438515,0.025151895420116,0.6782273603082851,0.5895953757225434,-0.0886319845857417
C387,387,2,HOXD1,0.967376888888889,0.9676457777777776,0.0002688888888886,0.9642462150223764,0.9646879122519604,0.0004416972295838,0.8022084587586283,0.8053706004870602,0.0031621417284318,0.8966350301984469,0.9009984768996446,0.0043634467011977,0.9001666666666667,0.9025,0.0023333333333332,0.9295169946332738,0.9150910965967688,-0.0144258980365049,0.866,0.8873333333333333,0.0213333333333333
C388,388,9,HOXA3,0.971441,0.9798727777777776,0.0084317777777775,0.9679552436447748,0.9792065243806648,0.0112512807358901,0.8284979848953643,0.849809493875738,0.0213115089803737,0.912483039348711,0.9241379310344828,0.0116548916857718,0.914,0.9248333333333332,0.0108333333333331,0.9288674033149172,0.93276740237691,0.0038999990619928,0.8966666666666666,0.9156666666666666,0.019
C388,388,9,HOXA5,0.9650528888888888,0.977029777777778,0.0119768888888892,0.9617555770330533,0.9743620088633336,0.0126064318302804,0.7899008577555758,0.8513653074308484,0.0614644496752725,0.8975515463917526,0.9259873879853966,0.0284358415936439,0.894,0.9256666666666666,0.0316666666666666,0.8684538653366584,0.922009253139458,0.0535553878027996,0.9286666666666666,0.93,0.0013333333333334
C388,388,9,HOXA7,0.8182609805924413,0.8414244126659858,0.0231634320735444,0.7756083420245684,0.8059251887263947,0.0303168467018263,0.4872224111557679,0.5565390791532084,0.0693166679974405,0.5841550493029581,0.6927407407407408,0.1085856914377826,0.7533279548204921,0.790843081887858,0.0375151270673659,0.873855544252289,0.8249823570924488,-0.0488731871598401,0.4387129724208375,0.5970377936670072,0.1583248212461696
C388,388,9,HOXB5,0.969724560686555,0.9771355401171504,0.0074109794305954,0.9644423512311854,0.9740646644690242,0.0096223132378387,0.8206167511907173,0.8426082167172201,0.0219914655265027,0.8957842927455596,0.9106579777170486,0.0148736849714889,0.910592986965302,0.9219753993023684,0.0113824123370663,0.940251572327044,0.9376623376623376,-0.0025892346647063,0.8553330608908868,0.8851655087862689,0.029832447895382
C388,388,9,HOXB7,0.8949296760504846,0.910987706979898,0.0160580309294133,0.6935027191845596,0.7360008436543679,0.0424981244698082,0.4642230860999501,0.5396162514821558,0.0753931653822055,0.5152838427947598,0.5954825462012321,0.0801987034064722,0.8556566970091027,0.8719115734720416,0.0162548764629388,0.7195121951219512,0.7512953367875648,0.0317831416656135,0.4013605442176871,0.4931972789115646,0.0918367346938775
C388,388,9,HOXC5,0.9459501111111112,0.958515777777778,0.0125656666666666,0.9440418439272752,0.9572494173312972,0.013207573404022,0.7397728788233797,0.7819955649671481,0.0422226861437683,0.872809863724854,0.889227126670049,0.0164172629451949,0.8693333333333333,0.8908333333333334,0.0215,0.850189633375474,0.9025060075523516,0.0523163741768775,0.8966666666666666,0.8763333333333333,-0.0203333333333333
C388,388,9,Hoxa9,0.9436127777777776,0.9525107777777776,0.0088979999999999,0.944416054287612,0.953353482884094,0.008937428596482,0.7498426920706287,0.7770081125422834,0.0271654204716547,0.8734625105307497,0.8857872340425532,0.0123247235118034,0.8748333333333334,0.8881666666666667,0.0133333333333333,0.8831345826235094,0.9050434782608696,0.0219088956373602,0.864,0.8673333333333333,0.0033333333333332
C388,388,9,Hoxb8,0.925414111111111,0.9383312222222222,0.0129171111111111,0.9261882579039478,0.9400148159017468,0.013826557997799,0.6986742744946318,0.7281023846792108,0.029428110184579,0.8489809555629803,0.858228285270247,0.0092473297072667,0.8493333333333334,0.8631666666666666,0.0138333333333332,0.8509711989283322,0.8903618774632748,0.0393906785349426,0.847,0.8283333333333334,-0.0186666666666666
C388,388,9,Hoxc9,0.944815888888889,0.9559836666666668,0.0111677777777777,0.943493902969716,0.9535969523111244,0.0101030493414083,0.7465140132970421,0.7655474361233733,0.0190334228263311,0.8665276329509907,0.876992376992377,0.0104647440413863,0.872,0.8816666666666667,0.0096666666666667,0.9052287581699346,0.913059163059163,0.0078304048892283,0.831,0.8436666666666667,0.0126666666666667
C389,389,2,DLX4,0.8968101152081126,0.9011862147031108,0.0043760994949981,0.6882680496938173,0.6968813316040139,0.0086132819101966,0.6060304657187027,0.5911604190637875,-0.0148700466549152,0.6376237623762376,0.6013363028953229,-0.0362874594809147,0.932546995945448,0.9340213785477331,0.0014743826022852,0.7219730941704036,0.8083832335329342,0.0864101393625306,0.5709219858156028,0.4787234042553192,-0.0921985815602836
C389,389,2,DLX6,0.9580163888888888,0.9576701111111112,-0.0003462777777776,0.9516908122131624,0.9520368062538004,0.0003459940406379,0.7869900986148068,0.7875788644239005,0.0005887658090936,0.8948406178113704,0.8955028618152086,0.0006622440038381,0.8933333333333333,0.8935,0.0001666666666666,0.8823720025923526,0.8789727126805779,-0.0033992899117747,0.9076666666666666,0.9126666666666666,0.005
C391,391,3,PHOX2B,0.9752721111111112,0.9774826666666666,0.0022105555555554,0.9776662842177632,0.979729902466846,0.0020636182490827,0.8496687164113124,0.8602557133727508,0.0105869969614383,0.9229722836252338,0.9285107828154184,0.0055384991901846,0.9245,0.9298333333333332,0.0053333333333331,0.9420340159666782,0.9463482173762549,0.0043142014095766,0.9046666666666666,0.9113333333333332,0.0066666666666665
C391,391,3,PRRX2,0.929555037957212,0.932347481021394,0.002792443064182,0.8994749254902091,0.9033220226138056,0.0038470971235964,0.6874738552140557,0.6843791380915033,-0.0030947171225523,0.8118962887646162,0.7977961432506887,-0.0141001455139274,0.8499594484995945,0.85117599351176,0.0012165450121655,0.7977022977022977,0.8527679623085983,0.0550656646063005,0.8266045548654244,0.7494824016563147,-0.0771221532091096
C391,391,3,Shox2,0.8982957741684673,0.900417378794882,0.0021216046264147,0.8240168346777017,0.8274755542262386,0.0034587195485369,0.5643238781655193,0.6269894277724629,0.0626655496069436,0.6579163248564397,0.7372634643377002,0.0793471394812604,0.8142125194920918,0.839162396970372,0.0249498774782801,0.8442105263157895,0.803968253968254,-0.0402422723475355,0.5389784946236559,0.6807795698924731,0.1418010752688172
C394,394,2,Hoxa13,0.922020656779661,0.935447563559322,0.0134269067796609,0.8057260468009572,0.8281400237483955,0.0224139769474382,0.6450531284707967,0.7150339095186911,0.0699807810478944,0.6761904761904762,0.7622950819672131,0.0861046057767368,0.9052924791086352,0.9192200557103064,0.0139275766016713,0.8658536585365854,0.8017241379310345,-0.0641295206055508,0.5546875,0.7265625,0.171875
C394,394,2,Hoxb13,0.9401682222222222,0.9410327777777778,0.0008645555555556,0.9435104957213716,0.9431546484062212,-0.0003558473151503,0.7294190856398048,0.7477132015999423,0.0182941159601374,0.8656963281508435,0.8762029032784211,0.0105065751275775,0.8646666666666667,0.8735,0.0088333333333333,0.8591595535128037,0.8578728840625998,-0.0012866694502039,0.8723333333333333,0.8953333333333333,0.023
C395,395,2,EMX1,0.9875229444444444,0.9857257222222222,-0.0017972222222222,0.9813678165415992,0.9789450666814202,-0.0024227498601788,0.9071724022582858,0.8959739503919327,-0.011198451866353,0.9541523902757384,0.9487179487179488,-0.0054344415577894,0.9531666666666668,0.9473333333333334,-0.0058333333333333,0.9344838606583572,0.9244149272612272,-0.0100689333971301,0.9746666666666668,0.9743333333333334,-0.0003333333333332
C395,395,2,MNX1,0.9867797393862966,0.98733389379291,0.0005541544066134,0.9873528708439636,0.9878629455932488,0.0005100747492852,0.8946021721753702,0.9080873969544322,0.013485224779062,0.9531772575250836,0.959279038718291,0.0061017811932073,0.9479457148168804,0.9546384086261388,0.0066926938092582,0.9563758389261744,0.9605614973262032,0.0041856584000287,0.95,0.958,0.008
C398,398,2,INSM1,0.919163111111111,0.923288,0.0041248888888889,0.9244318075738592,0.931551556597534,0.0071197490236747,0.6839415732302093,0.6883434497797492,0.0044018765495398,0.8123827392120075,0.8472199576063917,0.0348372183943841,0.8333333333333334,0.8438333333333333,0.0104999999999999,0.9291845493562232,0.8292371528886052,-0.0999473964676179,0.7216666666666667,0.866,0.1443333333333333
C398,398,2,INSM2,0.929759,0.9337988888888888,0.0040398888888889,0.9314296044163156,0.9359615391414432,0.0045319347251274,0.7017467849392747,0.7116954909177517,0.009948705978477,0.8361683079677709,0.8564791770366683,0.0203108690688974,0.8475,0.8558333333333333,0.0083333333333333,0.9032882011605416,0.8526593987446317,-0.0506288024159098,0.7783333333333333,0.8603333333333333,0.0819999999999999
C400,400,2,Lyl1,0.9758589743589744,0.9781342251950949,0.0022752508361204,0.953530809691444,0.9597229700978374,0.0061921604063932,0.8378957073340074,0.8452684988203785,0.007372791486371,0.8929370405880473,0.8964357767316745,0.0034987361436271,0.9254727474972192,0.9314794215795328,0.0060066740823137,0.8549571603427173,0.9012846517917512,0.0463274914490339,0.934448160535117,0.8916387959866221,-0.0428093645484949
C400,400,2,TAL1,0.9546037777777776,0.9576785555555556,0.0030747777777778,0.9568738787033072,0.9608755439241402,0.004001665220833,0.7703776898200192,0.7756856711984194,0.0053079813784001,0.8768663270683296,0.8874393711322963,0.0105730440639667,0.8831666666666667,0.8878333333333334,0.0046666666666667,0.9268473821017452,0.8905673044645854,-0.0362800776371597,0.832,0.8843333333333333,0.0523333333333333
C405,405,4,AR,0.9489004444444444,0.9585761111111112,0.0096756666666667,0.9504124732580892,0.9601320303469386,0.0097195570888493,0.755581492040547,0.7851286789685618,0.0295471869280147,0.880852437843074,0.8945395273023635,0.0136870894592895,0.877,0.8921666666666667,0.0151666666666666,0.8541014402003757,0.8752791068580542,0.0211776666576785,0.9093333333333332,0.9146666666666666,0.0053333333333333
C405,405,4,Nr3c1,0.9104144444444444,0.9172751666666666,0.0068607222222222,0.9159098695201574,0.9238276617805644,0.007917792260407,0.6491469631007145,0.6541058844443853,0.0049589213436708,0.8307250079846694,0.8355845365626455,0.0048595285779761,0.8233333333333334,0.8235,0.0001666666666666,0.7973635806253832,0.7820401046207498,-0.0153234760046333,0.867,0.897,0.03
C405,405,4,Nr3c2,0.9411932629174994,0.9555381101912648,0.0143448472737653,0.880264713243716,0.9155365474889212,0.0352718342452051,0.7565717506609995,0.8059777065242552,0.0494059558632556,0.7931034482758621,0.8361581920903954,0.0430547438145333,0.9339449541284404,0.946788990825688,0.0128440366972476,0.8518518518518519,0.8809523809523809,0.029100529100529,0.7419354838709677,0.7956989247311828,0.053763440860215
C405,405,4,PGR,0.9122479444444443,0.9186552777777776,0.0064073333333332,0.9131134495905442,0.9190224390993642,0.00590898950882,0.6466843622596313,0.6796941948390145,0.0330098325793831,0.8326656394453005,0.8405508544881367,0.0078852150428362,0.819,0.8398333333333333,0.0208333333333333,0.7742120343839541,0.8368021143045921,0.0625900799206379,0.9006666666666666,0.8443333333333334,-0.0563333333333332
C406,406,2,RCOR1,0.9481495555555556,0.9529308888888888,0.0047813333333331,0.943818503657311,0.949158931507267,0.005340427849956,0.7533535904466702,0.7673335038519087,0.0139799134052385,0.8762127801940448,0.8837054315228258,0.0074926513287809,0.8766666666666667,0.8836666666666667,0.007,0.8794492948287441,0.8834110592938041,0.00396176446506,0.873,0.884,0.011
C406,406,2,Rcor2,0.9353295,0.932503611111111,-0.002825888888889,0.929107511527508,0.9264102988912382,-0.0026972126362699,0.7214179376685025,0.7232382658963399,0.0018203282278373,0.8642533936651584,0.8632548955076518,-0.0009984981575066,0.86,0.8615,0.0015,0.8387703889585947,0.8524536886577836,0.0136832996991889,0.8913333333333333,0.8743333333333333,-0.017
C407,407,2,ARID3A,0.9333793103448276,0.9319545376565448,-0.0014247726882828,0.9050387712109992,0.8998272201056827,-0.0052115511053164,0.7082527454461742,0.7038216047390113,-0.0044311407071628,0.8128430296377607,0.8128718226068145,2.879296905378137e-05,0.8620271090430912,0.8600040461258345,-0.0020230629172567,0.8706643151087595,0.8564102564102564,-0.0142540586985031,0.7622233659289758,0.7735460627895008,0.011322696860525
C407,407,2,ARID3B,0.9484352473278648,0.956290579169774,0.0078553318419092,0.9023242003091076,0.9253013988840236,0.0229771985749159,0.7576533801285938,0.7663031338714096,0.0086497537428157,0.8317651486639067,0.8301282051282052,-0.0016369435357015,0.8970283344851416,0.9023266528449666,0.0052983183598249,0.8396656534954408,0.896969696969697,0.0573040434742562,0.8240119313944817,0.7725577926920209,-0.0514541387024608
C411,411,5,TBX1,0.9112154407929056,0.931664058424622,0.0204486176317164,0.7197891985400046,0.7775666075132764,0.0577774089732718,0.636684523542847,0.6406713737958456,0.0039868502529986,0.6721311475409836,0.6911764705882353,0.0190453230472517,0.9159663865546218,0.9117647058823528,-0.004201680672269,0.803921568627451,0.7230769230769231,-0.0808446455505279,0.5774647887323944,0.6619718309859155,0.0845070422535211
C411,411,5,TBX18,0.9625466786355475,0.962557350887692,1.0672252144350304e-05,0.9440871731162124,0.9488951661396078,0.0048079930233954,0.8085876552724409,0.8034316079360045,-0.0051560473364363,0.8726931498279638,0.8680555555555556,-0.0046375942724081,0.9128666238492829,0.9105116677371012,-0.0023549561121816,0.9141546526867628,0.918503674014696,0.0043490213279332,0.8348294434470377,0.8228605625374028,-0.0119688809096348
C411,411,5,TBX3,0.9392474245768948,0.9528583517292128,0.0136109271523179,0.8651636792471569,0.8958389469727016,0.0306752677255447,0.6969484260190809,0.7440659536368408,0.0471175276177598,0.7696335078534031,0.8043360433604336,0.0347025355070305,0.8873527905785971,0.90757808499744,0.0202252944188429,0.7320717131474104,0.7902023429179978,0.0581306297705874,0.8112582781456954,0.8189845474613686,0.0077262693156732
C411,411,5,Tbx2,0.9538861111111112,0.9610251666666668,0.0071390555555557,0.9481731110185267,0.9574323838486062,0.0092592728300794,0.7727363575736302,0.7912719835972443,0.018535626023614,0.8815312984997413,0.8980778549507349,0.0165465564509935,0.8855,0.8948333333333334,0.0093333333333334,0.9131832797427653,0.8712002507051081,-0.0419830290376571,0.852,0.9266666666666666,0.0746666666666666
C411,411,5,Tbx5,0.9456943539630835,0.944290626131017,-0.0014037278320665,0.9216854124685148,0.9185377117522452,-0.0031477007162694,0.7482442710467107,0.7373808532404197,-0.0108634178062909,0.846396633350868,0.8402088772845953,-0.0061877560662727,0.8793886823626601,0.8736059479553904,-0.0057827344072697,0.8209183673469388,0.8093561368209256,-0.0115622305260132,0.8735070575461455,0.8735070575461455,0.0
C413,413,2,ONECUT2,0.976135722222222,0.9782143333333334,0.0020786111111112,0.9723381404744406,0.9764954826652984,0.0041573421908578,0.850915984805695,0.8589570432292135,0.0080410584235185,0.9237561555442352,0.9302402105955908,0.0064840550513557,0.9251666666666668,0.9293333333333332,0.0041666666666665,0.9415022499134648,0.9184535412605588,-0.023048708652906,0.9066666666666666,0.9423333333333334,0.0356666666666667
C413,413,2,Onecut1,0.9617292222222222,0.9627606666666668,0.0010314444444445,0.9647459692668046,0.966758315312494,0.0020123460456894,0.8114003489593393,0.7977843860510812,-0.0136159629082581,0.9011406844106464,0.9007011250611446,-0.0004395593495017,0.9046666666666666,0.8985,-0.0061666666666666,0.9357501794687724,0.8815831471433131,-0.0541670323254593,0.869,0.9206666666666666,0.0516666666666666
C414,414,2,Hand1,0.9286319003993422,0.932423831336622,0.0037919309372798,0.9255742100747704,0.931069197503948,0.0054949874291775,0.7088931490518808,0.7136763931166946,0.0047832440648137,0.84901298239374,0.8555172413793104,0.0065042589855703,0.854573484069887,0.8564576909900651,0.001884206920178,0.8570915619389587,0.837609723160027,-0.0194818387789317,0.8410852713178295,0.8742071881606766,0.033121916842847
C414,414,2,Hand2,0.9290707777777778,0.933755388888889,0.0046846111111111,0.9250603675594592,0.9346287880715854,0.0095684205121261,0.6773860240056611,0.7135558207153871,0.036169796709726,0.8471760797342193,0.8606001936108422,0.0134241138766229,0.8313333333333334,0.856,0.0246666666666666,0.774434014356709,0.8339587242026266,0.0595247098459176,0.935,0.889,-0.046
C416,416,2,Srebf1,0.9304467769009972,0.9318337140524204,0.0013869371514232,0.8809332122960221,0.8831451085609775,0.0022118962649554,0.7025351999259283,0.7104220213445376,0.0078868214186093,0.7993174061433447,0.8031767955801105,0.0038593894367657,0.8691297574004007,0.8731359893167149,0.0040062319163142,0.8143254520166898,0.8283475783475783,0.0140221263308885,0.7848525469168901,0.7794906166219839,-0.0053619302949061
C416,416,2,Srebf2,0.940509,0.9440476666666666,0.0035386666666666,0.9398407818559524,0.9445123767749724,0.00467159491902,0.7260110064252694,0.7496737053028313,0.0236626988775618,0.8681388012618296,0.8751039414601697,0.00696514019834,0.8606666666666667,0.8748333333333334,0.0141666666666666,0.8239520958083832,0.8732160637238633,0.04926396791548,0.9173333333333332,0.877,-0.0403333333333333
C420,420,2,Epas1,0.9725163284587578,0.9756120604666448,0.003095732007887,0.9426291097965864,0.950576305749956,0.0079471959533694,0.8367362197189548,0.8300046180267534,-0.0067316016922014,0.893908281998631,0.886002886002886,-0.007905395995745,0.9253371868978806,0.9238921001926782,-0.0014450867052023,0.876510067114094,0.9164179104477612,0.0399078433336672,0.9120111731843576,0.8575418994413407,-0.0544692737430168
C420,420,2,HIF1A,0.965493,0.9648416666666666,-0.0006513333333334,0.9640267126606716,0.963880813640479,-0.0001458990201925,0.7830762754736108,0.8043494651704862,0.0212731896968754,0.8811089390438955,0.9024754942681508,0.0213665552242552,0.8885,0.9021666666666668,0.0136666666666668,0.943661971830986,0.8996356409407088,-0.044026330890277,0.8263333333333334,0.9053333333333332,0.0789999999999998
C421,421,2,Pol2ra,0.975085111111111,0.9776413333333334,0.0025562222222224,0.9738132062727032,0.9764225236757558,0.0026093174030527,0.824359832531387,0.8299851257159258,0.0056252931845387,0.9136044422668628,0.9170389278876836,0.0034344856208209,0.9118333333333334,0.9133333333333332,0.0014999999999998,0.8956131924431636,0.879436964504284,-0.0161762279388796,0.9323333333333332,0.958,0.0256666666666666
C421,421,2,Rnap2,0.9696794964028778,0.9711651079136692,0.0014856115107914,0.973686237142076,0.9754983941546308,0.0018121570125547,0.8497658817515434,0.8340672620848917,-0.0156986196666517,0.9183749534103616,0.9141115294961448,-0.0042634239142167,0.9242214532871972,0.9171280276816608,-0.0070934256055363,0.9528228924980664,0.9113335716839472,-0.0414893208141192,0.8863309352517985,0.916906474820144,0.0305755395683454
C425,425,2,GMEB1,0.974540888888889,0.9748567222222224,0.0003158333333334,0.974229030208207,0.974607519747714,0.000378489539507,0.8228822885051731,0.8154332815875643,-0.0074490069176087,0.9069204152249136,0.9101815311760064,0.0032611159510929,0.9103333333333332,0.9051666666666668,-0.0051666666666665,0.9428057553956836,0.8644677661169415,-0.0783379892787419,0.8736666666666667,0.961,0.0873333333333332
C425,425,2,GMEB2,0.9824810522895332,0.9864632550541864,0.0039822027646531,0.9742906004671312,0.976624382109232,0.0023337816421008,0.8816343883858933,0.8871080617641667,0.0054736733782734,0.9297023432552248,0.933080808080808,0.0033784648255831,0.9429012345679012,0.9454732510288066,0.0025720164609054,0.9279393173198482,0.928391959798995,0.0004526424791467,0.931472081218274,0.9378172588832488,0.0063451776649747
C428,428,4,NFIC,0.9498461666666668,0.9533136666666666,0.0034674999999999,0.9528281183905118,0.9564280425787643,0.0035999241882525,0.759407758940743,0.7586668352593154,-0.0007409236814275,0.8805031446540881,0.8793735421526158,-0.0011296025014723,0.8796666666666667,0.8793333333333333,-0.0003333333333334,0.8744247205785667,0.8790806129247168,0.0046558923461501,0.8866666666666667,0.8796666666666667,-0.007
C428,428,4,Nfia,0.9490203333333334,0.9555124444444444,0.006492111111111,0.9472636599587748,0.9548582131270216,0.0075945531682466,0.7355173595523952,0.7866752327325053,0.0511578731801101,0.851878612716763,0.8935816428333888,0.0417030301166257,0.8633333333333333,0.8933333333333333,0.03,0.9298107255520504,0.891506303915063,-0.0383044216369874,0.786,0.8956666666666667,0.1096666666666666
C428,428,4,Nfib,0.9675365555555556,0.9737651111111112,0.0062285555555556,0.9715002649291724,0.976602446130772,0.0051021812015995,0.8098076784161007,0.8355389947772398,0.0257313163611391,0.8976654379497981,0.9144035751117222,0.016738137161924,0.9028333333333334,0.917,0.0141666666666666,0.9480904708935854,0.9439318665720368,-0.0041586043215486,0.8523333333333334,0.8866666666666667,0.0343333333333333
C428,428,4,Nfix,0.9436146997206704,0.932498254189944,-0.0111164455307263,0.8104991194284517,0.8025091459041549,-0.0079899735242967,0.7224828007982271,0.7345075892359888,0.0120247884377616,0.7364620938628159,0.7610062893081762,0.0245441954453602,0.954145728643216,0.9522613065326632,-0.0018844221105529,0.8717948717948718,0.7658227848101266,-0.1059720869847452,0.6375,0.75625,0.11875
C43,43,3,IKZF4,0.9828495555555554,0.9851192222222224,0.0022696666666669,0.9826467316971303,0.9852023168230656,0.0025555851259352,0.863634764927352,0.8695567414977068,0.0059219765703547,0.930161427357689,0.9339177343223196,0.0037563069646305,0.9315,0.9346666666666666,0.0031666666666666,0.9487001733102252,0.9447476125511596,-0.0039525607590656,0.9123333333333332,0.9233333333333332,0.0109999999999998
C43,43,3,Ikzf1,0.9302948888888888,0.9330252777777778,0.0027303888888889,0.932194205218008,0.9367294858871208,0.0045352806691126,0.7067728476304134,0.7142556690109543,0.0074828213805409,0.8545935228023793,0.8513793103448276,-0.0032142124575517,0.8533333333333334,0.8563333333333333,0.0029999999999998,0.8473132372214941,0.8817857142857143,0.0344724770642201,0.862,0.823,-0.039
C43,43,3,Ikzf2,0.9735938888888888,0.9731387777777778,-0.000455111111111,0.974109829888863,0.9720813677097244,-0.0020284621791385,0.8498609202434878,0.8526787937401931,0.0028178734967052,0.922762148337596,0.926529255319149,0.003767106981553,0.9245,0.9263333333333332,0.0018333333333332,0.9445026178010472,0.9240716180371352,-0.0204309997639119,0.902,0.929,0.027
C431,431,3,STAT5A,0.9321980555555556,0.9346446666666668,0.0024466111111111,0.9306521661680096,0.9336692201795112,0.0030170540115016,0.7111402215103293,0.7170003585002689,0.0058601369899395,0.8456942003514939,0.8584292146073037,0.0127350142558098,0.8536666666666667,0.8585,0.0048333333333333,0.8944237918215613,0.8588588588588588,-0.0355649329627024,0.802,0.858,0.0559999999999999
C431,431,3,STAT5B,0.9433786861145542,0.9457219932163,0.0023433071017457,0.7409972698152759,0.7439921251575723,0.0029948553422963,0.6139260549642055,0.6386563435136273,0.0247302885494218,0.6390977443609023,0.6734348561759729,0.0343371118150706,0.9364027823782708,0.9360715468698244,-0.0003312355084464,0.7555555555555555,0.7007042253521126,-0.0548513302034429,0.5537459283387622,0.6482084690553745,0.0944625407166123
C431,431,3,STAT6,0.9563668888888888,0.9598550555555556,0.0034881666666668,0.9531859662692166,0.9577532242937457,0.004567258024529,0.7664272668824624,0.7762326442954525,0.00980537741299,0.8788035069623518,0.8905819419679041,0.0117784350055523,0.8825,0.8875,0.005,0.9073482428115016,0.8668349637109498,-0.0405132791005518,0.852,0.9156666666666666,0.0636666666666666
C432,432,3,STAT1,0.9678467777777776,0.9698672222222224,0.0020204444444447,0.9670516823018132,0.969727392400704,0.0026757100988907,0.8165292825182058,0.8337523159566134,0.0172230334384075,0.9063136456211812,0.9162330031895248,0.0099193575683436,0.908,0.9168333333333332,0.0088333333333331,0.9232365145228216,0.922894825836997,-0.0003416886858246,0.89,0.9096666666666666,0.0196666666666666
C432,432,3,STAT3,0.9311282222222224,0.932197,0.0010687777777776,0.9313543449282098,0.9313033089285722,-5.103599963762751e-05,0.700988650710942,0.7230813512282771,0.0220927005173351,0.8363701321900678,0.862531017369727,0.0261608851796592,0.8473333333333334,0.8615,0.0141666666666666,0.9010777521170132,0.8561576354679803,-0.0449201166490328,0.7803333333333333,0.869,0.0886666666666666
C432,432,3,Stat4,0.9277268888888892,0.9238741111111112,-0.0038527777777779,0.9061333576376732,0.8978232785213348,-0.0083100791163382,0.7155490726645056,0.7172595329865662,0.0017104603220605,0.8623060930753238,0.8641158872618485,0.0018097941865247,0.8565,0.8561666666666666,-0.0003333333333334,0.8287734399016292,0.8188600417785735,-0.0099133981230556,0.8986666666666666,0.9146666666666666,0.016
C434,434,2,TP63,0.9826175,0.984295,0.0016774999999998,0.9851456782334376,0.98698127753653,0.0018355993030925,0.8628623891240027,0.8855104531377128,0.0226480640137101,0.9327093755042762,0.9432343234323431,0.0105249479280669,0.9305,0.9426666666666668,0.0121666666666667,0.9039724741945574,0.9339869281045752,0.0300144539100177,0.9633333333333334,0.9526666666666668,-0.0106666666666666
C434,434,2,TP73,0.984042722222222,0.9841866666666668,0.0001439444444446,0.9857708535057372,0.9863369365407388,0.0005660830350014,0.8442888107251967,0.8740867663110785,0.0297979555858818,0.9238337035861632,0.937797472509437,0.0139637689232738,0.92,0.9368333333333332,0.0168333333333331,0.8815869170199879,0.9236986744261236,0.0421117574061357,0.9703333333333334,0.9523333333333334,-0.018
C44,44,2,Bcl11a,0.9517007777777776,0.9509041111111112,-0.0007966666666665,0.9528052176821288,0.9528087145515616,3.49686943290628e-06,0.763807869176803,0.7459373495960598,-0.0178705195807431,0.885408342656225,0.8621545003543586,-0.0232538423018664,0.8805,0.8703333333333333,-0.0101666666666666,0.8504758980657047,0.920196671709531,0.0697207736438263,0.9233333333333332,0.811,-0.1123333333333332
C44,44,2,ZNF296,0.9702377777777778,0.9665846666666668,-0.0036531111111109,0.9653403794440484,0.9634278927703944,-0.0019124866736538,0.8088614735908903,0.7914578008081767,-0.0174036727827135,0.9011478499229056,0.8917153661051908,-0.0094324838177148,0.9038333333333334,0.895,-0.0088333333333333,0.927035600986958,0.9205110007097232,-0.0065246002772347,0.8766666666666667,0.8646666666666667,-0.012
C440,440,2,EBF1,0.9716647222222224,0.9738295555555556,0.0021648333333332,0.9729161509499316,0.974304078705352,0.0013879277554204,0.8381790169026783,0.8479460166779126,0.0097669997752343,0.9198284394589245,0.9247984202731612,0.0049699808142367,0.919,0.9238333333333332,0.0048333333333331,0.9105160026126714,0.913227169320767,0.0027111667080955,0.9293333333333332,0.9366666666666666,0.0073333333333333
C440,440,2,EBF3,0.9439465555555556,0.9479266666666666,0.003980111111111,0.9433103164205958,0.9492924076265276,0.0059820912059317,0.7454330344677789,0.7575515396029678,0.0121185051351889,0.8693724420190996,0.8801054018445322,0.0107329598254326,0.8723333333333333,0.8786666666666667,0.0063333333333334,0.890013966480447,0.8697916666666666,-0.0202222998137803,0.8496666666666667,0.8906666666666667,0.041
C45,45,4,SALL2,0.9405524425287356,0.9489642401021712,0.0084117975734355,0.9347983956275528,0.9426381594310128,0.00783976380346,0.7626563148032024,0.7876746716773498,0.0250183568741474,0.8522179974651457,0.8699775393062141,0.0177595418410684,0.8854166666666666,0.8976022012578616,0.0121855345911949,0.905223478729133,0.9082855653986452,0.0030620866695122,0.8050766283524904,0.8347701149425287,0.0296934865900383
C45,45,4,Sall1,0.9578515844858436,0.9637519286288324,0.0059003441429889,0.9318285398320496,0.9364629029034266,0.0046343630713769,0.8303401889969536,0.8454585132146434,0.0151183242176897,0.8659562535053281,0.8801313628899836,0.0141751093846554,0.93953959018467,0.9445990387047812,0.0050594485201113,0.9290012033694344,0.9188571428571428,-0.0101440605122915,0.8109243697478992,0.8445378151260504,0.0336134453781512
C45,45,4,Sall3,0.9615501424402538,0.960151771625688,-0.0013983708145658,0.9350266659359504,0.9359345080729924,0.0009078421370418,0.8108482882627296,0.7976876257444614,-0.0131606625182681,0.8690425075139545,0.8661037394451147,-0.0029387680688398,0.9168937329700272,0.9092643051771118,-0.0076294277929155,0.9174977334542158,0.8540840602696272,-0.0634136731845885,0.8254486133768353,0.8784665579119086,0.0530179445350733
C45,45,4,Sall4,0.9720699160885764,0.974873649815336,0.0028037337267594,0.9660714287904638,0.9682332916886098,0.002161862898146,0.8914427060325066,0.8939434397186046,0.0025007336860979,0.9287054409005628,0.9307238272755514,0.0020183863749885,0.9507453013609852,0.9518254482609636,0.0010801468999784,0.945859872611465,0.9415461973601508,-0.0043136752513142,0.9121621621621622,0.92014742014742,0.0079852579852578
C5,5,2,SP140,0.9729148393085044,0.9707474184940248,-0.0021674208144797,0.9650406700323356,0.9593102483473904,-0.005730421684945,0.8674640800939446,0.8589277889258974,-0.0085362911680472,0.9353283458021612,0.9318666885568871,-0.0034616572452741,0.9337646858505024,0.9293376468585052,-0.0044270389919971,0.9330016583747928,0.9181494661921707,-0.0148521921826219,0.9376666666666666,0.946,0.0083333333333333
C5,5,2,SP140L,0.9630511111111112,0.9611645555555556,-0.0018865555555555,0.960308547921038,0.9589092576021772,-0.0013992903188607,0.7983333776851889,0.7845644964535895,-0.0137688812315993,0.8991834694217631,0.8885459533607681,-0.0106375160609949,0.8991666666666667,0.8916666666666667,-0.0074999999999999,0.8990336554481839,0.9149011299435028,0.0158674744953188,0.8993333333333333,0.8636666666666667,-0.0356666666666666
C50,50,2,Glis1,0.9726385,0.975576,0.0029375,0.9686918776887212,0.9725174464402772,0.0038255687515559,0.835120683658813,0.8425813904228938,0.0074607067640808,0.918195339613287,0.9229779707348448,0.0047826311215577,0.9175,0.9201666666666668,0.0026666666666668,0.9105211406096362,0.8915812364088226,-0.0189399042008135,0.926,0.9566666666666668,0.0306666666666667
C50,50,2,Glis3,0.9795111111111112,0.981821722222222,0.0023106111111107,0.9768338283051198,0.9802546716661904,0.0034208433610706,0.86612030284145,0.8692285793546055,0.0031082765131554,0.932436974789916,0.935785737334624,0.003348762544708,0.933,0.9336666666666666,0.0006666666666665,0.9403389830508476,0.906816760475297,-0.0335222225755504,0.9246666666666666,0.9666666666666668,0.0420000000000001
C53,53,2,ZEB1,0.9497163333333334,0.9520417777777778,0.0023254444444443,0.9438296768516196,0.9474845687971714,0.0036548919455516,0.7514642665144947,0.7616319515990165,0.0101676850845218,0.8744952893674294,0.8789722785665991,0.0044769891991697,0.8756666666666667,0.8806666666666667,0.005,0.8828125,0.8916323731138546,0.0088198731138545,0.8663333333333333,0.8666666666666667,0.0003333333333334
C53,53,2,ZEB2,0.9344218483545011,0.934103693145664,-0.0003181552088371,0.8520944286049796,0.8731872142517735,0.0210927856467938,0.7580044669617587,0.7603514653392535,0.0023469983774947,0.7870619946091644,0.7780979827089337,-0.0089640119002306,0.9422936449963476,0.943754565376187,0.0014609203798392,0.863905325443787,0.9310344827586208,0.0671291573148338,0.7227722772277227,0.6683168316831684,-0.0544554455445543
C59,59,3,ZFX,0.9459266666666668,0.9478215,0.0018948333333332,0.9452041887726284,0.9463662695459624,0.0011620807733339,0.7447354177305783,0.7578374942743407,0.0131020765437623,0.8754851228978008,0.8812896922325354,0.0058045693347346,0.8716666666666667,0.8785,0.0068333333333332,0.8501884422110553,0.8615090735434575,0.0113206313324022,0.9023333333333332,0.902,-0.0003333333333332
C59,59,3,ZFY,0.9828947777777778,0.9818607777777778,-0.0010339999999999,0.9805358802641728,0.9766314775070336,-0.0039044027571393,0.8694584275520431,0.8704093821068195,0.0009509545547764,0.9357049608355092,0.9359816152330924,0.0002766543975832,0.9343333333333332,0.935,0.0006666666666667,0.9165601023017904,0.9220569210866753,0.0054968187848849,0.9556666666666668,0.9503333333333334,-0.0053333333333333
C59,59,3,ZNF711,0.9456136533323242,0.9490968393516448,0.0034831860193206,0.9192929462699208,0.9196707375062152,0.0003777912362944,0.7898130864398053,0.7995947749811353,0.0097816885413299,0.8536585365853658,0.8564570331253001,0.0027984965399342,0.9074458617620884,0.911302284188668,0.0038564224265795,0.9118236472945892,0.939936775553214,0.0281131282586247,0.8024691358024691,0.7865961199294532,-0.0158730158730159
C62,62,4,SP2,0.9919668982427462,0.9938772646778368,0.0019103664350905,0.9926645642451104,0.9942281765685604,0.0015636123234499,0.9201543278279062,0.9303065050765322,0.010152177248626,0.9637096774193548,0.9689564068692206,0.0052467294498657,0.9603451441160272,0.9654855883972828,0.0051404442812557,0.9715447154471544,0.9600785340314136,-0.0114661814157408,0.956,0.978,0.022
C62,62,4,SP4,0.9943836919239164,0.9969444964140942,0.0025608044901777,0.994917579675436,0.9977067715203878,0.0027891918449516,0.9305412046438242,0.9560546700706624,0.0255134654268381,0.9713914174252276,0.9818541735400858,0.0104627561148581,0.9657454262358894,0.9785908913974308,0.0128454651615413,0.9479695431472082,0.9719137818419332,0.023944238694725,0.996,0.992,-0.004
C62,62,4,SP5,0.9729691666666668,0.9788172222222222,0.0058480555555555,0.9712445062764802,0.9782475789460552,0.007003072669575,0.8344146838625441,0.8570004285003214,0.0225857446377772,0.9185572058103476,0.928535732133933,0.0099785263235854,0.9168333333333332,0.9285,0.0116666666666667,0.8999040614007036,0.928071928071928,0.0281678666712243,0.938,0.929,-0.0089999999999998
C62,62,4,Sp1,0.956007777777778,0.961839,0.005831222222222,0.9543138774655798,0.9637325750385992,0.0094186975730193,0.7679627599887291,0.7964787391023067,0.0285159791135776,0.8695652173913043,0.8962008141112618,0.0266355967199575,0.8795,0.898,0.0185,0.9476995674400316,0.912292817679558,-0.0354067497604734,0.8033333333333333,0.8806666666666667,0.0773333333333333
C63,63,3,EGR1,0.9818607777777776,0.9842437777777776,0.0023829999999999,0.9800827373033376,0.9840370425831384,0.0039543052798007,0.8654264197589534,0.8760522631926643,0.0106258434337108,0.9321692411014104,0.938741993759238,0.0065727526578276,0.9326666666666666,0.9378333333333332,0.0051666666666665,0.939106901217862,0.9252185173195208,-0.0138883838983412,0.9253333333333332,0.9526666666666668,0.0273333333333334
C63,63,3,EGR3,0.9920887777777776,0.9935347222222224,0.0014459444444446,0.9898366928100928,0.9914782711912092,0.0016415783811164,0.92666852000556,0.9386084154437218,0.0119398954381616,0.9633699633699634,0.9695481335952848,0.0061781702253214,0.9633333333333334,0.969,0.0056666666666665,0.962408516300732,0.9527027027027029,-0.009705813598029,0.9643333333333334,0.987,0.0226666666666666
C63,63,3,Egr2,0.9916694444444444,0.9941376666666666,0.0024682222222222,0.9907788071172384,0.9934049031282608,0.0026260960110222,0.9256691865473266,0.9374505532622822,0.0117813667149556,0.962876643915432,0.9689807976366324,0.0061041537212003,0.9628333333333332,0.9685,0.0056666666666667,0.9617559028932492,0.9544131910766246,-0.0073427118166244,0.964,0.984,0.02
C64,64,11,KLF1,0.9778965,0.9843174444444444,0.0064209444444442,0.9727468503748812,0.981575628066898,0.0088287776920169,0.8429315118278162,0.8760523328680236,0.0331208210402074,0.9196534737557328,0.9389946315275745,0.0193411577718415,0.9211666666666668,0.9375,0.0163333333333333,0.9376515413924488,0.9170638703527167,-0.0205876710397321,0.9023333333333332,0.962,0.0596666666666666
C64,64,11,KLF10,0.9726802628155088,0.9849837366640646,0.0123034738485557,0.9657208332667656,0.9823413313201552,0.0166204980533897,0.8140157930264353,0.8861291376620082,0.0721133446355728,0.893756397134084,0.9391136801541424,0.0453572830200584,0.906688241639698,0.9431859043509528,0.0364976627112548,0.9397331037451572,0.9273211567732116,-0.0124119469719455,0.8520686963309914,0.9512099921935988,0.0991412958626074
C64,64,11,KLF11,0.973434777777778,0.980774,0.0073392222222221,0.9741924503441464,0.9811652929683132,0.0069728426241668,0.8266674014824612,0.8589005103053007,0.0322331088228394,0.9132755170113408,0.9284991568296797,0.0152236398183387,0.9133333333333332,0.9293333333333332,0.0159999999999999,0.9138851802403204,0.9395904436860067,0.0257052634456863,0.9126666666666666,0.9176666666666666,0.005
C64,64,11,KLF12,0.9749111111111112,0.986864277777778,0.0119531666666669,0.9710739179762412,0.9860041243010116,0.0149302063247702,0.8392858383569041,0.8907238727701728,0.0514380344132687,0.9211806681803438,0.945641365594962,0.0244606974146182,0.919,0.9453333333333334,0.0263333333333333,0.8970309538850284,0.9403427818061963,0.0433118279211679,0.9466666666666668,0.951,0.0043333333333333
C64,64,11,KLF3,0.9805765555555556,0.9839618333333334,0.0033852777777778,0.9814589272238836,0.9843317427006032,0.0028728154767194,0.8651398603179412,0.8837413459657344,0.0186014856477931,0.929785407725322,0.941452776379802,0.01166736865448,0.9318333333333332,0.9418333333333332,0.0099999999999998,0.95858407079646,0.9476528199932456,-0.0109312508032145,0.9026666666666666,0.9353333333333332,0.0326666666666666
C64,64,11,KLF5,0.9639054444444444,0.9699535,0.0060480555555555,0.9647599441490168,0.9721739585600714,0.0074140144110546,0.7769731097422166,0.8169152282475025,0.0399421185052859,0.8919562113279391,0.9071886601417484,0.0152324488138092,0.8865,0.9083333333333332,0.0218333333333332,0.8510445049954587,0.9186602870813396,0.0676157820858809,0.937,0.896,-0.041
C64,64,11,KLF7,0.9629464285714284,0.972470238095238,0.0095238095238094,0.8813603704362438,0.9210424772780044,0.0396821068417605,0.7499259648092437,0.8144562288345466,0.0645302640253029,0.7787610619469026,0.8461538461538461,0.0673927842069435,0.934036939313984,0.9472295514511874,0.0131926121372032,0.8979591836734694,0.8333333333333334,-0.064625850340136,0.6875,0.859375,0.171875
C64,64,11,KLF9,0.9903306666666666,0.9930904444444444,0.0027597777777778,0.9895997661645112,0.9928417909838816,0.0032420248193705,0.8989301018660524,0.9240462034652888,0.0251161015992363,0.9474405067625408,0.9621890547263682,0.0147485479638275,0.9488333333333332,0.962,0.0131666666666666,0.9739528335093276,0.9574257425742574,-0.0165270909350703,0.9223333333333332,0.967,0.0446666666666666
C64,64,11,Klf16,0.9612326666666668,0.9775291111111112,0.0162964444444444,0.9618685949950708,0.9780157179843342,0.0161471229892634,0.7874642595400195,0.8604136901642353,0.0729494306242157,0.8916398168560284,0.9306406224135076,0.0390008055574792,0.8935,0.9301666666666668,0.0366666666666668,0.9074905074214704,0.9243669845445576,0.016876477123087,0.8763333333333333,0.937,0.0606666666666667
C64,64,11,Klf4,0.9637262222222222,0.9693628888888888,0.0056366666666666,0.9610691638743046,0.9675726563699528,0.0065034924956481,0.803934543871104,0.825667813428315,0.021733269557211,0.8997280761386812,0.9127606338615512,0.0130325577228699,0.9016666666666666,0.9128333333333334,0.0111666666666667,0.9178224687933426,0.9135225375626044,-0.0042999312307382,0.8823333333333333,0.912,0.0296666666666667
C64,64,11,Klf6,0.9680132222222222,0.9847342222222224,0.0167210000000002,0.9659341323794272,0.9818140665590184,0.0158799341795912,0.7461713952713619,0.8851086291638943,0.1389372338925324,0.8479641389615241,0.9429469158260294,0.0949827768645052,0.8643333333333333,0.9425,0.0781666666666667,0.9643160577740016,0.9356744338693798,-0.0286416239046218,0.7566666666666667,0.9503333333333334,0.1936666666666666
C67,67,2,Zbtb7a,0.9658748888888892,0.9659986111111112,0.0001237222222221,0.9636615132134692,0.9635249742337632,-0.0001365389797061,0.798788624415655,0.8107063891445314,0.0119177647288764,0.8910437235543018,0.9065834838285995,0.0155397602742977,0.897,0.9051666666666668,0.0081666666666667,0.9457335329341318,0.8932384341637011,-0.0524950987704306,0.8423333333333334,0.9203333333333332,0.0779999999999998
C67,67,2,Zbtb7b,0.9616136666666668,0.9641260555555556,0.0025123888888888,0.9532746619878026,0.9583460961747892,0.0050714341869865,0.7998049771202221,0.798193186129394,-0.001611790990828,0.901948051948052,0.9000989119683481,-0.0018491399797038,0.8993333333333333,0.899,-0.0003333333333332,0.8791139240506329,0.8904109589041096,0.0112970348534766,0.926,0.91,-0.016
C68,68,2,ZIC5,0.99061187664042,0.9912239173228348,0.0006120406824148,0.9915202222376984,0.9919188427006153,0.0003986204629168,0.9297418389406924,0.9330527477694132,0.0033109088287207,0.9718636213174444,0.9731788079470198,0.0013151866295753,0.9662162162162162,0.9678060413354532,0.0015898251192369,0.965154503616042,0.9667763157894737,0.0016218121734316,0.9786666666666668,0.9796666666666668,0.0010000000000001
C68,68,2,Zic2,0.9626034444444443,0.9630372777777776,0.0004338333333332,0.9569569080308984,0.9582760305170192,0.0013191224861208,0.8102263955874447,0.8041503008023042,-0.0060760947851404,0.9070559610705596,0.9029382634532848,-0.0041176976172748,0.9045,0.902,-0.0024999999999999,0.8834123222748815,0.894375408763898,0.0109630864890164,0.932,0.9116666666666666,-0.0203333333333334
C7,7,2,IRF6,0.9528203333333336,0.95349,0.0006696666666664,0.9540490273838694,0.955559429540756,0.0015104021568865,0.7706427228648212,0.7824348068170273,0.0117920839522061,0.8867707477403451,0.8891525423728813,0.0023817946325361,0.8851666666666667,0.891,0.0058333333333333,0.8745542949756888,0.9044827586206896,0.0299284636450007,0.8993333333333333,0.8743333333333333,-0.025
C7,7,2,Irf5,0.9766642222222224,0.9774452222222222,0.0007809999999999,0.9748087746863188,0.9750082846142178,0.000199509927899,0.8436835873794034,0.85003192402062,0.0063483366412165,0.9220800797474664,0.9246735855373284,0.002593505789862,0.9218333333333332,0.925,0.0031666666666667,0.9191785359390526,0.9287155346334902,0.0095369986944375,0.925,0.9206666666666666,-0.0043333333333334
C73,73,2,ZNF148,0.9457757889778614,0.9483700737949442,0.0025942848170827,0.9381279061529892,0.9415244292797424,0.0033965231267532,0.7809262235929789,0.7847003360421639,0.003774112449185,0.8650793650793651,0.866,0.0009206349206348,0.8938122194026937,0.8953738044114776,0.0015615850087838,0.9135673127291776,0.9227490676611614,0.0091817549319838,0.8214790390956194,0.8158266603862458,-0.0056523787093735
C73,73,2,ZNF281,0.9661698333333332,0.9665904444444444,0.0004206111111111,0.960311796950522,0.9622998912256062,0.0019880942750841,0.8036113790190826,0.7986202248970076,-0.004991154122075,0.8995410504844467,0.895162678602169,-0.0043783718822776,0.9015,0.8985,-0.003,0.9177939646201873,0.9255962976148095,0.0078023329946222,0.882,0.8666666666666667,-0.0153333333333333
C79,79,2,GFI1B,0.902876358695652,0.9038900966183576,0.0010137379227055,0.880803236740877,0.8818769192479967,0.0010736825071196,0.6363246911560523,0.6499576856244016,0.0136329944683493,0.7709108960039712,0.7907306691889335,0.0198197731849623,0.8227726574500768,0.8300691244239631,0.0072964669738863,0.8528281164195497,0.8273132112815438,-0.0255149051380059,0.7033514492753623,0.7572463768115942,0.0538949275362319
C79,79,2,Gfi1,0.9486336111111112,0.9502702222222222,0.0016366111111111,0.9450575207570968,0.9463050443013764,0.0012475235442795,0.739099345515492,0.7652929506888397,0.0261936051733477,0.8746291959406713,0.8808517829981409,0.0062225870574695,0.8661666666666666,0.8825,0.0163333333333333,0.8226138032305433,0.893383613301337,0.0707698100707936,0.9336666666666666,0.8686666666666667,-0.0649999999999999
C8,8,3,IRF4,0.9542613333333334,0.9596492777777778,0.0053879444444443,0.9541141745436256,0.9597186125306744,0.0056044379870486,0.745898955579931,0.7694729081212835,0.0235739525413525,0.8608587208266524,0.8885022932152459,0.0276435723885934,0.8698333333333333,0.8825,0.0126666666666666,0.9246077305778798,0.8453204935299429,-0.0792872370479369,0.8053333333333333,0.9363333333333334,0.131
C8,8,3,IRF9,0.9636985656867094,0.9740257558037936,0.0103271901170841,0.8747082906425712,0.8932539825811272,0.018545691938556,0.7793759208718454,0.7815413041768199,0.0021653833049745,0.8,0.8,0.0,0.9616438356164384,0.9627397260273972,0.0010958904109588,0.8284023668639053,0.8553459119496856,0.0269435450857802,0.7734806629834254,0.7513812154696132,-0.0220994475138122
C8,8,3,Irf8,0.9866959937627444,0.986489504617968,-0.0002064891447763,0.9873580581258716,0.98721990622403,-0.0001381519018415,0.9057233372062744,0.9155157128481604,0.0097923756418858,0.9509025270758122,0.956335003579098,0.0054324765032857,0.9529330333967816,0.9577781623118188,0.0048451289150373,0.9540021731256793,0.9512281950872196,-0.0027739780384595,0.9478229578985248,0.961496941345808,0.0136739834472833
C80,80,4,SCRT1,0.936352888888889,0.9438583333333332,0.0075054444444442,0.9418208198757044,0.9494781007337184,0.007657280858014,0.7301272154688303,0.7538525724963865,0.0237253570275561,0.8662483487450462,0.8674188998589563,0.00117055111391,0.865,0.8746666666666667,0.0096666666666667,0.8583115183246073,0.9206586826347304,0.0623471643101231,0.8743333333333333,0.82,-0.0543333333333333
C80,80,4,SCRT2,0.9435881111111112,0.952161777777778,0.0085736666666668,0.9479011137674092,0.9578990893859703,0.009997975618561,0.7614959723968644,0.7996141488582582,0.0381181764613938,0.881887165951831,0.896822685343355,0.0149355193915239,0.8806666666666667,0.8993333333333333,0.0186666666666666,0.8729588504245591,0.9197617379117028,0.0468028874871436,0.891,0.875,-0.016
C80,80,4,SNAI2,0.9806771111111112,0.9800283888888888,-0.0006487222222224,0.9802802394728476,0.9782951527519508,-0.0019850867208967,0.8548264391613217,0.8576876802722532,0.0028612411109314,0.9266240323123528,0.9285833751463456,0.0019593428339927,0.9273333333333332,0.9288333333333332,0.0014999999999998,0.9357579877634262,0.9318563276267204,-0.0039016601367057,0.9176666666666666,0.9253333333333332,0.0076666666666665
C80,80,4,Snai1,0.970739,0.9706428888888888,-9.611111111107462e-05,0.9691883961990062,0.9687234681582269,-0.0004649280407793,0.8253261724992432,0.8252579334125864,-6.823908665687384e-05,0.9144246353322528,0.9113924050632912,-0.0030322302689616,0.912,0.9125,0.0004999999999999,0.8899053627760253,0.9230769230769232,0.0331715603008979,0.9403333333333334,0.9,-0.0403333333333333
C81,81,3,YY1,0.99225051994706,0.9925410285498204,0.0002905086027604,0.9939308699060474,0.9941249229108738,0.0001940530048264,0.9291327667059408,0.9400083406848696,0.0108755739789287,0.9739850869925436,0.977910646072081,0.0039255590795375,0.967037581356288,0.9720764224228428,0.0050388410665547,0.9683690280065896,0.9745117510758028,0.006142723069213,0.9796666666666668,0.9813333333333332,0.0016666666666664
C81,81,3,YY2,0.9469382222222222,0.9459958333333334,-0.0009423888888888,0.9491638198565958,0.9490785159512748,-8.530390532102139e-05,0.7438656119072846,0.739099282743248,-0.0047663291640366,0.8602418207681366,0.8578030572342694,-0.0024387635338671,0.869,0.8666666666666667,-0.0023333333333332,0.921875,0.9188880426504188,-0.0029869573495812,0.8063333333333333,0.8043333333333333,-0.002
C81,81,3,Zfp42,0.942598413411166,0.9423738961233348,-0.0002245172878312,0.8876496891700881,0.8878924090804261,0.0002427199103379,0.7895647749650349,0.7912303079628261,0.0016655329977912,0.8089887640449438,0.8,-0.0089887640449437,0.9456869009584664,0.9456869009584664,0.0,0.9473684210526316,1.0,0.0526315789473684,0.7058823529411765,0.6666666666666666,-0.0392156862745098
C82,82,2,ZNF143,0.9828166666666668,0.9843039999999998,0.0014873333333331,0.9808205016372412,0.9833512730963504,0.0025307714591092,0.8687873399556655,0.8740194228696536,0.0052320829139881,0.933781512605042,0.9367892976588628,0.0030077850538207,0.9343333333333332,0.937,0.0026666666666667,0.9416949152542372,0.9399328859060404,-0.0017620293481969,0.926,0.9336666666666666,0.0076666666666665
C82,82,2,ZNF76,0.9767436666666668,0.9812885555555556,0.0045448888888889,0.9751860205256906,0.9802304193676402,0.0050443988419496,0.8389359150866543,0.854454999055813,0.0155190839691586,0.9182984469952734,0.9242918454935622,0.0059933984982888,0.9193333333333332,0.9265,0.0071666666666666,0.9302325581395348,0.9529203539823008,0.0226877958427659,0.9066666666666666,0.8973333333333333,-0.0093333333333333
C85,85,2,CTCFL,0.9950574444444444,0.9957332222222224,0.0006757777777778,0.9954763079772972,0.9964719102090056,0.0009956022317084,0.9384223851313566,0.9523664021853088,0.0139440170539522,0.9694581280788176,0.9760669456066946,0.0066088175278768,0.969,0.9761666666666666,0.0071666666666666,0.9553398058252428,0.9801680672268908,0.024828261401648,0.984,0.972,-0.012
C85,85,2,Ctcf,0.9875368333333332,0.9896093888888888,0.0020725555555555,0.9889856793760388,0.9905347721735792,0.0015490927975405,0.9040650950303476,0.9126339943560544,0.0085688993257068,0.952286282306163,0.9555968259328044,0.0033105436266414,0.952,0.9561666666666668,0.0041666666666668,0.9466403162055336,0.9681833732466644,0.0215430570411307,0.958,0.9433333333333334,-0.0146666666666666
C90,90,2,MYNN,0.9604313333333334,0.961202611111111,0.0007712777777776,0.9565267013092532,0.9587317074369516,0.0022050061276983,0.7775102082089653,0.7819180517254408,0.0044078435164754,0.8850042844901457,0.8860103626943006,0.0010060782041548,0.8881666666666667,0.89,0.0018333333333333,0.910758377425044,0.9193548387096774,0.0085964612846333,0.8606666666666667,0.855,-0.0056666666666667
C90,90,2,ZBTB24,0.8421508142383629,0.8442388672719412,0.0020880530335782,0.8201950099647388,0.8265225860214063,0.0063275760566674,0.522222030597973,0.529536688378754,0.0073146577807809,0.7207207207207207,0.7009756097560975,-0.0197451109646231,0.7666102013928101,0.7692452475061171,0.002635046113307,0.7522331922896098,0.8041410184667039,0.0519078261770941,0.6917423259835711,0.6212710765239948,-0.0704712494595762
C91,91,2,ZSCAN5A,0.9527244444444444,0.9558642222222224,0.0031397777777779,0.957625968159203,0.960602435649132,0.0029764674899289,0.7733669067374219,0.7667509429469554,-0.0066159637904664,0.8784685634000703,0.8850631251024759,0.0065945617024055,0.8846666666666667,0.8831666666666667,-0.0015,0.9283593170007424,0.8709261051952243,-0.057433211805518,0.8336666666666667,0.8996666666666666,0.0659999999999999
C91,91,2,ZSCAN5C,0.9021865555555556,0.9034621111111112,0.0012755555555556,0.9042626126662398,0.9032774711678389,-0.0009851414984008,0.6424794079600183,0.6282031261159546,-0.0142762818440637,0.8125108601216333,0.8238028823802882,0.0112920222586548,0.8201666666666667,0.8105,-0.0096666666666667,0.8486388384754991,0.7697654213727194,-0.0788734171027797,0.7793333333333333,0.886,0.1066666666666666
C93,93,3,ZNF747,0.9768525161933233,0.977724962630792,0.0008724464374687,0.9377224656587948,0.9297021067601198,-0.0080203588986751,0.8606786001190705,0.8469060784159382,-0.0137725217031322,0.885145482388974,0.8739495798319328,-0.0111959025570411,0.9591169255928046,0.9550286181520852,-0.0040883074407194,0.9073783359497644,0.89375,-0.0136283359497644,0.8639760837070254,0.8550074738415545,-0.0089686098654708
C93,93,3,ZNF764,0.8253400143163923,0.8992483894058697,0.0739083750894774,0.687411904371619,0.7529375178642799,0.0655256134926608,0.6066371175672094,0.7240577505345166,0.1174206329673072,0.59375,0.7619047619047619,0.1681547619047618,0.912751677852349,0.9328859060402684,0.0201342281879194,0.95,0.8,-0.1499999999999999,0.4318181818181818,0.7272727272727273,0.2954545454545454
C93,93,3,ZNF785,0.9140360423282142,0.9144502286145876,0.0004141862863733,0.7788893786874105,0.7583264956676824,-0.020562883019728,0.7108680559680943,0.686136527023292,-0.0247315289448023,0.7344110854503464,0.7155555555555555,-0.0188555298947908,0.9504950495049505,0.944898837709858,-0.0055962117950923,0.8071065989847716,0.7523364485981309,-0.0547701503866406,0.673728813559322,0.6822033898305084,0.0084745762711864
C95,95,2,ZNF425,0.923738851095994,0.9240720584530108,0.0003332073570166,0.8538495473089621,0.8519804204674813,-0.0018691268414807,0.636084730854755,0.6738358893272917,0.0377511584725366,0.7211120764552563,0.77697320782042,0.0558611313651636,0.8514920194309508,0.8575063613231552,0.0060143418922044,0.8478038815117467,0.7456567060458652,-0.1021471754658814,0.6273620559334845,0.8110355253212396,0.183673469387755
C95,95,2,ZNF786,0.9649466666666666,0.9653893333333332,0.0004426666666665,0.963692486203475,0.9648397246600452,0.0011472384565701,0.7952227377394474,0.7991428755332365,0.003920137793789,0.8986987316751771,0.9013854930725348,0.0026867613973576,0.8975,0.8991666666666667,0.0016666666666667,0.8883099967437317,0.8819776714513556,-0.006332325292376,0.9093333333333332,0.9216666666666666,0.0123333333333333
C96,96,4,Repin1,0.9437484498072732,0.9459951399363165,0.0022466901290431,0.9306566855864098,0.9311348429110556,0.0004781573246458,0.764170198635448,0.7737688671266162,0.0095986684911681,0.8554496263849524,0.8604771784232366,0.0050275520382842,0.8875526157546603,0.892162758067749,0.0046101423130887,0.8773784355179705,0.8885913229780397,0.0112128874600692,0.8345902463549523,0.8340874811463047,-0.0005027652086475
C96,96,4,ZNF316,0.9758123333333332,0.975142,-0.0006703333333333,0.9813251379788324,0.9800626600079286,-0.0012624779709037,0.8709316637479496,0.8743548118233411,0.0034231480753914,0.9345258184272696,0.9355551776908688,0.0010293592635991,0.9353333333333332,0.9368333333333332,0.0014999999999998,0.9463431305536568,0.9548767788962166,0.0085336483425597,0.923,0.917,-0.006
C96,96,4,ZNF467,0.9873892222222224,0.9833618333333334,-0.0040273888888888,0.9862684893886496,0.98085863259772,-0.0054098567909295,0.8976687251280923,0.8792504307691474,-0.0184182943589448,0.9493587635646168,0.9406260083898031,-0.0087327551748137,0.9486666666666668,0.9386666666666666,-0.01,0.936729396495782,0.9115071919949967,-0.0252222045007851,0.9623333333333334,0.9716666666666668,0.0093333333333334
C96,96,4,ZNF775,0.946663410301954,0.9457764949674364,-0.0008869153345174,0.8864027688882025,0.8841358666856491,-0.0022669022025533,0.7252928411190638,0.7225776860661116,-0.0027151550529521,0.7972477064220184,0.7989441267047954,0.001696420282777,0.8928744546776539,0.8892389723703344,-0.0036354823073194,0.8244781783681214,0.7916303400174368,-0.0328478383506846,0.7717584369449378,0.8063943161634103,0.0346358792184724
C99,99,6,Prdm9,0.8350446428571429,0.7474330357142858,-0.0876116071428571,0.4588212949569828,0.4685392948911067,0.0097179999341238,0.2771428571428571,0.2935197542821371,0.0163768971392799,0.2962962962962963,0.1818181818181818,-0.1144781144781144,0.8560606060606061,0.8636363636363636,0.0075757575757575,0.5714285714285714,1.0,0.4285714285714286,0.2,0.1,-0.1
C99,99,6,ZNF133,0.9734811647146424,0.9684847849070886,-0.0049963798075539,0.9648989795188556,0.9532398143660678,-0.0116591651527879,0.8522278428084155,0.8356813360515561,-0.0165465067568593,0.902799622522806,0.8912147161433556,-0.0115849063794503,0.9331313568491668,0.9257736420688164,-0.0073577147803504,0.9204618345093007,0.9165035877364645,-0.0039582467728364,0.8858024691358025,0.8672839506172839,-0.0185185185185186
C99,99,6,ZNF169,0.9453765830346476,0.950747192353644,0.0053706093189964,0.9097949413858302,0.9192244392594568,0.0094294978736266,0.725710293013099,0.7721215578338041,0.0464112648207051,0.7911908646003263,0.8378995433789954,0.0467086787786691,0.8835039817974971,0.9030716723549488,0.0195676905574516,0.9176915799432356,0.8929440389294404,-0.0247475410137951,0.6953405017921147,0.789247311827957,0.0939068100358423
C99,99,6,ZNF337,0.9605776666666668,0.9704149444444444,0.0098372777777776,0.9541789937902674,0.9657765069843436,0.0115975131940762,0.7876281966404082,0.8283389016302212,0.0407107049898129,0.897137464611513,0.9143237398103476,0.0171862751988346,0.891,0.9141666666666668,0.0231666666666667,0.8493150684931506,0.912653603454002,0.0633385349608514,0.9506666666666668,0.916,-0.0346666666666666
C99,99,6,ZNF343,0.9719318888888888,0.979256,0.0073241111111111,0.97012875885662,0.9783288388153312,0.0082000799587111,0.8300426773319184,0.8543629992302929,0.0243203218983745,0.9163945133899412,0.9274688796680498,0.0110743662781085,0.9146666666666666,0.9271666666666668,0.0125000000000001,0.8982074263764405,0.9236363636363636,0.0254289372599231,0.9353333333333332,0.9313333333333332,-0.0040000000000001
C99,99,6,ZNF589,1.0,1.0,0.0,1.0,1.0,0.0,0.0,1.0,1.0,0.0,1.0,1.0,0.8333333333333334,1.0,0.1666666666666666,0.0,1.0,1.0,0.0,1.0,1.0
