TF_Name,Subgroup,GSM_ID,Family,Function,Cell_Line,Species,Cistrome_ID,External_ID_Type,PBC,FRiP,MappedRatio,PeaksFoldChangeAbove10,PeaksUnionDHSRatio,FastQC,GC_Content_Mean,GC_Content_Median,GC_Content_Std,GC_Content_Min,GC_Content_Max,Total_Sequences,Avg_Sequence_Length,mcc,roc_auc,pr_auc,precision,recall,accuracy,f1,gsm,fold
ADNP,Unknown/Other,GSM5215548,Unknown/Other,Gene Regulation,Hep-G2,homo_sapiens,153052,GEO,0.995,0.0292357190948772,0,414,0.8322,35,57.02,55.5,9.11,21,95.5,15000,200,0.5948745133993154,0.9183926565282916,0.7677955640426363,0.728993186979561,0.642,0.8594093622368835,0.6827366182204891,GSM5215548,0
AFF1,Unknown/Other,GSM2364545,Unknown/Other,Gene Regulation,SEM,homo_sapiens,73714,GEO,0.981,0.1778592499999555,0,2600,0.9386,34,65.53,65.5,8.89,21.5,90.5,15000,200,0.8587572904853604,0.9792756892230576,0.9704450697133122,0.9082687338501292,0.9373333333333334,0.9298036882807852,0.9225721784776902,GSM2364545,0
AFF4,Unknown/Other,GSM1405081,Unknown/Other,Gene Regulation,HeLa,homo_sapiens,48996,GEO,0.97,0.0868609999999782,0,830,0.9552,39,57.98,58.5,10.74,21.5,83.5,15000,200,0.7136160863698291,0.9375188969183488,0.874046161877736,0.7922511690046761,0.7906666666666666,0.886631598040994,0.7914581247914582,GSM1405081,0
AHR,Unknown/Other,GSM4558333,Unknown/Other,Gene Regulation,coronary artery,homo_sapiens,159715,GEO,0.986,0.1509253059977132,0,288,0.6008,40,64.6,65.5,9.01,17,95.5,15000,200,0.8756676604442809,0.9797100446750252,0.964069956063712,0.917925147734734,0.932,0.9404668240230788,0.9249090307641415,GSM4558333,0
AKNA,Unknown/Other,GSM5215207,Unknown/Other,Gene Regulation,Hep-G2,homo_sapiens,153370,GEO,0.994,0.0193805775223052,0,334,0.9292,35,59.42,60.5,9.67,17.5,95.5,11772,200,0.710853285398308,0.9353518189541978,0.8864046260949776,0.8167400881057268,0.7875955819881053,0.874965874965875,0.8019031141868512,GSM5215207,0
AR,Nuclear Receptor,GSM980658,Nuclear Receptor,"Hormone Response, Metabolism",VCaP,homo_sapiens,37094,GEO,0.895,0.5819404999998545,0,61942,0.9282,38,40.96,40,6.35,25,77,15000,200,0.7391874286590001,0.9526288585042472,0.8677286516982887,0.7430922986478542,0.8426666666666667,0.9151965725806452,0.7897532021243362,GSM980658,0
ARID1B,Nuclear Receptor,GSM2424019,Nuclear Receptor,"Hormone Response, Metabolism",K562,homo_sapiens,101046,GEO,0.926,0.1978844999999505,0,9995,0.9728,40,47.58,47,7.97,19.5,82.5,15000,200,0.6481821705334899,0.9167921859545004,0.7863128507055935,0.7617942768754834,0.6566666666666666,0.9001213592233009,0.7053347654851414,GSM2424019,0
ARID3A,Nuclear Receptor,GSM2574781,Nuclear Receptor,"Hormone Response, Metabolism",Hep-G2,homo_sapiens,74657,GEO,0.992,0.0304059999999924,0,728,0.9554,39,44.17,43.5,6.84,22,75.5,9713,200,0.585134862973696,0.901906018966914,0.7338328012646681,0.7329910141206675,0.588053553038105,0.8784243151369726,0.6525714285714286,GSM2574781,0
ARID3B,Nuclear Receptor,GSM5215174,Nuclear Receptor,"Hormone Response, Metabolism",K562,homo_sapiens,152887,GEO,0.994,0.0206833177179172,0,352,0.78,40,60.1,63,11.74,21,82,6702,200,0.730361407655524,0.9480921448072592,0.8836543028459668,0.8895238095238095,0.6970149253731344,0.90443061149762,0.7815899581589958,GSM5215174,0
ARID4A,Nuclear Receptor,GSM5215315,Nuclear Receptor,"Hormone Response, Metabolism",Hep-G2,homo_sapiens,152764,GEO,0.989,0.2993379874758505,0,9498,0.9716,36,64.4,65.5,9.89,21.5,95.5,15000,200,0.8259470644829917,0.9733120172999692,0.9625579058979464,0.9156794425087108,0.876,0.916074357572444,0.8954003407155026,GSM5215315,0
ARID4B,Nuclear Receptor,GSM2534717,Nuclear Receptor,"Hormone Response, Metabolism",Hep-G2,homo_sapiens,100639,GEO,0.99,0.1923564999999519,0,9332,0.9658,35,59.75,60.5,9.96,21.5,84,15000,200,0.7414521311890756,0.9504912064177724,0.8975937953995189,0.8059796437659033,0.8446666666666667,0.8865218308373761,0.8248697916666666,GSM2534717,0
ARNT,Nuclear Receptor,GSM1462476,Nuclear Receptor,"Hormone Response, Metabolism",T-47D,homo_sapiens,49447,GEO,0.98,0.2115324999999471,0,14607,0.9358,36,59.46,59.5,11.58,22,88.5,15000,200,0.7740920470982343,0.9574330961670874,0.8990433617218124,0.8484005563282336,0.8133333333333334,0.9149735359399008,0.8304969366916269,GSM1462476,0
ATF1,bZIP,GSM1861935,bZIP,"Stress Response, Differentiation",Hep-G2,homo_sapiens,56053,GEO,0.98,0.1699552499999575,0,10440,0.968,37,56.45,56.5,10.52,21.5,83.5,15000,200,0.7614513632815582,0.959957900934717,0.9033646979589012,0.8220735785953177,0.8193333333333334,0.9109305025709072,0.8207011686143573,GSM1861935,0
ATF3,bZIP,GSM1917770,bZIP,"Stress Response, Differentiation",colonic neoplasm,homo_sapiens,68464,GEO,0.991,0.1635394999999591,0,22987,0.978,39,51.12,49.5,9.76,22,85.5,15000,200,0.863342623928378,0.982419237360754,0.952055857652364,0.9128601546029516,0.866,0.9579233557742104,0.8888128634964078,GSM1917770,0
ATF6,bZIP,GSM5214216,bZIP,"Stress Response, Differentiation",Hep-G2,homo_sapiens,145785,GEO,0.994,0.0288980358026344,0,391,0.9362,34,57.84,58.5,10.61,16.5,95.5,15000,200,0.768061231503112,0.954335614206582,0.9070616904831984,0.8667642752562226,0.7893333333333333,0.9109442060085836,0.8262386601535241,GSM5214216,0
ATF7,bZIP,GSM2828822,bZIP,"Stress Response, Differentiation",K562,homo_sapiens,102749,GEO,0.991,0.1556191812121922,0,5415,0.9214,37,54.96,54,11.83,20.5,85,15000,200,0.7225138463102749,0.9394934161622598,0.848220190494757,0.7896193771626298,0.7606666666666667,0.9147595782977628,0.7748726655348047,GSM2828822,0
ATOH8,Unknown/Other,GSM5215678,Unknown/Other,Gene Regulation,A549,homo_sapiens,153406,GEO,0.982,0.0137468277947097,0,374,0.5041374920432845,40,48.51,42,12.5,19.5,82.5,1564,200,0.6875676269513843,0.9522615066093328,0.7646097591603286,0.7890625,0.6474358974358975,0.9489096573208724,0.7112676056338029,GSM5215678,0
Aebp2,Unknown/Other,GSM3908365,Unknown/Other,Gene Regulation,embryonic stem cell,homo_sapiens,130560,GEO,0.969,0.1961383516635708,0,48,0.425287356321839,35,45.33,46.5,11.62,16.5,90,87,200,0,0.7796610169491526,0.1567001963553687,0,0,0.921875,0,GSM3908365,0
Arid1a,Nuclear Receptor,GSM3499207,Nuclear Receptor,"Hormone Response, Metabolism",MCF-7,homo_sapiens,134891,GEO,0.972,0.1782326374221934,0,1907,0.967,40,63.26,65,11.51,17,96.5,15000,200,0.7213080532342,0.9315532774153464,0.8930119818861623,0.9457142857142856,0.662,0.8804831532104259,0.7788235294117647,GSM3499207,0
Arid2,Nuclear Receptor,GSM2495986,Nuclear Receptor,"Hormone Response, Metabolism",TTC-1240,homo_sapiens,87728,GEO,0.944,0.2178264999999455,0,7699,0.9746,34,66.11,68,11.01,21,97.5,15000,200,0.8463821599206317,0.9693354101765318,0.9602612238672884,0.9587087087087088,0.8513333333333334,0.92580731251668,0.9018361581920904,GSM2495986,0
Arid5b,Nuclear Receptor,GSM2797486,Nuclear Receptor,"Hormone Response, Metabolism",Hep-G2,homo_sapiens,132624,GEO,0.993,0.2204042179964365,0,11487,0.9768,35,48.2,46.5,9.61,21.5,95.5,15000,200,0.636264282302251,0.9157457201119172,0.7548195921467536,0.7620578778135049,0.632,0.90057451049361,0.6909620991253644,GSM2797486,0
Arntl,Nuclear Receptor,GSM2983900,Nuclear Receptor,"Hormone Response, Metabolism",HEK293,homo_sapiens,104708,GEO,0.989,0.1837813231660855,0,529,0.4856,40,57.99,57.5,7.31,8.5,96.5,15000,200,0.7689595812202646,0.9655151883353584,0.8757629891550137,0.8022741629816803,0.8466666666666667,0.9156570363466916,0.8238728511190399,GSM2983900,0
Ascl1,Unknown/Other,GSM4654881,Unknown/Other,Gene Regulation,SH-SY5Y,homo_sapiens,167077,GEO,0.973,0.5846580794846229,0,67984,0.8404,35,55.71,56,8.38,21.5,88,15000,200,0.8552309613781897,0.9805948158253752,0.9563229818195343,0.8935888962326504,0.9013333333333332,0.9401742497579864,0.8974444075672088,GSM4654881,0
Atf2,bZIP,GSM2824378,bZIP,"Stress Response, Differentiation",Hep-G2,homo_sapiens,102521,GEO,0.991,0.1986847270367082,0,35668,0.5536,37,40.53,39.5,9.13,13,80,15000,200,0.9486718403994144,0.9873153260352217,0.9793282269015544,0.953611663353214,0.9593333333333334,0.9867730210016156,0.9564639415088068,GSM2824378,0
Atf4,bZIP,GSM4066026,bZIP,"Stress Response, Differentiation",HeLa,homo_sapiens,150028,GEO,0.953,0.2363937531352584,0,11576,0.9724,35,50.33,49,9.25,21.5,87,15000,200,0.6513888960111532,0.904816939464796,0.7724378939356151,0.808695652173913,0.62,0.9001895135818067,0.7018867924528301,GSM4066026,0
Atf5,bZIP,GSM5214942,bZIP,"Stress Response, Differentiation",Hep-G2,homo_sapiens,146177,GEO,0.981,0.0293621999296424,0,463,0.9054,36,62.76,64,9.66,20,95.5,15000,200,0.8038964945475487,0.965307682083998,0.9456583342562188,0.8932038834951457,0.8586666666666667,0.9086826347305388,0.8755948334466349,GSM5214942,0
BATF,bZIP,GSM803538,bZIP,"Stress Response, Differentiation",GM12878,homo_sapiens,46109,GEO,0.99,0.1875064999999531,0,22045,0.9796,29,43.83,43,6.6,21.5,77,15000,200,0.7630604833960943,0.9623937895464454,0.8941533581924064,0.879585326953748,0.7353333333333333,0.9294632513837044,0.8010167029774873,GSM803538,0
BATF2,bZIP,GSM1643142,bZIP,"Stress Response, Differentiation",HeLa,homo_sapiens,52969,GEO,0.992,0.0043882499999989,0,53,0.4242424242424242,37,41.45,40,7.38,22,69,215,200,0.7901741873498282,0.925,0.7846307464886626,0.9333333333333332,0.7,0.9635416666666666,0.8,GSM1643142,0
BCL6,Unknown/Other,GSM763404,Unknown/Other,Gene Regulation,OCI-Ly1,homo_sapiens,35517,GEO,0.954,0.2917227499999271,0,13991,0.946,37,60.59,59.5,7.77,22,84.5,15000,200,0.8204516904188188,0.9712942913385828,0.958311615930223,0.8777848504137492,0.9193333333333332,0.9113816534541336,0.8980788016932595,GSM763404,0
BCL6B,Unknown/Other,GSM2827437,Unknown/Other,Gene Regulation,HEK293,homo_sapiens,101495,GEO,0.964,0.0191982499999952,0,634,0.8244,40,46.91,46,10.35,14,76.5,13048,200,0.596457538026118,0.8876066850668558,0.7196360997436912,0.7415841584158416,0.5739463601532567,0.8999265066144047,0.6470842332613391,GSM2827437,0
BNC2,Unknown/Other,GSM5330896,Unknown/Other,Gene Regulation,SK-N-SH,homo_sapiens,146565,GEO,0.983,0.0541656340102005,0,633,0.8884,39,40.6,38.5,9.26,20,80.5,15000,200,0.5751893615930669,0.8967255318145371,0.7175076177840638,0.7390527256478999,0.5513333333333333,0.8873584685420801,0.6315387552500955,GSM5330896,0
Bach1,Unknown/Other,GSM2827284,Unknown/Other,Gene Regulation,GM12878,homo_sapiens,102087,GEO,0.909,0.0735634999999816,0,1899,0.9546,40,55.57,54.5,13.99,22,87,15000,200,0.7466387660460944,0.9555202291442894,0.8624577869740628,0.8259608411892676,0.7593333333333333,0.9250343021080204,0.7912469607502605,GSM2827284,0
Bach2,Unknown/Other,GSM5667482,Unknown/Other,Gene Regulation,SK-N-SH,homo_sapiens,174862,GEO,0.992,0.0114180419948553,0,260,0.4897090134847409,37,45.15,40,12.62,16.5,83.5,1403,200,0.587150911006068,0.8978445923824075,0.6630817375628026,0.8048780487804879,0.4714285714285714,0.937888198757764,0.5945945945945946,GSM5667482,0
Batf3,bZIP,GSM4815741,bZIP,"Stress Response, Differentiation",KARPAS 299,homo_sapiens,152394,GEO,0.994,0.0780005196300179,0,7231,0.8892,34,42.15,41,8.23,16.5,95.5,15000,200,0.8150988994296872,0.9636163800590584,0.9035743979059928,0.8598066298342542,0.83,0.9500871839581516,0.844640434192673,GSM4815741,0
Bcl11a,Unknown/Other,GSM803388,Unknown/Other,Gene Regulation,GM12878,homo_sapiens,46151,GEO,0.993,0.0901612499999774,0,8521,0.9776,27,45.75,45,7.6,21,96,15000,200,0.7390332464398347,0.9565202262781513,0.8761709858316001,0.857484076433121,0.718,0.922282468370772,0.7815674891146589,GSM803388,0
Bclaf1,Unknown/Other,GSM803509,Unknown/Other,Gene Regulation,GM12878,homo_sapiens,6958,GEO,0.996,0.1093154999999726,0,3261,0.9778,34,53.22,51.5,10.76,21,96,15000,200,0.704225780902079,0.945043657183754,0.8533271986289829,0.759634225996081,0.7753333333333333,0.9005501481168007,0.767403497195645,GSM803509,0
Bhlhe40,Unknown/Other,GSM2828892,Unknown/Other,Gene Regulation,GM12878,homo_sapiens,100437,GEO,0.817,0.3251932499999187,0,20348,0.964,40,58.43,58,12.57,21.5,89,15000,200,0.7477207772606099,0.9554623156067932,0.8854587404487436,0.7851239669421488,0.8233333333333334,0.912329165455074,0.8037748128864302,GSM2828892,0
Bhlhe41,Unknown/Other,GSM2515691,Unknown/Other,Gene Regulation,leukemia,homo_sapiens,137270,GEO,0.994,0.0117531858470764,0,399,0.2058303886925795,38,40.45,39,6.91,19.5,83,1125,200,0.6973791298990375,0.8944051130776793,0.7178929973984057,0.7280701754385965,0.7345132743362832,0.9397828232971372,0.7312775330396476,GSM2515691,0
Brg,Unknown/Other,GSM3526000,Unknown/Other,Gene Regulation,MCF-7,homo_sapiens,133791,GEO,0.987,0.0605020558428804,0,1529,0.9664,35,52.14,50.5,12.68,17,95.5,15000,200,0.6462026559200211,0.9083182447595856,0.7493855995332971,0.7427937915742794,0.67,0.9006013441811107,0.704521556256572,GSM3526000,0
CAMTA2,Unknown/Other,GSM5330758,Unknown/Other,Gene Regulation,HepG2,homo_sapiens,146803,GEO,0.981,0.0686144079388523,0,514,0.9166,36,63.26,64,8.81,19.5,95.5,15000,200,0.8104925629345884,0.970384603323926,0.9546724333399332,0.8840579710144928,0.8946666666666667,0.9078874793160508,0.8893306825712393,GSM5330758,0
CASZ1,Unknown/Other,GSM2667962,Unknown/Other,Gene Regulation,HCT 116,homo_sapiens,82333,GEO,0.985,0.296238249999926,0,9457,0.9772,35,67.27,68.5,10.15,22,91.5,15000,200,0.8787164964663668,0.9806048298572998,0.9802060166152538,0.9539106145251396,0.9106666666666666,0.9397953040337146,0.931787175989086,GSM2667962,0
CBFB,Unknown/Other,GSM5214672,Unknown/Other,Gene Regulation,K562,homo_sapiens,146061,GEO,0.99,0.0563302499999859,0,488,0.895,36,60.61,61,8.68,21,95.5,15000,200,0.7790902085905287,0.9622903225806452,0.9253011080863268,0.8559096945551129,0.8593333333333333,0.8987701040681173,0.8576180971390552,GSM5214672,0
CC2D1A,Unknown/Other,GSM2827292,Unknown/Other,Gene Regulation,K562,homo_sapiens,100700,GEO,0.933,0.0715052499999821,0,1675,0.9406,37,52.12,51.5,8.64,21.5,80,15000,200,0.6413539692372282,0.91452237057859,0.7953998462702997,0.8076923076923077,0.616,0.889321468298109,0.6989409984871406,GSM2827292,0
CDX2,Unknown/Other,GSM3175501,Unknown/Other,Gene Regulation,endoderm,homo_sapiens,105170,GEO,0.992,0.4085739999998978,0,51268,0.458,35,33.74,33.5,4.31,19.5,57,15000,200,0.7553403542681582,0.958391207001832,0.8944647248537553,0.8516605166051661,0.7693333333333333,0.9147045064712304,0.8084063047285464,GSM3175501,0
CDX4,Unknown/Other,GSM5667453,Unknown/Other,Gene Regulation,GM25256,homo_sapiens,174918,GEO,0.994,0.0141458321413518,0,594,0.2673101133025597,36,40.7,39,7.18,19.5,81.5,2369,200,0.7111727347862021,0.9095610944364696,0.7206591804687014,0.7426160337552743,0.7426160337552743,0.9439595774000918,0.7426160337552743,GSM5667453,0
CEBPA,bZIP,GSM3392789,bZIP,"Stress Response, Differentiation",U-937,homo_sapiens,141291,GEO,0.953,0.5695072905983619,0,63780,0.9736,35,43.16,42,8.45,21.5,85.5,15000,200,0.781517007001405,0.9500882939086732,0.8799135233213116,0.8145695364238411,0.82,0.9401783772025234,0.8172757475083057,GSM3392789,0
CEBPD,bZIP,GSM5214881,bZIP,"Stress Response, Differentiation",Hep-G2,homo_sapiens,145329,GEO,0.993,0.0854189208436926,0,5425,0.9448,33,51.59,50,9.56,21,97.5,15000,200,0.7882380891321105,0.9663669944331722,0.8995733833862559,0.8568360773085183,0.798,0.9363854812191728,0.8263721090783569,GSM5214881,0
CEBPZ,bZIP,GSM2423746,bZIP,"Stress Response, Differentiation",K562,homo_sapiens,101858,GEO,0.992,0.0030814999999992,0,272,0.7578534031413613,39,52.23,53,9.98,20,79.5,704,200,0.7852317432207472,0.9507632093933464,0.902897536441258,0.896551724137931,0.7428571428571429,0.9448275862068966,0.8125,GSM2423746,0
CENPA,Unknown/Other,GSM1053820,Unknown/Other,Gene Regulation,cervical cancer,homo_sapiens,41251,GEO,0.952,0.1882292499999529,0,1758,0.1814553269880258,38,42.11,39.5,7.48,23,74.5,3009,200,0.7194585306256664,0.9588141310136694,0.7138077437633675,0.713855421686747,0.7873754152823921,0.9455665867853474,0.7488151658767772,GSM1053820,0
CENPT,Unknown/Other,GSM1709885,Unknown/Other,Gene Regulation,lymphoblastoid cell line,homo_sapiens,69238,GEO,0.95,0.0049404999999987,0,129,0.8840262582056893,37,55.51,58,14.02,0.5,82,1359,200,0.68955721418109,0.8682126696832579,0.7553411662547614,0.875,0.6176470588235294,0.9143239625167336,0.7241379310344828,GSM1709885,0
CENPX,Unknown/Other,GSM5669176,Unknown/Other,Gene Regulation,Hep-G2,homo_sapiens,172272,GEO,0.982,0.0114842733830674,0,176,0.887,36,61.33,63,10.49,19.5,95.5,5401,200,0.7437294874517005,0.9425804293620386,0.905014120574848,0.860655737704918,0.7777777777777778,0.8930602957906713,0.8171206225680934,GSM5669176,0
CREB3,bZIP,GSM5214674,bZIP,"Stress Response, Differentiation",Hep-G2,homo_sapiens,146242,GEO,0.993,0.0241044136064189,0,364,0.9406,35,62.67,64,10.17,17,95.5,13434,200,0.785553156475928,0.9641211629737104,0.944549186678858,0.8464285714285714,0.8823529411764706,0.9001071237279057,0.8640174990885892,GSM5214674,0
CREB3L1,bZIP,GSM2423031,bZIP,"Stress Response, Differentiation",K562,homo_sapiens,101334,GEO,0.9,0.0788452499999803,0,1462,0.9438,38,58.96,59,10.88,22,86.5,15000,200,0.7041080722621483,0.9338690336233249,0.8610220894421653,0.8152492668621701,0.7413333333333333,0.888753693725013,0.776536312849162,GSM2423031,0
CREM,Unknown/Other,GSM2527443,Unknown/Other,Gene Regulation,K562,homo_sapiens,102084,GEO,0.986,0.1967712499999508,0,18297,0.9668,38,58.64,58.5,10.69,22,95.5,15000,200,0.8345065815120752,0.975986895986896,0.938212378130346,0.9015471167369902,0.8546666666666667,0.9357271095152604,0.8774811772758385,GSM2527443,0
CSDC2,Unknown/Other,GSM5331228,Unknown/Other,Gene Regulation,SK-N-SH,homo_sapiens,146731,GEO,0.974,0.0337894393309749,0,442,0.8842,40,52.55,50.5,12.83,18.5,85,15000,200,0.5711968205615491,0.8895030447051835,0.7100258622291828,0.6918335901386748,0.5986666666666667,0.8782946678003158,0.6418870621872766,GSM5331228,0
CSDE1,Unknown/Other,GSM2825437,Unknown/Other,Gene Regulation,MCF-7,homo_sapiens,101766,GEO,0.875,0.0063799999999984,0,236,0.7654690618762475,40,54.93,57,12.79,21,82.5,1802,200,0.7255510530621889,0.8918636240152132,0.8042292681847772,0.8410596026490066,0.7055555555555556,0.9228456913827656,0.7673716012084593,GSM2825437,0
CSRNP3,Unknown/Other,GSM5379224,Unknown/Other,Gene Regulation,SK-N-SH,homo_sapiens,150941,GEO,0.979,0.0185641767223202,0,275,0.8676,40,42.83,40,10.09,20,76.5,7161,200,0.4754857726226912,0.8497050401793123,0.6004704834462222,0.6079734219269103,0.5111731843575419,0.8599091561080564,0.5553869499241275,GSM5379224,0
CTCFL,CTCF,GSM1817667,C2H2 Zinc Finger,"Chromatin Architecture, Insulator",MCF-7,homo_sapiens,55783,GEO,0.974,0.380064749999905,0,53256,0.9696,38,54.75,54,10.45,21.5,88.5,15000,200,0.9322682157673504,0.9948362405089268,0.9863921022631452,0.951645399597045,0.9446666666666668,0.9756786442805586,0.9481431917029108,GSM1817667,0
CUX1,Unknown/Other,GSM5508477,Unknown/Other,Gene Regulation,K562,homo_sapiens,160030,GEO,0.966,0.1181250321975644,0,12997,0.9748,40,48.33,46.5,9.97,15.5,96.5,15000,200,0.7569575391625469,0.9594779200418082,0.8639303064969841,0.7903014416775884,0.804,0.9329254970504698,0.7970918704560476,GSM5508477,0
Cebpb,bZIP,GSM1684643,bZIP,"Stress Response, Differentiation",mesenchymal stem cell,homo_sapiens,54134,GEO,0.989,0.5830774999998543,0,167504,0.6414,37,38.84,38.5,6.3,19.5,79,15000,200,0.9087521967063312,0.9863012511170688,0.9683730931656748,0.918918918918919,0.9293333333333332,0.9744419642857144,0.924096784885648,GSM1684643,0
Cebpg,bZIP,GSM2534241,bZIP,"Stress Response, Differentiation",Hep-G2,homo_sapiens,101550,GEO,0.991,0.1275422499999681,0,14138,0.9452,34,47.81,47,8.46,21.5,81,15000,200,0.8082074796706646,0.976372534907154,0.9189264755121076,0.8835666912306559,0.7993333333333333,0.9456611814845508,0.839341967098355,GSM2534241,0
Clock,Unknown/Other,GSM4304355,Unknown/Other,Gene Regulation,mesenchymal stem cell,homo_sapiens,156426,GEO,0.981,0.0973220859424966,0,961,0.1458,40,45.47,42.5,8.99,20.5,95.5,15000,200,0.4564873630169536,0.8795580684749666,0.5334728654833423,0.6686893203883495,0.3673333333333333,0.9174826119251808,0.4741824440619621,GSM4304355,0
Creb1,bZIP,GSM1861929,bZIP,"Stress Response, Differentiation",Hep-G2,homo_sapiens,56047,GEO,0.968,0.3021482499999244,0,13222,0.974,38,60.88,62,10.96,21.5,86,15000,200,0.7975541974368959,0.9656852225747524,0.932301816367614,0.8552544613350959,0.8626666666666667,0.9144352728004832,0.8589445735147694,GSM1861929,0
Creb5,bZIP,GSM4087688,bZIP,"Stress Response, Differentiation",prostate cancer,homo_sapiens,129983,GEO,0.985,0.0589070757817065,0,5790,0.9392,35,38.19,36.5,8.93,15,95.5,15000,200,0.7409294202522658,0.9558469551282052,0.8590968744304337,0.7939767282683093,0.7733333333333333,0.9286826880284824,0.7835190813914218,GSM4087688,0
Ctcf,CTCF,GSM3094388,C2H2 Zinc Finger,"Chromatin Architecture, Insulator",SYO-1,homo_sapiens,89597,GEO,0.939,0.6263304999998435,0,50621,0.9756,34,50.75,49.5,11.51,21.5,87.5,15000,200,0.9049887070900876,0.9898409734955826,0.9721528813459182,0.9454926624737946,0.902,0.9699959994665956,0.9232343909928352,GSM3094388,0
DBP,Unknown/Other,GSM5331377,Unknown/Other,Gene Regulation,HepG2,homo_sapiens,146614,GEO,0.995,0.0202774834579426,0,269,0.9352,35,61.27,62.5,9.71,16.5,95.5,11534,200,0.7559723445127787,0.953085935074482,0.9225697055205812,0.8517857142857143,0.8274067649609714,0.8899939722724532,0.8394192696876375,GSM5331377,0
DDIT3,Unknown/Other,GSM3027229,Unknown/Other,Gene Regulation,402-91,homo_sapiens,103939,GEO,0.947,0.1334409999999666,0,10947,0.9674,40,45.78,44,10.68,11.5,95,15000,200,0.7558056082972952,0.9554048017867112,0.8667356233016748,0.8659217877094972,0.7233333333333334,0.9370478350070188,0.7882310207046858,GSM3027229,0
DEAF1,Unknown/Other,GSM5214710,Unknown/Other,Gene Regulation,K562,homo_sapiens,145707,GEO,0.989,0.0368051652442018,0,2086,0.8902,40,50.51,49.5,11.03,20,82,15000,200,0.8284291658200444,0.9663407533364248,0.9254603032603956,0.8745692625775328,0.846,0.9481741749278454,0.8600474415452389,GSM5214710,0
DLX4,Unknown/Other,GSM5213952,Unknown/Other,Gene Regulation,K562,homo_sapiens,149879,GEO,0.992,0.0166134025579229,0,403,0.3126323218066337,40,43.12,40,8.55,21.5,78,1409,200,0.6420132752346471,0.8983470977976857,0.6782859389797845,0.7109375,0.6453900709219859,0.9358879882092852,0.6765799256505576,GSM5213952,0
DLX6,Unknown/Other,GSM5214395,Unknown/Other,Gene Regulation,Hep-G2,homo_sapiens,146211,GEO,0.995,0.05577951460303,0,903,0.951,35,55.02,54,11.38,16.5,95.5,15000,200,0.7154319303224882,0.9454535929034948,0.8495538884111722,0.7920446615491975,0.7566666666666667,0.9066065643048316,0.7739515854074327,GSM5214395,0
DMTF1,Unknown/Other,GSM5214210,Unknown/Other,Gene Regulation,Hep-G2,homo_sapiens,146026,GEO,0.977,0.020661419100178,0,400,0.8986,36,62.37,63.5,9.73,20,95.5,8560,200,0.791019814839325,0.964966440665361,0.9331627658717364,0.8685446009389671,0.8644859813084113,0.9035532994923858,0.8665105386416861,GSM5214210,0
DUX4,Unknown/Other,GSM837613,Unknown/Other,Gene Regulation,myoblast,homo_sapiens,5822,GEO,0.996,0.1556454999999611,0,48177,0.3962,38,41.95,42,5.82,22,75.5,15000,200,0.9697397288201054,0.9977786729719472,0.9908602080263936,0.9646365422396856,0.982,0.9937301648734422,0.9732408325074332,GSM837613,0
E2F1,bHLH,GSM2501567,bHLH,"Cell Cycle, Proliferation",SN12C-PM6-2,homo_sapiens,75043,GEO,0.981,0.2809114999999298,0,12717,0.9738,37,58.01,59.5,10.54,21.5,81.5,15000,200,0.7643278393998196,0.9495289256198348,0.9010541634887256,0.8458333333333333,0.812,0.906180193596426,0.8285714285714286,GSM2501567,0
E2F2,bHLH,GSM5213912,bHLH,"Cell Cycle, Proliferation",Hep-G2,homo_sapiens,149769,GEO,0.993,0.0422856702935893,0,525,0.9344,34,63.85,65,9.07,21,95.5,15000,200,0.8468882336144932,0.9776528117359414,0.9698997389758216,0.9113924050632912,0.912,0.92524682651622,0.9116961012995668,GSM5213912,0
E2F3,bHLH,GSM5214110,bHLH,"Cell Cycle, Proliferation",K562,homo_sapiens,146223,GEO,0.986,0.0282340450176564,0,627,0.794,40,61.75,64,11.87,18.5,84.5,11116,200,0.7052212454742681,0.935776306210124,0.868642497436142,0.8521739130434782,0.7050359712230215,0.8896551724137931,0.7716535433070866,GSM5214110,0
E2F4,bHLH,GSM5215179,bHLH,"Cell Cycle, Proliferation",Hep-G2,homo_sapiens,152761,GEO,0.989,0.1150261857862874,0,6545,0.9632,35,64.11,65.5,9.92,16.5,95.5,15000,200,0.869637516441066,0.982543890865955,0.976024562998724,0.9445224719101124,0.8966666666666666,0.9375667022411952,0.9199726402188784,GSM5215179,0
E2F5,bHLH,GSM5214544,bHLH,"Cell Cycle, Proliferation",Hep-G2,homo_sapiens,145763,GEO,0.993,0.0341813759951274,0,1033,0.9402,34,66.04,67.5,9.03,21.5,95.5,15000,200,0.8553884044847027,0.9827310182460272,0.98143375070343,0.913894324853229,0.934,0.9277899343544858,0.923837784371909,GSM5214544,0
E2F7,bHLH,GSM991660,bHLH,"Cell Cycle, Proliferation",IMR-90,homo_sapiens,38589,GEO,0.963,0.0213402499999946,0,763,0.9732,38,48.12,46,9.8,19,84,15000,200,0.680328191763896,0.9417306679308892,0.8172198562327595,0.7230283911671924,0.764,0.8986969851814001,0.7429497568881686,GSM991660,0
E2f6,bHLH,GSM701863,bHLH,"Cell Cycle, Proliferation",K562,homo_sapiens,1978,GEO,0.967,0.2035697499999491,0,7608,0.965,28,61.53,62,9.31,21,85.5,15000,200,0.8398177162473344,0.9781640515371858,0.9622898858308137,0.8770595690747782,0.9226666666666666,0.924629224410406,0.8992852501624431,GSM701863,0
E4F1,Unknown/Other,GSM5369620,Unknown/Other,Gene Regulation,K562,homo_sapiens,149648,GEO,0.992,0.0275469601022492,0,623,0.6478,40,54.15,54.5,13.88,17.5,83.5,9906,200,0.5951026835659211,0.8786396710946518,0.6957511118796972,0.7352941176470589,0.5802219979818365,0.8972625329815304,0.6486181613085167,GSM5369620,0
EBF1,Unknown/Other,GSM5071691,Unknown/Other,Gene Regulation,697,homo_sapiens,173176,GEO,0.98,0.3114310688485643,0,40469,0.9144,39,52.43,51.5,9.63,22,85.5,15000,200,0.8116432330822362,0.9720825578620854,0.9208531099726316,0.8553162853297442,0.8473333333333334,0.9373589164785552,0.8513060951105157,GSM5071691,0
EBF3,Unknown/Other,GSM2410317,Unknown/Other,Gene Regulation,SK-N-SH,homo_sapiens,76849,GEO,0.979,0.1847887499999538,0,13312,0.9726,35,48.73,47.5,10.15,21.5,80.5,15000,200,0.7194280676414707,0.9488630275865748,0.8440215336047313,0.7706543291473893,0.7773333333333333,0.9120950045178778,0.7739794225024892,GSM2410317,0
EGR1,Unknown/Other,GSM5214022,Unknown/Other,Gene Regulation,Hep-G2,homo_sapiens,145892,GEO,0.982,0.195618822772447,0,8339,0.9556,36,65.24,66.5,10.45,21.5,95.5,15000,200,0.8378140200286123,0.9751690987124464,0.9659811702453908,0.9013333333333332,0.9013333333333332,0.9227154046997388,0.9013333333333332,GSM5214022,0
EGR3,Unknown/Other,GSM2026802,Unknown/Other,Gene Regulation,HEK293,homo_sapiens,65186,GEO,0.982,0.3693212499999077,0,39944,0.8354,37,63.67,63,8.86,21.5,87.5,15000,200,0.92537451682871,0.992007098765432,0.9837432381065548,0.9596774193548387,0.952,0.9639344262295082,0.9558232931726908,GSM2026802,0
ELF1,Unknown/Other,GSM1010764,Unknown/Other,Gene Regulation,ELF-1,homo_sapiens,46323,GEO,0.993,0.1125904999999718,0,7698,0.9738,39,59.29,59.5,9.66,22,86,15000,200,0.8054321601555973,0.9659021629270264,0.9389229438602744,0.8601444517399869,0.8733333333333333,0.9160066694456024,0.8666887198147536,GSM1010764,0
ELF2,Unknown/Other,GSM5374824,Unknown/Other,Gene Regulation,K562,homo_sapiens,150897,GEO,0.994,0.0356362725613609,0,856,0.7426,40,56.01,57,12.38,17,85,15000,200,0.6163151769874375,0.9058138880200188,0.7672363864667889,0.8508583690987125,0.5286666666666666,0.8928299974664302,0.6521381578947368,GSM5374824,0
ELF3,Unknown/Other,GSM1574273,Unknown/Other,Gene Regulation,pancreatic ductal adenocarcinoma,homo_sapiens,67615,GEO,0.991,0.2043729999999489,0,10271,0.9676,38,47.32,45.5,9.84,21.5,79.5,15000,200,0.6927494993452291,0.940070735711088,0.8294457937787291,0.7764960346070656,0.718,0.9106206560175588,0.7461032213370281,GSM1574273,0
ELK3,Unknown/Other,GSM5215532,Unknown/Other,Gene Regulation,K562,homo_sapiens,153027,GEO,0.989,0.0140126757773781,0,328,0.4535483870967742,40,43.76,40.5,9.87,19.5,78.5,1546,200,0.4737967778860378,0.8268461359944302,0.5044377780856606,0.6595744680851063,0.4,0.919093851132686,0.4979919678714859,GSM5215532,0
ELK4,Unknown/Other,GSM5668838,Unknown/Other,Gene Regulation,Hep-G2,homo_sapiens,164667,GEO,0.992,0.0204530203777053,0,363,0.904,34,63.71,65.5,9.33,22,95.5,7907,200,0.845315514356012,0.97343777008775,0.9661898126571896,0.9285714285714286,0.8874841972187105,0.925130890052356,0.907563025210084,GSM5668838,0
EMX1,Unknown/Other,GSM1327160,Unknown/Other,Gene Regulation,kidney cell,homo_sapiens,44562,GEO,0.994,0.144038749999964,0,3829,0.938,37,63.84,64.5,8.99,21.5,87,15000,200,0.8987935510470594,0.9883512361466326,0.9827249402492384,0.9391534391534392,0.9466666666666668,0.9502170767004342,0.9428950863213812,GSM1327160,0
EN1,Unknown/Other,GSM3422095,Unknown/Other,Gene Regulation,MCF-7,homo_sapiens,127875,GEO,0.986,0.0216807293787783,0,1216,0.913,33,61.91,63,11.17,17,95.5,11742,200,0.7808816318448972,0.9549562769431332,0.9164711141509962,0.9308176100628932,0.7563884156729132,0.9092549626192318,0.8345864661654135,GSM3422095,0
ERF,Unknown/Other,GSM2797516,Unknown/Other,Gene Regulation,Hep-G2,homo_sapiens,132621,GEO,0.992,0.0731343604525089,0,1011,0.9574,35,59.27,59.5,11.37,17,95.5,15000,200,0.7608145954605792,0.9574894411955815,0.9004579683767974,0.838865836791148,0.8086666666666666,0.907209136331192,0.823489477257298,GSM2797516,0
ESR2,Nuclear Receptor,GSM542548,Nuclear Receptor,"Hormone Response, Metabolism",U2OS,homo_sapiens,2778,GEO,0.961,0.1737360025831777,0,7324,0.8446,15,52.64,52,7.69,20.5,87,15000,200,0.886106056440626,0.9879272673733804,0.969171001827677,0.918010752688172,0.9106666666666666,0.9575315195753152,0.9143239625167336,GSM542548,0
ESRRA,Nuclear Receptor,GSM2160188,Nuclear Receptor,"Hormone Response, Metabolism",,homo_sapiens,76650,GEO,0.994,0.0742889977158142,0,3507,0.9062,36,51.62,50.5,9.75,17,81,15000,200,0.7091488948299153,0.9433003535433484,0.8362690066090723,0.82922954725973,0.696,0.914161443008827,0.7567959405581732,GSM2160188,0
ESRRG,Nuclear Receptor,GSM3119070,Nuclear Receptor,"Hormone Response, Metabolism",induced pluripotent stem cell,homo_sapiens,166796,GEO,0.936,0.1504109325425458,0,10077,0.9328,36,48.92,47.5,8.71,18,96.5,15000,200,0.7113142528443845,0.9468013136289,0.8344048804290859,0.8186687069625096,0.7133333333333334,0.912121212121212,0.7623797648735304,GSM3119070,0
ETS1,Unknown/Other,GSM1252929,Unknown/Other,Gene Regulation,CUTLL1,homo_sapiens,43097,GEO,0.941,0.1537654999999615,0,14221,0.9606,38,59.08,59,10.17,21.5,87,15000,200,0.778106143579815,0.9596303835642258,0.9175089889545784,0.8454849498327759,0.8426666666666667,0.9072860829859044,0.8440734557595994,GSM1252929,0
ETV1,Unknown/Other,GSM2127447,Unknown/Other,Gene Regulation,melanoma,homo_sapiens,137459,GEO,0.996,0.0721700203915694,0,7022,0.9806,36,49.5,47.5,10.47,18,96.5,15000,200,0.7584520684116711,0.9602551678602266,0.8790062924094205,0.8118609406952966,0.794,0.9274463599156642,0.8028311425682507,GSM2127447,0
ETV4,Unknown/Other,GSM738817,Unknown/Other,Gene Regulation,parvocellular oculomotor nucleus,homo_sapiens,5924,GEO,0.947,0.0100382499999974,0,219,0.965,30,46.5,45,9.45,21.5,79.5,2984,200,0.5261716543087008,0.885177288551212,0.7016929497650728,0.5919003115264797,0.6375838926174496,0.856110776640578,0.6138933764135702,GSM738817,0
ETV6,Unknown/Other,GSM2574796,Unknown/Other,Gene Regulation,GM12878,homo_sapiens,74647,GEO,0.988,0.1069457499999732,0,5631,0.9722,36,47.57,46.5,8.89,21.5,81.5,15000,200,0.7826318387510441,0.9659980778958016,0.8993983630807038,0.8195637805684072,0.8266666666666667,0.9341161928306552,0.8230999004314636,GSM2574796,0
Egr2,Unknown/Other,GSM2026759,Unknown/Other,Gene Regulation,HEK293,homo_sapiens,65147,GEO,0.982,0.1713449999999571,0,19329,0.8964,37,62.5,62.5,9.92,21,86.5,15000,200,0.9239897724805972,0.9925739432254864,0.9863645221870924,0.9441891004596192,0.9586666666666668,0.9649080926235378,0.9513728084684088,GSM2026759,0
Ehf,Unknown/Other,GSM3138380,Unknown/Other,Gene Regulation,RWPE-1,homo_sapiens,138210,GEO,0.992,0.0657080124810473,0,4766,0.9774,36,46.67,45,9.5,21,78,15000,200,0.7607557929805161,0.9623832442067736,0.8821099015355174,0.8076664425016813,0.8006666666666666,0.9289358600583092,0.8041513223970539,GSM3138380,0
Elf4,Unknown/Other,GSM5215543,Unknown/Other,Gene Regulation,Hep-G2,homo_sapiens,153020,GEO,0.982,0.0231312234654517,0,401,0.9138,36,58.93,60,10.41,20,95.5,12484,200,0.7329843054746956,0.9444021942401196,0.8955228659307666,0.8955823293172691,0.7147435897435898,0.8938379875375029,0.7950089126559715,GSM5215543,0
Elf5,Unknown/Other,GSM773912,Unknown/Other,Gene Regulation,T-47D,homo_sapiens,33466,GEO,0.981,0.0012492499999996,0,36,0.7663551401869159,33,47.44,45.25,10.64,21.5,69.5,172,200,0.7607692878500991,0.9125214408233276,0.8987130534317467,0.7142857142857143,0.9090909090909092,0.921875,0.8,GSM773912,0
Elk1,Unknown/Other,GSM5213949,Unknown/Other,Gene Regulation,Hep-G2,homo_sapiens,149823,GEO,0.993,0.0431235413761804,0,601,0.9476,35,59.63,60,9.29,22,95.5,15000,200,0.7656496113600398,0.9586270294479902,0.9213062410770844,0.8577348066298343,0.828,0.8963591690864419,0.8426051560379919,GSM5213949,0
Eomes,Unknown/Other,GSM640691,Unknown/Other,Gene Regulation,embryonic stem cell,homo_sapiens,1006,GEO,0.973,0.2644259999999339,0,38783,0.9702,33,45.38,45,6.54,21.5,76.5,15000,200,0.7039080932155272,0.9513619854076796,0.847752031733159,0.852991452991453,0.6653333333333333,0.9131331357133652,0.7475655430711611,GSM640691,0
Epas1,Unknown/Other,GSM2501227,Unknown/Other,Gene Regulation,501-mel,homo_sapiens,117348,GEO,0.99,0.0098181476114586,0,155,0.8712374581939799,39,64.53,68,11.22,17,96.5,3581,200,0.7739115378755126,0.9591233979625368,0.925002949892822,0.8200514138817481,0.8910614525139665,0.894990366088632,0.8540829986613119,GSM2501227,0
Erg,Unknown/Other,GSM585590,Unknown/Other,Gene Regulation,SKNO-1,homo_sapiens,35298,GEO,0.94,0.3627534999999093,0,22609,0.9666,33,61.66,61.5,5.66,22,83,15000,200,0.8899419951112053,0.9835605014070096,0.9836059828122208,0.9330759330759332,0.9666666666666668,0.9450588655012486,0.9495743287491814,GSM585590,0
Esr1,Nuclear Receptor,GSM3261517,Nuclear Receptor,"Hormone Response, Metabolism",,homo_sapiens,138271,GEO,0.901,0.7427163139671287,0,47088,0.9526,32,51.67,51,7.51,17,81,15000,200,0.7045538357550842,0.9445721232925696,0.8643070886746996,0.827321565617805,0.7186666666666667,0.8949845804252556,0.7691758829825187,GSM3261517,0
Esrrb,Nuclear Receptor,GSM5214290,Nuclear Receptor,"Hormone Response, Metabolism",K562,homo_sapiens,145414,GEO,0.991,0.018558349168062,0,387,0.5822528363047001,40,49.98,47,12.05,21,82,2461,200,0.6548552618167167,0.9001118161588121,0.6955872009344506,0.775,0.6300813008130082,0.9210220673635308,0.695067264573991,GSM5214290,0
Ets2,Unknown/Other,GSM2298952,Unknown/Other,Gene Regulation,DU145,homo_sapiens,74508,GEO,0.907,0.003981249999999,0,111,0.65,35,47.69,44.75,11.11,21.5,96.5,262,200,0.8833752205896317,0.9136626613262128,0.8684288574679362,1,0.8095238095238095,0.96875,0.8947368421052632,GSM2298952,0
Etv2,Unknown/Other,GSM3516725,Unknown/Other,Gene Regulation,endothelial cell,homo_sapiens,133918,GEO,0.898,0.0304949774683086,0,1371,0.866,29,50.04,48,11.12,17.5,97.5,9736,200,0.8666631294042362,0.9779185656332948,0.942047272818028,0.9134199134199136,0.86652977412731,0.9617067833698032,0.8893572181243414,GSM3516725,0
Etv5,Unknown/Other,GSM5215523,Unknown/Other,Gene Regulation,K562,homo_sapiens,153046,GEO,0.992,0.0609529682868497,0,922,0.9332,36,60.71,61.5,10.34,19.5,95.5,15000,200,0.7390140880324774,0.9514475552850477,0.9030697370766474,0.8694992412746586,0.764,0.8900961136648559,0.8133427963094393,GSM5215523,0
FEZF1,Unknown/Other,GSM2424023,Unknown/Other,Gene Regulation,HEK293,homo_sapiens,179420,GEO,0.996,0.0942643468810555,0,6636,0.937,37,44.15,42.5,8.94,20.5,80.5,15000,200,0.5921673523627783,0.9112932938856017,0.7318059749797096,0.6344086021505376,0.708,0.8728813559322034,0.6691871455576559,GSM2424023,0
FOS,bZIP,GSM3184658,bZIP,"Stress Response, Differentiation",MCF-10A,homo_sapiens,138983,GEO,0.961,0.2946584020998611,0,45276,0.9844,39,42.07,41.5,6.3,22,71,15000,200,0.8588864231880816,0.9819855117139332,0.9498651456559783,0.8632911392405064,0.9093333333333332,0.9559339008512768,0.8857142857142857,GSM3184658,0
FOSB,bZIP,GSM610337,bZIP,"Stress Response, Differentiation",K-562,homo_sapiens,1990,GEO,0.972,0.1407322499999648,0,21436,0.9746,3,49.95,49.5,6.56,21.5,79,15000,200,0.890615882133567,0.9859888630436316,0.970386702918092,0.9041450777202072,0.9306666666666666,0.9595440680687108,0.9172141918528252,GSM610337,0
FOSL1,bZIP,GSM1010756,bZIP,"Stress Response, Differentiation",116,homo_sapiens,46212,GEO,0.987,0.1781294999999554,0,15222,0.982,38,48.07,47,8.87,22,83.5,15000,200,0.7839084577959963,0.9581763766162448,0.8959742918632309,0.8609077598828697,0.784,0.9371407606701724,0.8206559665038381,GSM1010756,0
FOXA1,Forkhead,GSM1716765,Forkhead,"Development, Differentiation",,homo_sapiens,56665,GEO,0.938,0.6048942499998489,0,49762,0.8412,34,38.72,37,7.67,19.5,75,15000,200,0.7648655246772795,0.9680166444147752,0.885652491841736,0.7405951712521056,0.8793333333333333,0.928476084538376,0.8040231636696129,GSM1716765,0
FOXA2,Forkhead,GSM2977503,Forkhead,"Development, Differentiation",fibroblast,homo_sapiens,88065,GEO,0.995,0.3189169999999203,0,11130,0.6376,39,35.28,35,4.09,20.5,61.5,15000,200,0.7146231522262951,0.9513003990119704,0.8588613474705397,0.7606349206349207,0.7986666666666666,0.8996007688895461,0.7791869918699187,GSM2977503,0
FOXJ3,Forkhead,GSM5213944,Forkhead,"Development, Differentiation",Hep-G2,homo_sapiens,149781,GEO,0.989,0.0651744977031947,0,1429,0.9614,34,49.37,47.5,10.05,21,95.5,15000,200,0.6478825533344164,0.9280706758809978,0.7891529395874677,0.7766990291262136,0.64,0.9016985905312612,0.7017543859649122,GSM5213944,0
FOXK2,Forkhead,GSM3898636,Forkhead,"Development, Differentiation",,homo_sapiens,118371,GEO,0.996,0.0289217023836937,0,1927,0.967,36,51.65,50.5,11.01,17,96.5,15000,200,0.7285729409682284,0.9563150171714018,0.8700996440161418,0.744270205066345,0.8226666666666667,0.91272451302808,0.7815072830905636,GSM3898636,0
FOXM1,Forkhead,GSM1010731,Forkhead,"Development, Differentiation",GM12878,homo_sapiens,46134,GEO,0.989,0.1058274999999735,0,4107,0.9784,39,48.33,46.5,10.09,21.5,82,15000,200,0.6529978779606255,0.9309266298794197,0.8022794005776426,0.7395017793594306,0.6926666666666667,0.8969341974077767,0.7153184165232358,GSM1010731,0
FOXN1,Forkhead,GSM4956501,Forkhead,"Development, Differentiation",,homo_sapiens,158444,GEO,0.991,0.0594745044978678,0,4464,0.94,40,61.86,63.5,13.07,20.5,95.5,15000,200,0.808226352982986,0.9638010788443064,0.9186540752414376,0.9166666666666666,0.792,0.9301280984861088,0.8497854077253219,GSM4956501,0
FOXN3,Forkhead,GSM2462038,Forkhead,"Development, Differentiation",MCF-7,homo_sapiens,82636,GEO,0.997,0.0024727499999993,0,64,0.7773722627737226,35,56.26,60.5,14.91,21,83,226,200,0.8075820972290871,0.934782608695652,0.8744506614519275,0.9444444444444444,0.7391304347826086,0.9481481481481482,0.8292682926829268,GSM2462038,0
FOXO1,Forkhead,GSM5214708,Forkhead,"Development, Differentiation",Hep-G2,homo_sapiens,146241,GEO,0.992,0.1031889386268913,0,7464,0.9624,34,51.85,50,10.52,22,95.5,15000,200,0.7170923015019536,0.9546892991239048,0.8427982306890405,0.7687210072895958,0.7733333333333333,0.9126964014191586,0.771020272515786,GSM5214708,0
FOXP4,Forkhead,GSM5214072,Forkhead,"Development, Differentiation",Hep-G2,homo_sapiens,145647,GEO,0.991,0.127716939594814,0,7211,0.9652,35,51.83,50,10.58,21,95.5,15000,200,0.7284199371749142,0.9493024254806433,0.8519313437513562,0.8119099491648512,0.7453333333333333,0.9184789520539236,0.7771984706291276,GSM5214072,0
FOXS1,Forkhead,GSM5215132,Forkhead,"Development, Differentiation",A549,homo_sapiens,153134,GEO,0.99,0.0131389144406609,0,472,0.6699522102747909,40,46.99,42.5,11.19,18,82.5,3337,200,0.5499612517295913,0.8833732749094086,0.6590315319629134,0.7119341563786008,0.5179640718562875,0.8949044585987261,0.5996533795493935,GSM5215132,0
Fli1,Unknown/Other,GSM2436677,Unknown/Other,Gene Regulation,A-673 clone Asp114,homo_sapiens,84628,GEO,0.988,0.3482769999999129,0,25617,0.98,38,45.79,43.5,10.36,22,85,15000,200,0.6561073659203643,0.9220320218265364,0.7992334587811164,0.7776892430278884,0.6506666666666666,0.9051275992438564,0.708529945553539,GSM2436677,0
Fosl2,bZIP,GSM5214172,bZIP,"Stress Response, Differentiation",Hep-G2,homo_sapiens,145676,GEO,0.982,0.2577936525909955,0,18637,0.9726,34,52.15,50.5,8.63,20.5,95.5,15000,200,0.7820624044552902,0.9617226188297028,0.9065584300267612,0.887432536622976,0.7673333333333333,0.9289099526066352,0.8230246692885235,GSM5214172,0
Foxa3,Forkhead,GSM2527454,Forkhead,"Development, Differentiation",Hep-G2,homo_sapiens,102285,GEO,0.988,0.1484942499999628,0,11462,0.9668,35,48.27,46.5,9.71,21.5,83.5,15000,200,0.7291104319711217,0.9520465868035748,0.8486993181336724,0.8031496062992126,0.748,0.9232847744360902,0.7745944080082844,GSM2527454,0
Foxc2,Forkhead,GSM3717669,Forkhead,"Development, Differentiation",endothelial cell of lymphatic vessel,homo_sapiens,170355,GEO,0.992,0.0122557986299061,0,1255,0.9516,38,48.77,46.5,10.89,21.5,96.5,6089,200,0.7179283981037222,0.948599453594274,0.8506610774388876,0.8043478260869565,0.729064039408867,0.9198237885462556,0.7648578811369509,GSM3717669,0
Foxd3,Forkhead,GSM2451236,Forkhead,"Development, Differentiation",A-549,homo_sapiens,73755,GEO,0.969,0.0009072499999997,0,39,0.7857142857142857,38,45.75,40.5,13.02,32,82,107,200,0.3595159254890833,0.987468671679198,0.9377705627705628,1,0.1428571428571428,0.90625,0.25,GSM2451236,0
Foxf2,Forkhead,GSM5214218,Forkhead,"Development, Differentiation",A549,homo_sapiens,145685,GEO,0.992,0.0312362415247714,0,1097,0.8338,40,49.92,47,12.67,20,85,14900,200,0.5886907998231223,0.8895806453361668,0.7001912616057331,0.7140549273021002,0.5932885906040268,0.8923525454137698,0.6480938416422287,GSM5214218,0
Foxh1,Forkhead,GSM727589,Forkhead,"Development, Differentiation",endoderm,homo_sapiens,1010,GEO,0.99,0.1653444999999586,0,17802,0.9002,29,46.83,46,5.79,21.5,78,15000,200,0.812146796540546,0.9732639545884578,0.9256002700465558,0.906818181818182,0.798,0.9372144436256448,0.8489361702127659,GSM727589,0
Foxk1,Forkhead,GSM2797525,Forkhead,"Development, Differentiation",Hep-G2,homo_sapiens,132620,GEO,0.995,0.1151032063975207,0,3403,0.9628,35,55.29,54.5,10.94,17,95.5,15000,200,0.7394734378594084,0.9529556419273244,0.8761221459767337,0.7990591397849462,0.7926666666666666,0.9116326234970302,0.7958500669344043,GSM2797525,0
Foxo3,Forkhead,GSM2574751,Forkhead,"Development, Differentiation",Hep-G2,homo_sapiens,74682,GEO,0.989,0.1207984999999698,0,3931,0.9692,38,59.79,61,10.96,20.5,85.5,15000,200,0.7576686430294871,0.9537639562017592,0.9052117748892344,0.8599419448476052,0.79,0.9025700038358266,0.8234885337039611,GSM2574751,0
Foxo4,Forkhead,GSM5331159,Forkhead,"Development, Differentiation",K-562,homo_sapiens,146972,GEO,0.973,0.0191952448399031,0,415,0.7463171036204744,40,55.97,57,12.89,19,85,3998,200,0.6403105670247278,0.9102970041322312,0.7568448096913134,0.868,0.5425,0.9075342465753424,0.6676923076923077,GSM5331159,0
Foxp1,Forkhead,GSM3633494,Forkhead,"Development, Differentiation",OCI-Ly1,homo_sapiens,108007,GEO,0.993,0.2452713257393825,0,15931,0.9704,36,53.72,53,10.57,19.5,83,15000,200,0.6801198920567552,0.9316075448361164,0.8346088538623048,0.7506684491978609,0.7486666666666667,0.8911465892597968,0.7496662216288384,GSM3633494,0
Foxp2,Forkhead,GSM803480,Forkhead,"Development, Differentiation",PFSK-1,homo_sapiens,46333,GEO,0.964,0.1391947499999652,0,6445,0.973,22,62.02,62.5,9.44,20.5,86,15000,200,0.8566675064545172,0.9813810128367894,0.9639930362136552,0.927486187845304,0.8953333333333333,0.9321770644576752,0.9111261872455902,GSM803480,0
Foxp3,Forkhead,GSM3395256,Forkhead,"Development, Differentiation",thyroid gland,homo_sapiens,116202,GEO,0.985,0.4015313977061807,0,7871,0.9702,36,59.26,60,12.39,19.5,96.5,15000,200,0.6905958702606413,0.9065101237747728,0.8163206511097082,0.7959331880900509,0.7306666666666667,0.8887806462088002,0.7619047619047619,GSM3395256,0
Foxr2,Forkhead,GSM2151469,Forkhead,"Development, Differentiation",breast cancer cell line,homo_sapiens,77233,GEO,0.997,0.0007579999999998,0,124,0.5958549222797928,38,41.27,38,10.44,17.5,75,131,200,0.2902690041709768,0.8666666666666666,0.5957866207866207,0.4285714285714285,0.3333333333333333,0.84375,0.375,GSM2151469,0
GABPA,Unknown/Other,GSM803343,Unknown/Other,Gene Regulation,Hep-G2,homo_sapiens,46237,GEO,0.953,0.2954619999999262,0,6878,0.9672,35,65.92,66.5,9.16,9.5,95.5,15000,200,0.89970065777979,0.987861502347418,0.9856294653776708,0.9484605087014726,0.9446666666666668,0.9500624219725344,0.9465597862391448,GSM803343,0
GABPB2,Unknown/Other,GSM5378799,Unknown/Other,Gene Regulation,K-562,homo_sapiens,153803,GEO,0.991,0.0174359199947168,0,346,0.2533333333333333,40,43.01,40,8.9,20.5,80,1267,200,0.6783943340287228,0.9392382513271812,0.7533128758673682,0.7522123893805309,0.6692913385826772,0.9431818181818182,0.7083333333333334,GSM5378799,0
GATA1,GATA,GSM1278240,GATA,"Hematopoiesis, Development",proerythroblast,homo_sapiens,43446,GEO,0.977,0.2784334999999304,0,33752,0.9626,39,50.22,49,8.56,21.5,82.5,15000,200,0.7862307881534644,0.9643262650061708,0.9024363171862698,0.8667642752562226,0.7893333333333333,0.9330825047030368,0.8262386601535241,GSM1278240,0
GATA3,GATA,GSM1010738,GATA,"Hematopoiesis, Development",SK-N-SH,homo_sapiens,46361,GEO,0.988,0.3217734999999195,0,32787,0.9816,38,41.77,41,7.14,20.5,79.5,15000,200,0.6480546551201907,0.922922809111708,0.7936691252250444,0.8363463368220743,0.586,0.9033162643257742,0.689141513132105,GSM1010738,0
GATAD1,GATA,GSM2527475,GATA,"Hematopoiesis, Development",Hep-G2,homo_sapiens,101751,GEO,0.99,0.1190047499999702,0,5331,0.9636,35,60.27,61,10.21,21.5,85,15000,200,0.7645282539589129,0.9632470478558112,0.9313981951885224,0.7809469480889903,0.9126666666666666,0.8908435777871979,0.8416845988318475,GSM2527475,0
GATAD2A,GATA,GSM2534640,GATA,"Hematopoiesis, Development",Hep-G2,homo_sapiens,102646,GEO,0.992,0.1742944999999564,0,9401,0.9676,35,49.51,48,9.54,22,80,15000,200,0.6744997263475088,0.9385305665751194,0.8001223924079934,0.7029643073200242,0.7746666666666666,0.8970697789918053,0.7370758008246114,GSM2534640,0
GATAD2B,GATA,GSM1415923,GATA,"Hematopoiesis, Development",NTERA-2,homo_sapiens,49196,GEO,0.961,0.1200852499999699,0,446,0.3988,32,44.29,43.5,11.45,7,88,15000,200,0.7290877166846226,0.9684345422172242,0.8426965069293071,0.7903225806451613,0.7186666666666667,0.9549847405900304,0.7527932960893855,GSM1415923,0
GFI1B,Unknown/Other,GSM2423489,Unknown/Other,Gene Regulation,HEK293,homo_sapiens,179448,GEO,0.998,0.0237187876118757,0,440,0.8636,37,50.1,48.5,10.51,21.5,78,11037,200,0.583587514189355,0.884740218033587,0.6983579344568565,0.6837944664031621,0.6268115942028986,0.8815725610742599,0.6540642722117203,GSM2423489,0
GLI2,Unknown/Other,GSM3112048,Unknown/Other,Gene Regulation,THP-1,homo_sapiens,90190,GEO,0.902,0.5795239999998552,0,12074,0.9698,34,62.44,64,11.06,21.5,98,15000,200,0.8012293976530295,0.958062698673682,0.9293652132900614,0.8910120311394196,0.8393333333333334,0.9130147544593702,0.8644009612083763,GSM3112048,0
GLI4,Unknown/Other,GSM5214704,Unknown/Other,Gene Regulation,Hep-G2,homo_sapiens,145827,GEO,0.987,0.0216016417457589,0,267,0.8754,36,64.03,65.5,9.77,19.5,95.5,10939,200,0.8260131984788198,0.972944930882966,0.959876671231262,0.9153031761308952,0.8692870201096892,0.917617689015692,0.8917018284106891,GSM5214704,0
GLIS2,Unknown/Other,GSM2423632,Unknown/Other,Gene Regulation,HEK293,homo_sapiens,179542,GEO,0.997,0.0981411925503427,0,3121,0.9464,37,65.47,67,8.61,20,86.5,15000,200,0.8556334194567012,0.9814578892371996,0.9807904125964704,0.9518072289156626,0.8953333333333333,0.9273021001615508,0.9227069735486088,GSM2423632,0
GMEB1,Unknown/Other,GSM5214268,Unknown/Other,Gene Regulation,Hep-G2,homo_sapiens,145470,GEO,0.979,0.1188285372262812,0,3942,0.9616,36,62.54,64,10.39,19.5,95.5,15000,200,0.8057516323983115,0.9647161212121212,0.9459194256701629,0.8860672614962252,0.8606666666666667,0.9117647058823528,0.8731822793371661,GSM5214268,0
GMEB2,Unknown/Other,GSM2534381,Unknown/Other,Gene Regulation,Hep-G2,homo_sapiens,102092,GEO,0.99,0.0153024999999961,0,1314,0.9260267194458188,35,64.3,66.5,9.97,21.5,85.5,3940,200,0.9020231146257658,0.9878321887130488,0.9837855044422054,0.9371859296482412,0.9467005076142132,0.9526748971193416,0.941919191919192,GSM2534381,0
GPBP1L1,Unknown/Other,GSM5215723,Unknown/Other,Gene Regulation,Hep-G2,homo_sapiens,152827,GEO,0.988,0.0073119008567322,0,154,0.7447495961227787,36,55.06,57,11.99,20,95.5,1235,200,0.7184504867484771,0.9530018708543568,0.8457089282869182,0.7931034482758621,0.7419354838709677,0.9191919191919192,0.7666666666666667,GSM5215723,0
GRHL1,Unknown/Other,GSM4156315,Unknown/Other,Gene Regulation,breast cancer,homo_sapiens,133776,GEO,0.979,0.0274245001967198,0,3761,0.9706,37,47.08,46,9.3,7,85.5,10973,200,0.8641928205750026,0.9804987748687192,0.951436314221359,0.8584825234441603,0.9179580674567,0.9607301733394692,0.8872246696035242,GSM4156315,0
GRHL3,Unknown/Other,GSM1034504,Unknown/Other,Gene Regulation,keratinocyte,homo_sapiens,33916,GEO,0.994,0.0560599999999859,0,94,0.5792,35,60.05,59.5,6.21,22,83.5,15000,200,0.8743989733235894,0.9812128637059724,0.9713715882386068,0.8956145768993206,0.9666666666666668,0.9366869037294016,0.9297851875601154,GSM1034504,0
GSC,Unknown/Other,GSM3982994,Unknown/Other,Gene Regulation,stem cell,homo_sapiens,131447,GEO,0.52,0.3978350906389822,0,5297,0.9712,39,71.93,72,6.44,22,96.5,15000,200,0.980227878421072,0.9973351099267156,0.9990144293185091,0.9927104042412194,0.9980013324450366,0.992878942014242,0.9953488372093025,GSM3982994,0
GTF3A,Unknown/Other,GSM5213922,Unknown/Other,Gene Regulation,Hep-G2,homo_sapiens,149822,GEO,0.985,0.0230054228122312,0,231,0.8912,36,61.25,62,9.5,20,95.5,14033,200,0.7604835495801944,0.9533610448332288,0.9237729511033588,0.8343771746694503,0.8545972915181753,0.8908641975308642,0.8443661971830986,GSM5213922,0
GZF1,Unknown/Other,GSM5214475,Unknown/Other,Gene Regulation,Hep-G2,homo_sapiens,146042,GEO,0.987,0.0495959963066394,0,784,0.8844,36,58.91,60,10.41,18.5,95.5,15000,200,0.7308907617424291,0.9392487023840944,0.8602758560906579,0.8502994011976048,0.7573333333333333,0.8933635847986386,0.8011283497884344,GSM5214475,0
Gabpb1,Unknown/Other,GSM2534044,Unknown/Other,Gene Regulation,Hep-G2,homo_sapiens,100659,GEO,0.934,0.4267322499998933,0,11587,0.9748,35,68.2,69,7.55,21.5,97.5,15000,200,0.9254291105261798,0.9906798418972332,0.9919753290068788,0.9625984251968503,0.978,0.964171974522293,0.9702380952380952,GSM2534044,0
Gata2,GATA,GSM3272024,GATA,"Hematopoiesis, Development",acute myeloid leukemia,homo_sapiens,104084,GEO,0.978,0.2430764999999392,0,7340,0.9596,33,61.48,60,8.8,18.5,97.5,15000,200,0.777133208030547,0.96696991290578,0.9387764678871556,0.8625083836351441,0.8573333333333333,0.895926477893691,0.8599130725509863,GSM3272024,0
Gata4,GATA,GSM3271996,GATA,"Hematopoiesis, Development",WT2-iPSC,homo_sapiens,118056,GEO,0.972,0.2938258060949048,0,25715,0.9522,37,42.1,42,5.49,19.5,80.5,15000,200,0.7373720193373248,0.9470638319412809,0.862744748451548,0.8198395331874544,0.7493333333333333,0.922943722943723,0.7830024381748519,GSM3271996,0
Gata6,GATA,GSM3381975,GATA,"Hematopoiesis, Development",HUES 8,homo_sapiens,104308,GEO,0.982,0.272022499999932,0,20460,0.9582,37,42.94,42.5,6.12,20,77.5,15000,200,0.7376973446156507,0.9352971386647104,0.8491001369774485,0.8102710413694721,0.7573333333333333,0.9242333132892364,0.7829083390764989,GSM3381975,0
Gfi1,Unknown/Other,GSM5214648,Unknown/Other,Gene Regulation,Hep-G2,homo_sapiens,145562,GEO,0.979,0.1014686555345399,0,2584,0.9354,36,56.35,55,12.38,21,95.5,15000,200,0.6664287328589554,0.9344155559304876,0.8085002494590954,0.6981470412432755,0.7786666666666666,0.8873030833445537,0.736211786952411,GSM5214648,0
Glis1,Unknown/Other,GSM2026832,Unknown/Other,Gene Regulation,HEK293,homo_sapiens,65214,GEO,0.976,0.2725357499999319,0,28302,0.8826,37,59.6,59.5,9.75,22,88,15000,200,0.8029535903188195,0.9685654365799556,0.93154040111208,0.843236409608091,0.8893333333333333,0.9138576779026216,0.8656716417910447,GSM2026832,0
Glis3,Unknown/Other,GSM2946599,Unknown/Other,Gene Regulation,embryonic stem cell,homo_sapiens,92597,GEO,0.993,0.1402914999999649,0,8020,0.829,39,62.32,62.5,7.7,21.5,96,15000,200,0.8615001464194322,0.979686618507052,0.9686370544924496,0.9265498652291104,0.9166666666666666,0.9319371727748692,0.9215817694369972,GSM2946599,0
Grhl2,Unknown/Other,GSM3096457,Unknown/Other,Gene Regulation,,homo_sapiens,90762,GEO,0.978,0.2261957499999434,0,20099,0.9782,32,47.02,45.5,9.61,21,97.5,15000,200,0.8341493422533437,0.976342006084548,0.9308639082927428,0.8707482993197279,0.8533333333333334,0.9536251555253932,0.8619528619528619,GSM3096457,0
Gtf2i,Unknown/Other,GSM5378697,Unknown/Other,Gene Regulation,K-562,homo_sapiens,153809,GEO,0.993,0.0476481240051309,0,1179,0.6542,40,49.91,49,9.38,20,83.5,15000,200,0.6615737515291064,0.9265068131631388,0.7519303860704847,0.7289992695398101,0.6653333333333333,0.937094682230869,0.6957127919135587,GSM5378697,0
HES1,bHLH,GSM2574800,bHLH,"Development, Proliferation",Hep-G2,homo_sapiens,74644,GEO,0.99,0.0099789999999975,0,513,0.9432282003710576,36,50.32,48.5,10.26,21.5,90,2641,200,0.600936138512361,0.9151340378048454,0.7531486816881253,0.6666666666666666,0.6893939393939394,0.875629043853343,0.6778398510242085,GSM2574800,0
HES4,bHLH,GSM5667709,bHLH,"Development, Proliferation",Hep-G2,homo_sapiens,174798,GEO,0.986,0.1219595877813457,0,1991,0.9498,36,66.72,67.5,8.85,21.5,95.5,15000,200,0.8547688760426128,0.981983870967742,0.9812714350929428,0.9245532759761748,0.9313333333333332,0.927376171352075,0.927930919960146,GSM5667709,0
HES6,bHLH,GSM1207903,bHLH,"Development, Proliferation",LNCaP,homo_sapiens,44326,GEO,0.958,0.1956467740132519,0,11618,0.9728,38,39.52,38.5,6.49,21.5,72,15000,200,0.8055933553243153,0.9769482617291094,0.914970326415946,0.8429530201342282,0.8373333333333334,0.9431831689052655,0.8401337792642141,GSM1207903,0
HEY1,bHLH,GSM803448,bHLH,"Development, Proliferation",Hep-G2,homo_sapiens,7341,GEO,0.979,0.2619192499999345,0,11639,0.9742,31,63.51,64.5,10.59,21.5,87.5,15000,200,0.8086381408522915,0.9686570123939986,0.9546627835724726,0.9185619955979456,0.8346666666666667,0.9114673242909987,0.8746070555361509,GSM803448,0
HEY2,bHLH,GSM2183991,bHLH,"Development, Proliferation",induced pluripotent stem cell,homo_sapiens,92160,GEO,0.979,0.0027817499999993,0,196,0.662431941923775,39,48.55,47.5,10.39,22,85.5,464,200,0.5626699150475001,0.9029255319148936,0.7368813699832555,0.6666666666666666,0.5957446808510638,0.8850174216027874,0.6292134831460674,GSM2183991,0
HIC2,Unknown/Other,GSM6347221,Unknown/Other,Gene Regulation,Hep-G2,homo_sapiens,163640,GEO,0.991,0.0643967383424579,0,910,0.921,36,59.16,59.5,9.09,20.5,95.5,15000,200,0.7143110832437078,0.9385660454221408,0.8574941923760457,0.7951885565669701,0.8153333333333334,0.875968992248062,0.8051349572086899,GSM6347221,0
HIF1A,Unknown/Other,GSM1462475,Unknown/Other,Gene Regulation,T-47D,homo_sapiens,49446,GEO,0.985,0.3406742499999148,0,21226,0.943,36,60.98,61.5,10.95,22,89,15000,200,0.7784730217586099,0.961575935149917,0.9188208403946349,0.8795355587808418,0.808,0.9075921025849786,0.8422515635858235,GSM1462475,0
HINFP,Unknown/Other,GSM5215639,Unknown/Other,Gene Regulation,Hep-G2,homo_sapiens,152856,GEO,0.972,0.0915512948530498,0,1955,0.9458,37,63.15,63.5,9.29,21.5,95.5,15000,200,0.8063024426001267,0.970641196505257,0.9535671485899124,0.8818845388188454,0.886,0.9069581444948014,0.8839374792151646,GSM5215639,0
HIVEP1,Unknown/Other,GSM5215783,Unknown/Other,Gene Regulation,Hep-G2,homo_sapiens,152789,GEO,0.984,0.1029830561013276,0,973,0.9452,36,63.4,64.5,8.61,20.5,95.5,15000,200,0.8046319744122895,0.97239173126615,0.9667725838550316,0.9166666666666666,0.858,0.9039301310043668,0.8863636363636364,GSM5215783,0
HMG20A,Unknown/Other,GSM2527434,Unknown/Other,Gene Regulation,Hep-G2,homo_sapiens,102079,GEO,0.99,0.1339969999999665,0,7665,0.9708,35,46.23,45,8.09,21.5,78,15000,200,0.7041052702493253,0.9472117647058824,0.8424081333628276,0.7965976331360947,0.718,0.9132380360472344,0.7552594670406733,GSM2527434,0
HMGA1,Unknown/Other,GSM942073,Unknown/Other,Gene Regulation,IMR-90,homo_sapiens,34660,GEO,0.984,0.1207124999999698,0,251,0.416,37,53.94,54,6.46,18,79.5,15000,200,0.679991825037768,0.9426286240719668,0.8234218929189475,0.798904538341158,0.6806666666666666,0.9038034243889688,0.7350611951043916,GSM942073,0
HMGA2,Unknown/Other,GSM2931556,Unknown/Other,Gene Regulation,,homo_sapiens,136086,GEO,0.996,0.0178962440521923,0,81,0.875,38,54.98,55,11.69,21.5,83,5777,200,0.5769149397617932,0.8885570713860667,0.7390940404306602,0.793733681462141,0.5259515570934256,0.8728386167146974,0.6326742976066597,GSM2931556,0
HMGB1,Unknown/Other,GSM2589815,Unknown/Other,Gene Regulation,umbilical vein,homo_sapiens,137324,GEO,0.941,0.1079629376931308,0,6185,0.9706,40,71.04,74,10.41,19,99,15000,200,0.8887285959376142,0.9826529814271748,0.9847578855397988,0.9478957915831664,0.946,0.9444832402234636,0.9469469469469468,GSM2589815,0
HMGB2,Unknown/Other,GSM2589816,Unknown/Other,Gene Regulation,umbilical vein,homo_sapiens,137323,GEO,0.991,0.1322858204450461,0,201,0.9518,40,58.26,56.5,11.37,19.5,91.5,15000,200,0.6095667300175331,0.8998380383268082,0.7864230075854802,0.8668122270742358,0.5293333333333333,0.8696678734456162,0.6572847682119205,GSM2589816,0
HMGXB3,Unknown/Other,GSM2797541,Unknown/Other,Gene Regulation,Hep-G2,homo_sapiens,132618,GEO,0.995,0.0895527984686836,0,991,0.951,34,57.06,57,9.94,21.5,95.5,15000,200,0.6763035900848536,0.9388427057864712,0.85863265559693,0.8523605150214593,0.662,0.8785330948121646,0.7452157598499062,GSM2797541,0
HMGXB4,Unknown/Other,GSM5215559,Unknown/Other,Gene Regulation,Hep-G2,homo_sapiens,153033,GEO,0.974,0.127992074933322,0,4249,0.9526,37,64.2,65,9.47,20.5,95.5,15000,200,0.8625885144476539,0.9824905738339962,0.9751733026705014,0.9181208053691275,0.9230769230769232,0.9329545454545456,0.9205921938088828,GSM5215559,0
HNF1A,Unknown/Other,GSM5215665,Unknown/Other,Gene Regulation,Hep-G2,homo_sapiens,153173,GEO,0.985,0.0931338279961322,0,2951,0.9494,36,53.93,52.5,12.53,20,95.5,15000,200,0.7130369035429989,0.9428875868716076,0.8348751320013195,0.7586431833007176,0.7753333333333333,0.9124024284475282,0.7668974612594791,GSM5215665,0
HNF4A,Unknown/Other,GSM3130733,Unknown/Other,Gene Regulation,SNU-16,homo_sapiens,174035,GEO,0.94,0.4742495599256472,0,35045,0.9354,38,49.16,47.5,8.66,21.5,87.5,15000,200,0.684615532898592,0.9338098702942108,0.8143542836594557,0.7929717341482048,0.692,0.9062899514190744,0.7390530437878249,GSM3130733,0
HNF4G,Unknown/Other,GSM2277166,Unknown/Other,Gene Regulation,22Rv1,homo_sapiens,87802,GEO,0.991,0.0730712499999817,0,8915,0.9198,37,41.38,40,7.9,22,82,15000,200,0.7989501049977598,0.9711188271604938,0.9050285452289994,0.8164961636828645,0.8513333333333334,0.9423337856173676,0.8335509138381201,GSM2277166,0
HOMEZ,Unknown/Other,GSM2527486,Unknown/Other,Gene Regulation,Hep-G2,homo_sapiens,101113,GEO,0.989,0.0951324999999762,0,5586,0.9468,35,49.24,47,9.67,21.5,80,15000,200,0.7183180743427084,0.9552717698310116,0.8466608497541708,0.807720861172977,0.7253333333333334,0.9207136949072432,0.7643133122585177,GSM2527486,0
HOXA1,Homeodomain,GSM2689473,Homeodomain,Gene Regulation,tracheobronchial epithelium,homo_sapiens,82419,GEO,0.984,0.0098935932874507,0,268,0.3689059500959692,23,53.87,54,6.04,21.5,75,2596,200,0.6226950984871851,0.9131889469753548,0.7526398881313124,0.7616822429906542,0.6269230769230769,0.8852713178294573,0.6877637130801688,GSM2689473,0
HOXA3,Homeodomain,GSM5215609,Homeodomain,Gene Regulation,Hep-G2,homo_sapiens,153392,GEO,0.991,0.2226153725064378,0,11473,0.9724,35,61.66,62,10.32,21,95.5,15000,200,0.7703304133337487,0.9612002665778074,0.9220024355189458,0.8714488636363636,0.818,0.8991335258831371,0.843878954607978,GSM5215609,0
HOXA5,Homeodomain,GSM5214768,Homeodomain,Gene Regulation,Hep-G2,homo_sapiens,146252,GEO,0.991,0.0714048536207448,0,1181,0.954,34,60.09,61,10.94,21.5,95.5,15000,200,0.7609083964344006,0.9605411979881116,0.9140341402662524,0.8826219512195121,0.772,0.9035957240038872,0.8236130867709816,GSM5214768,0
HOXA7,Homeodomain,GSM5213824,Homeodomain,Gene Regulation,A549,homo_sapiens,149819,GEO,0.987,0.0252726530259027,0,452,0.7614,40,48.51,47,11.16,19,81,9787,200,0.4318644545838452,0.811089962683258,0.5615205640725879,0.7605985037406484,0.3115423901940756,0.8699324324324325,0.4420289855072464,GSM5213824,0
HOXB5,Homeodomain,GSM5215275,Homeodomain,Gene Regulation,A549,homo_sapiens,152889,GEO,0.982,0.0264900049674474,0,313,0.8692,40,63.28,65,10.89,21,85,12233,200,0.800522340560762,0.9665236051502146,0.9448224997143309,0.8911917098445595,0.8438266557645135,0.9107796228539262,0.8668626627467451,GSM5215275,0
HOXB7,Homeodomain,GSM1145932,Homeodomain,Gene Regulation,ductal adenocarcinoma,homo_sapiens,53089,GEO,0.994,0.003951999999999,0,63,0.685473411154345,37,48.45,48.5,6.9,20.5,96.5,1468,200,0.5030642350970705,0.8823632346829406,0.5982879800494556,0.6581196581196581,0.5238095238095238,0.8569570871261378,0.5833333333333334,GSM1145932,0
HOXC11,Homeodomain,GSM1306053,Homeodomain,Gene Regulation,OCI-Ly2,homo_sapiens,43704,GEO,0.877,0.0016297499999995,0,26,0.580952380952381,33,45.15,43.25,9.91,21.5,78,74,200,,,,,,,,,
HOXC5,Homeodomain,GSM2572272,Homeodomain,Gene Regulation,prostate cancer,homo_sapiens,92064,GEO,0.969,0.1455844999999636,0,10543,0.9752,35,46.97,45.5,7.62,21.5,82.5,15000,200,0.7348315584580127,0.9535955137886672,0.8704223641152478,0.7989018531228552,0.776,0.9156723421370156,0.7872844098748731,GSM2572272,0
HOXD1,Homeodomain,GSM5215058,Homeodomain,Gene Regulation,Hep-G2,homo_sapiens,153451,GEO,0.995,0.0457565796305398,0,657,0.9414,35,61.2,63,11.16,21,95.5,15000,200,0.7703315889604024,0.9586059238363894,0.9158990000815213,0.8312622629169392,0.8473333333333334,0.9034687809712588,0.8392208649719379,GSM5215058,0
HSF1,Unknown/Other,GSM1553235,Unknown/Other,Gene Regulation,451Lu,homo_sapiens,51863,GEO,0.99,0.1496312499999626,0,2357,0.8952,38,62.89,63,8.57,19,96.5,15000,200,0.892599183387353,0.9862233154442456,0.9755060628858848,0.9245773732119636,0.948,0.9480728051391863,0.93614219881501,GSM1553235,0
HSF2,Unknown/Other,GSM5214185,Unknown/Other,Gene Regulation,Hep-G2,homo_sapiens,146047,GEO,0.993,0.0260565245639397,0,1028,0.861,35,55.88,56.5,9.44,18.5,96.5,10251,200,0.7534386550538834,0.9531571058727346,0.8965119435372026,0.8191593352883676,0.817560975609756,0.9043455901259964,0.818359375,GSM5214185,0
Hand1,Unknown/Other,GSM2527318,Unknown/Other,Gene Regulation,gastrointestinal stromal tumor,homo_sapiens,138100,GEO,0.994,0.0402354177624707,0,3170,0.825,34,43.47,41.5,9.8,15.5,95.5,14188,200,0.6451984166206366,0.9251996634732148,0.7759619280280381,0.6913746630727763,0.7230443974630021,0.8977409276616198,0.7068549776093697,GSM2527318,0
Hand2,Unknown/Other,GSM2486155,Unknown/Other,Gene Regulation,SK-N-BE(2)-C,homo_sapiens,138040,GEO,0.982,0.2497702216217456,0,21337,0.983,35,46.51,45.5,9.04,21.5,95.5,15000,200,0.6448246605804736,0.9298506805854058,0.7877199346704329,0.7085261070720423,0.7146666666666667,0.8915647616670827,0.711583139727846,GSM2486155,0
Hmg20b,Unknown/Other,GSM2534642,Unknown/Other,Gene Regulation,Hep-G2,homo_sapiens,102654,GEO,0.993,0.0320232499999919,0,948,0.9442,35,52.79,51,10.29,21.5,95,15000,200,0.6881178180915711,0.9437897276801104,0.8366495744117881,0.8070038910505837,0.6913333333333334,0.9026294165981924,0.7447037701974866,GSM2534642,0
Hnf1b,Unknown/Other,GSM5214807,Unknown/Other,Gene Regulation,Hep-G2,homo_sapiens,145966,GEO,0.982,0.1328260619431063,0,1787,0.9524,36,58.77,59,9.31,22,95.5,15000,200,0.7225936237154705,0.943573222187918,0.8897199553769609,0.8123324396782842,0.808,0.8801434901878034,0.8101604278074866,GSM5214807,0
Hoxa11,Homeodomain,GSM2410501,Homeodomain,Gene Regulation,K562,homo_sapiens,83916,GEO,0.938,0.0040889749387723,0,58,0.5641025641025641,35,50.11,43,14.78,21.5,78,142,200,0.8509629433967631,1,1,1,0.75,0.96875,0.8571428571428571,GSM2410501,0
Hoxa13,Homeodomain,GSM2410502,Homeodomain,Gene Regulation,K562,homo_sapiens,83919,GEO,0.886,0.0067277499999983,0,298,0.7699248120300752,35,56.32,58.75,12.79,21.5,81,640,200,0.5886917012732229,0.9090572033898304,0.7668256334042816,0.6666666666666666,0.65625,0.8802228412256268,0.6614173228346457,GSM2410502,0
Hoxa9,Homeodomain,GSM5269347,Homeodomain,Gene Regulation,HEK293,homo_sapiens,146297,GEO,0.995,0.0712875972017116,0,2394,0.6294,35,35.49,34.5,6.83,17,95.5,15000,200,0.7221338779955557,0.9504060596429896,0.8545083452823462,0.8122238586156112,0.7353333333333333,0.9163351725907866,0.7718684394681595,GSM5269347,0
Hoxb13,Homeodomain,GSM1716768,Homeodomain,Gene Regulation,,homo_sapiens,56668,GEO,0.971,0.5534579999998617,0,75166,0.8326,35,34.6,33,7.55,16.5,81.5,15000,200,0.7028171172856283,0.9400838478104808,0.8404481062058641,0.7413572343149808,0.772,0.9118724158298878,0.7563683866753755,GSM1716768,0
Hoxb8,Homeodomain,GSM3665347,Homeodomain,Gene Regulation,pancreatic ductal adenocarcinoma,homo_sapiens,130311,GEO,0.994,0.061550100853204,0,1988,0.9158,35,37.52,37,5.92,15,95.5,15000,200,0.6286821373671065,0.9288986215130792,0.7967023373238429,0.8420523138832998,0.558,0.8926982465323213,0.6712109061748196,GSM3665347,0
Hoxc9,Homeodomain,GSM848789,Homeodomain,Gene Regulation,SK-N-BE(2)-C,homo_sapiens,43894,GEO,0.968,0.0814212499999796,0,5223,0.8506,38,39.51,38,7.69,19.5,73.5,15000,200,0.734286918032925,0.9527709887319474,0.8661368382574368,0.7559926244622004,0.82,0.9144981412639404,0.7866965142308923,GSM848789,0
IKZF4,Unknown/Other,GSM5331031,Unknown/Other,Gene Regulation,HepG2,homo_sapiens,146998,GEO,0.984,0.0809836359894506,0,1337,0.9386,36,65.92,67,9.7,17.5,95.5,15000,200,0.8611068895873045,0.9837585957292796,0.9791435788774798,0.9183135704874836,0.9293333333333332,0.931178934769599,0.923790589794566,GSM5331031,0
INSM1,Unknown/Other,GSM3579032,Unknown/Other,Gene Regulation,BEAS-2B,homo_sapiens,131297,GEO,0.981,0.178487042897481,0,1696,0.9698,35,55.36,55.25,13.16,20.5,95.5,15000,200,0.6523440000919422,0.9069883242887684,0.7924320079670333,0.8372093023255814,0.6,0.8977707426460889,0.6990291262135923,GSM3579032,0
INSM2,Unknown/Other,GSM2423396,Unknown/Other,Gene Regulation,HEK293,homo_sapiens,179607,GEO,0.997,0.0440476255910491,0,544,0.867,37,53.56,52.5,11.7,19.5,82.5,15000,200,0.694656985494021,0.929162503192848,0.8184995754030711,0.7514990006662225,0.752,0.907165109034268,0.7517494168610463,GSM2423396,0
IRF2,Unknown/Other,GSM2423390,Unknown/Other,Gene Regulation,K562,homo_sapiens,101336,GEO,0.991,0.0132072499999966,0,880,0.928479103834554,39,48.63,47,11.23,17.5,80.5,2276,200,0.8131280153359799,0.9721938340998126,0.8851632445926642,0.8305084745762712,0.8596491228070176,0.947097722263042,0.8448275862068966,GSM2423390,0
IRF3,Unknown/Other,GSM2423468,Unknown/Other,Gene Regulation,SK-N-SH,homo_sapiens,102213,GEO,0.978,0.0075004999999981,0,1240,0.9431263084438242,39,60.55,61,9.68,16.5,83.5,2796,200,0.8767117881811444,0.9826161790017212,0.975824529042972,0.953846153846154,0.8857142857142857,0.9434447300771208,0.9185185185185184,GSM2423468,0
IRF4,Unknown/Other,GSM803390,Unknown/Other,Gene Regulation,GM12878,homo_sapiens,46128,GEO,0.997,0.0902714999999774,0,7902,0.976,29,47.36,46,8.37,21.5,80.5,15000,200,0.7370946463130217,0.9577059748427672,0.8638368654338632,0.7955010224948875,0.778,0.9194656488549618,0.7866531850353893,GSM803390,0
IRF6,Unknown/Other,GSM3421852,Unknown/Other,Gene Regulation,CD14-positive monocyte,homo_sapiens,106651,GEO,0.986,0.2972965940727277,0,30790,0.9624,39,47.21,46.5,8.88,22,81,15000,200,0.7530250252522165,0.952380463479026,0.8795820035146665,0.776796973518285,0.8213333333333334,0.9252224092329888,0.7984445884640311,GSM3421852,0
IRF9,Unknown/Other,GSM4830083,Unknown/Other,Gene Regulation,K562,homo_sapiens,155435,GEO,0.992,0.0111334454547334,0,279,0.6002202643171806,35,44.32,41,10.32,19.5,81,903,200,0.6723109314715433,0.8982044012420684,0.7365015972183188,0.7887323943661971,0.6222222222222222,0.9463307776560788,0.6956521739130435,GSM4830083,0
ISL2,Unknown/Other,GSM5214622,Unknown/Other,Gene Regulation,Hep-G2,homo_sapiens,145294,GEO,0.992,0.1000552875841024,0,4206,0.96,34,52.69,50.5,12.32,21.5,95.5,15000,200,0.7038628503406695,0.9441829688132848,0.8279502920600696,0.7688614540466392,0.7473333333333333,0.9114299851558636,0.7579445571331981,GSM5214622,0
ISX,Unknown/Other,GSM5215026,Unknown/Other,Gene Regulation,Hep-G2,homo_sapiens,152980,GEO,0.995,0.0192366260527061,0,325,0.9256,35,62.38,64,9.8,17,95.5,9854,200,0.8325508868517463,0.9728346437880624,0.957248885604194,0.8787878787878788,0.9117647058823528,0.9213859910581222,0.8949726231956198,GSM5215026,0
Ikzf1,Unknown/Other,GSM2827350,Unknown/Other,Gene Regulation,GM12878,homo_sapiens,101339,GEO,0.893,0.2031189999999492,0,5330,0.9636,40,56.18,55.5,12.36,21.5,85.5,15000,200,0.6828898915551416,0.928205227379278,0.815594282909586,0.8037383177570093,0.688,0.8998330550918197,0.7413793103448276,GSM2827350,0
Ikzf2,Unknown/Other,GSM2423992,Unknown/Other,Gene Regulation,HEK293,homo_sapiens,179792,GEO,0.992,0.2882455232527028,0,24651,0.8826,36,59.49,59.5,10,21.5,88,15000,200,0.8226484665871825,0.971648148148148,0.9344560897306866,0.8478396994364433,0.9026666666666666,0.92581998474447,0.8743945753955441,GSM2423992,0
Irf1,Unknown/Other,GSM935549,Unknown/Other,Gene Regulation,K-562,homo_sapiens,45949,GEO,0.991,0.0908817499999772,0,7170,0.9674,29,61.05,62,10.75,20,87.5,15000,200,0.799579268923317,0.9643621690778468,0.9361720514322928,0.8568601583113457,0.866,0.9144669531409862,0.8614058355437666,GSM935549,0
Irf5,Unknown/Other,GSM5214006,Unknown/Other,Gene Regulation,Hep-G2,homo_sapiens,145969,GEO,0.99,0.0451970056008611,0,498,0.9128,36,64.31,65.5,9.61,20.5,95.5,15000,200,0.8293860487027501,0.9752398547291964,0.9652129862998337,0.8880258899676375,0.9146666666666666,0.9166435890335088,0.9011494252873564,GSM5214006,0
Irf8,Unknown/Other,GSM3514948,Unknown/Other,Gene Regulation,THP-1,homo_sapiens,99718,GEO,0.989,0.0217232499999945,0,2520,0.8638,40,49.71,46.5,12.58,9.5,95,13892,200,0.8795543686020822,0.9864113336686492,0.954041821250064,0.9032727272727272,0.8941684665226782,0.9677753481413282,0.8986975397973951,GSM3514948,0
Isl1,Unknown/Other,GSM2486159,Unknown/Other,Gene Regulation,SK-N-BE(2)-C,homo_sapiens,138037,GEO,0.983,0.1913757075946477,0,14380,0.984,35,40.29,39.5,7.08,19.5,95.5,15000,200,0.7015504373133719,0.941107411498606,0.8321187906101346,0.8157689305230289,0.6966666666666667,0.911828505805793,0.7515282272563826,GSM2486159,0
JDP2,Unknown/Other,GSM3178724,Unknown/Other,Gene Regulation,Loucy,homo_sapiens,138904,GEO,0.973,0.0151232356662329,0,426,0.9594,37,61.6,63.5,12.8,16.5,95,9949,200,0.8290170111535216,0.959364938464779,0.9332234619273954,0.8947368421052632,0.8542713567839196,0.9331878920098172,0.8740359897172236,GSM3178724,0
JUN,bZIP,GSM3070218,bZIP,"Stress Response, Differentiation",MDA-MB-231,homo_sapiens,104134,GEO,0.943,0.4752737499998812,0,30645,0.9758,35,59.88,58.5,7.87,21.5,86,15000,200,0.8147153820056003,0.9745022869022868,0.9546578772391056,0.8966461327857632,0.8733333333333333,0.9126760563380282,0.8848362039851402,GSM3070218,0
JUNB,bZIP,GSM2437769,bZIP,"Stress Response, Differentiation",A549,homo_sapiens,101868,GEO,0.993,0.1244984999999688,0,10692,0.9846,36,43.67,42.5,8.11,22,83,15000,200,0.7742220974708061,0.9552335079549864,0.8867166013171688,0.8446043165467626,0.7826666666666666,0.9352603917821308,0.8124567474048443,GSM2437769,0
JUND,bZIP,GSM1503220,bZIP,"Stress Response, Differentiation",artery smooth muscle tissue,homo_sapiens,52501,GEO,0.949,0.2458229999999385,0,48394,0.9766,37,42.96,42,8.26,21.5,84.5,15000,200,0.9206660501906494,0.9797433275019064,0.9623038167913524,0.9484181568088031,0.9193333333333332,0.9780539693203448,0.933649289099526,GSM1503220,0
Jarid2,Nuclear Receptor,GSM4498400,Nuclear Receptor,"Hormone Response, Metabolism",embryonic stem cell,homo_sapiens,146288,GEO,0.983,0.2181932683332225,0,12843,0.542,39,67.56,68,6.66,19.5,95.5,15000,200,0.927370882948206,0.9902677848035822,0.9925439142773894,0.9632786885245902,0.9786808794137242,0.965065502183406,0.970918704560476,GSM4498400,0
KHSRP,Unknown/Other,GSM2827485,Unknown/Other,Gene Regulation,K562,homo_sapiens,101013,GEO,0.966,0.015926999999996,0,362,0.904,37,50.15,49,10.31,22,78.5,9358,200,0.5522905729828007,0.8669053220753267,0.6786791253824676,0.75,0.5064102564102564,0.8814531548757171,0.6045918367346939,GSM2827485,0
KLF1,KLF,GSM1067275,C2H2 Zinc Finger,Gene Regulation,,homo_sapiens,39350,GEO,0.954,0.4000462499999,0,36235,0.974,37,59.26,59,10.01,21.5,89,15000,200,0.8134089137222252,0.9756326860841424,0.9478815764873568,0.8898954703832752,0.8513333333333334,0.920558798999166,0.8701873935264055,GSM1067275,0
KLF10,KLF,GSM2574747,C2H2 Zinc Finger,Gene Regulation,Hep-G2,homo_sapiens,74686,GEO,0.98,0.1044639999999738,0,3936,0.9604,36,58.71,60,10.66,21,85,12806,200,0.7837459466981924,0.9623221561911982,0.9157133342496088,0.8293051359516617,0.8571428571428571,0.9137312803206076,0.8429942418426104,GSM2574747,0
KLF11,KLF,GSM1443813,C2H2 Zinc Finger,Gene Regulation,adipose tissue,homo_sapiens,50412,GEO,0.927,0.2070384999999482,0,9874,0.9646,38,60.28,62,10.09,22,80.5,15000,200,0.7999996412036001,0.9622905982905984,0.933649045849534,0.8676075268817204,0.8606666666666667,0.9128568362309508,0.8641231593038822,GSM1443813,0
KLF12,KLF,GSM5215153,C2H2 Zinc Finger,Gene Regulation,Hep-G2,homo_sapiens,153307,GEO,0.994,0.0537127708280301,0,1185,0.9504,35,63.37,64.5,10.26,17,95.5,15000,200,0.8104490119380122,0.9661880472021316,0.9446042035271132,0.8513681592039801,0.9126666666666666,0.9103464986673128,0.8809523809523809,GSM5215153,0
KLF17,KLF,GSM3577152,C2H2 Zinc Finger,Gene Regulation,embryonic stem cell,homo_sapiens,174001,GEO,0.982,0.0492571145429227,0,1911,0.9358,31,63.46,66,12.95,0,95.5,13552,200,0.8003635215298341,0.953066631987906,0.9158950578655192,0.903494176372712,0.8014760147601476,0.92279927812312,0.8494329292139225,GSM3577152,0
KLF3,KLF,GSM4192052,C2H2 Zinc Finger,Gene Regulation,keratinocyte,homo_sapiens,168692,GEO,0.989,0.1039991856108996,0,3906,0.9624,39,66.72,68.5,11.47,7,96.5,15000,200,0.8577776023850536,0.9768297145978424,0.9646846734297444,0.9065174456879526,0.918,0.9327581832022328,0.912222590261676,GSM4192052,0
KLF5,KLF,GSM4447200,C2H2 Zinc Finger,Gene Regulation,HT-29,homo_sapiens,164876,GEO,0.964,0.1941922077427908,0,12529,0.9594,35,59.92,60,12.75,16.5,95.5,15000,200,0.7790795399819077,0.9579488494411572,0.8969321282332937,0.864530225782957,0.7913333333333333,0.9240487062404872,0.826313957535677,GSM4447200,0
KLF7,KLF,GSM2026749,C2H2 Zinc Finger,Gene Regulation,HEK293,homo_sapiens,65134,GEO,0.977,0.0024312499999993,0,80,0.7473958333333334,37,53.64,57,13.43,22,76.5,320,200,0.697261113047375,0.9454369869628196,0.929757559547449,1,0.5263157894736842,0.9296875,0.6896551724137931,GSM2026749,0
KLF9,KLF,GSM1522563,C2H2 Zinc Finger,Gene Regulation,glioblastoma,homo_sapiens,49949,GEO,0.921,0.1614859999999596,0,16173,0.9672,37,66.26,67.5,10.21,21.5,96,15000,200,0.9208361138841804,0.9922281766093696,0.9885539960376136,0.93490746649649,0.9766666666666668,0.9606095457159288,0.9553309422888816,GSM1522563,0
Klf13,KLF,GSM2423733,C2H2 Zinc Finger,Gene Regulation,K-562,homo_sapiens,179567,GEO,0.994,0.0340265491704705,0,680,0.8142,36,59.38,61,11.61,21,83,12094,200,0.7082987234655324,0.928594747123575,0.8343665761117838,0.8068283917340521,0.7427626137303557,0.8973858759266484,0.7734711455641688,GSM2423733,0
Klf15,KLF,GSM2519950,C2H2 Zinc Finger,Gene Regulation,respiratory system smooth muscle,homo_sapiens,85934,GEO,0.985,0.2494842499999376,0,13915,0.9782,36,42.54,40.5,10.13,20.5,86,15000,200,0.6122286118496442,0.9107450057670128,0.7510658705349997,0.7707964601769911,0.5806666666666667,0.8982234957020058,0.6623574144486692,GSM2519950,0
Klf16,KLF,GSM2527382,C2H2 Zinc Finger,Gene Regulation,Hep-G2,homo_sapiens,100075,GEO,0.991,0.0956818022217146,0,1824,0.96,35,58.05,59,11.49,16.5,95.5,15000,200,0.7383206018119709,0.9459144313899356,0.8686720059843365,0.8259023354564756,0.778,0.9036765929129928,0.8012358393408857,GSM2527382,0
Klf4,KLF,GSM3597672,C2H2 Zinc Finger,Gene Regulation,prepuce of penis,homo_sapiens,111378,GEO,0.985,0.1391103986775605,0,7820,0.9012,34,58.46,58.5,8.73,22,85,15000,200,0.7876901023935878,0.9639424987940184,0.92164087741434,0.8629198080877313,0.8393333333333334,0.9109989909182644,0.8509631632308212,GSM3597672,0
Klf6,KLF,GSM2534396,C2H2 Zinc Finger,Gene Regulation,Hep-G2,homo_sapiens,101895,GEO,0.984,0.0495804999999876,0,651,0.9566,35,60.24,61.5,11.18,21,96.5,15000,200,0.7910715977238287,0.9630641810918776,0.9162491853656636,0.8636363636363636,0.836,0.9155090390104662,0.8495934959349594,GSM2534396,0
Kmt2c,Unknown/Other,GSM2171853,Unknown/Other,Gene Regulation,MCF-7,homo_sapiens,77531,GEO,0.98,0.1036819326884313,0,5545,0.9822,39,50.29,49,8.04,21,81.5,15000,200,0.6459215965996129,0.9181081508515816,0.8037800901650014,0.727457627118644,0.7153333333333334,0.8812320916905444,0.7213445378151261,GSM2171853,0
L3MBTL3,Unknown/Other,GSM2679735,Unknown/Other,Gene Regulation,MDA-MB-231,homo_sapiens,81163,GEO,0.966,0.0026097499999993,0,258,0.4711033274956217,40,46.58,42,12.76,21.5,96.5,398,200,0.7418343214433144,0.899666790077749,0.8128262505232524,0.8,0.7567567567567568,0.9375,0.7777777777777778,GSM2679735,0
L3MBTL4,Unknown/Other,GSM2574756,Unknown/Other,Gene Regulation,Hep-G2,homo_sapiens,77271,GEO,0.994,0.0376247499999905,0,441,0.9636,39,54.77,55,10.32,21.5,81.5,15000,200,0.7169710533662867,0.9470080771058168,0.8622225011261797,0.7427213309566251,0.8333333333333334,0.8934643581344563,0.7854225573358466,GSM2574756,0
LBX2,Unknown/Other,GSM5214062,Unknown/Other,Gene Regulation,Hep-G2,homo_sapiens,145384,GEO,0.987,0.0680279628498968,0,921,0.931,36,65.62,66.5,9.07,21.5,95.5,15000,200,0.8621154510720338,0.980669406392694,0.9715679198138818,0.912987012987013,0.9373333333333334,0.9314285714285714,0.925,GSM5214062,0
LCOR,Unknown/Other,GSM5214415,Unknown/Other,Gene Regulation,Hep-G2,homo_sapiens,146101,GEO,0.994,0.1344058118839785,0,6336,0.9626,35,54.12,52.5,10.54,21,95.5,15000,200,0.6666069914552647,0.9362749624286144,0.8086158377575885,0.7558057705840957,0.716,0.8902767920511001,0.7353646011639849,GSM5214415,0
LCORL,Unknown/Other,GSM5214905,Unknown/Other,Gene Regulation,Hep-G2,homo_sapiens,145345,GEO,0.993,0.1240698026024475,0,2269,0.953,36,56.99,56.5,10.55,20,95.5,15000,200,0.6978199053507862,0.9411086847926924,0.8447554066746531,0.765748031496063,0.778,0.8881866796305299,0.7718253968253969,GSM5214905,0
LHX2,Unknown/Other,GSM1567049,Unknown/Other,Gene Regulation,pigmented layer of retina,homo_sapiens,50899,GEO,0.978,0.0306982499999923,0,3095,0.9794,39,40.33,39.5,6.32,22,97.5,15000,200,0.7552718392593617,0.957224244359302,0.8798329284007051,0.8120300751879699,0.792,0.9243946419371458,0.8018899763752954,GSM1567049,0
LHX9,Unknown/Other,GSM3262278,Unknown/Other,Gene Regulation,colon,homo_sapiens,144137,GEO,0.993,0.031748688,0,626,0.9204,35,42.3,41.5,7.07,17,95.5,15000,200,0.7050976934656294,0.9410982001894538,0.8292671997427011,0.7872492836676218,0.7326666666666667,0.910901199897881,0.7589779005524862,GSM3262278,0
LRRFIP1,Unknown/Other,GSM3267286,Unknown/Other,Gene Regulation,HCT 116,homo_sapiens,141113,GEO,0.957,0.1269991775240583,0,6360,0.95,40,61.19,62.5,8.81,7,96,15000,200,0.8112852423298459,0.9669234817813764,0.9470292194082884,0.9037921348314608,0.858,0.91183879093199,0.8803009575923393,GSM3267286,0
Lef1,Unknown/Other,GSM1875147,Unknown/Other,Gene Regulation,RL95-2,homo_sapiens,57116,GEO,0.995,0.0034407499999991,0,62,0.5377906976744186,38,41.16,39.5,10.04,19,80,219,200,0.6991387029797652,0.9203488372093024,0.7837490715729892,0.8125,0.65,0.9479166666666666,0.7222222222222222,GSM1875147,0
Lyl1,Unknown/Other,GSM1901548,Unknown/Other,Gene Regulation,SJNB-4,homo_sapiens,59005,GEO,0.994,0.0152512499999961,0,2366,0.9508,39,48.81,48.5,7.89,22,76.5,7474,200,0.761880970592165,0.9623505472942534,0.8905847919501795,0.8371428571428572,0.7834224598930482,0.9230125523012552,0.8093922651933702,GSM1901548,0
MAF,Unknown/Other,GSM1859073,Unknown/Other,Gene Regulation,"CD4-positive, alpha-beta T cell",homo_sapiens,58809,GEO,0.93,0.1131277499999717,0,6477,0.9708,39,61.62,63.5,10.85,22,86,15000,200,0.82069155924445,0.9681427481747849,0.9454881265480872,0.8965277777777778,0.8606666666666667,0.921474007457776,0.8782312925170068,GSM1859073,0
MAF1,Unknown/Other,GSM5214681,Unknown/Other,Gene Regulation,Hep-G2,homo_sapiens,146055,GEO,0.994,0.034499460629442,0,562,0.9378,35,63.34,65,9.71,21.5,95.5,15000,200,0.7971768659755251,0.964776600254345,0.946371867952624,0.8704799474030244,0.8826666666666667,0.9033428349313294,0.8765309500165508,GSM5214681,0
MAFB,Unknown/Other,GSM1278507,Unknown/Other,Gene Regulation,keratinocyte,homo_sapiens,50112,GEO,0.98,0.0129499999999967,0,1023,0.9458519622454048,39,61.8,64,12.45,21.5,95.5,3937,200,0.7974792811161606,0.9572881724898824,0.9275496747360392,0.815668202764977,0.8984771573604061,0.9154929577464788,0.855072463768116,GSM1278507,0
MAFK,Unknown/Other,GSM1159670,Unknown/Other,Gene Regulation,OCI-Ly7,homo_sapiens,41625,GEO,0.949,0.0471574999999882,0,2676,0.8838,30,50.68,49.5,8.78,20.5,82.5,14891,200,0.7059165550946263,0.9493559643448058,0.8660605879222808,0.7949275362318841,0.7367360644728005,0.9047417442845048,0.7647263855001742,GSM1159670,0
MAX,bHLH,GSM894103,bHLH,"Development, Proliferation",NCI-H2171,homo_sapiens,37173,GEO,0.938,0.4514044999998872,0,27842,0.9474,38,62.83,62.5,10.36,22,95.5,15000,200,0.8237995689613259,0.9711357933579337,0.9520504924487636,0.9034722222222222,0.8673333333333333,0.9197149643705465,0.8850340136054422,GSM894103,0
MBD1,Unknown/Other,GSM5369703,Unknown/Other,Gene Regulation,K562,homo_sapiens,149649,GEO,0.988,0.0203494257976315,0,386,0.1950732356857523,40,40.09,39,6.65,20,81.5,1494,200,0.6229718167695834,0.8856578970147789,0.6617640030815998,0.7045454545454546,0.6241610738255033,0.9275914634146342,0.6619217081850534,GSM5369703,0
MBD2,Unknown/Other,GSM1388125,Unknown/Other,Gene Regulation,MCF-7,homo_sapiens,48825,GEO,0.998,0.1949977499999512,0,10100,0.9732,38,67.34,68.5,9.79,22,91,15000,200,0.8848550926197986,0.9832751867555016,0.9839714075608328,0.9393737508327782,0.94,0.9425579181212314,0.939686771076308,GSM1388125,0
MBD3,Unknown/Other,GSM2104436,Unknown/Other,Gene Regulation,HeLa,homo_sapiens,71069,GEO,0.964,0.448060999999888,0,10195,0.9702,36,58.27,59,11.13,21.5,95.5,15000,200,0.7729917688668398,0.9543028605381546,0.898602850331401,0.8494475138121547,0.82,0.910079233462318,0.8344640434192673,GSM2104436,0
MEF2B,Unknown/Other,GSM3011725,Unknown/Other,Gene Regulation,tonsil,homo_sapiens,139649,GEO,0.989,0.1125788156767842,0,7610,0.9136,36,44.59,43,9.86,7,96.5,15000,200,0.6423953271682776,0.91160462877893,0.7666586642159358,0.698874917273329,0.704,0.9014146287970172,0.7014280969777482,GSM3011725,0
MEF2D,Unknown/Other,GSM5215167,Unknown/Other,Gene Regulation,Hep-G2,homo_sapiens,153200,GEO,0.988,0.0704865871989406,0,1028,0.9266,36,57.48,58.5,10.55,19.5,95.5,15000,200,0.7167703559740187,0.9435060578524914,0.8708615456629685,0.8174603174603174,0.7553333333333333,0.8949508641138597,0.7851697851697852,GSM5215167,0
MIER3,Unknown/Other,GSM2534128,Unknown/Other,Gene Regulation,Hep-G2,homo_sapiens,100871,GEO,0.988,0.0898837499999775,0,3119,0.9604,,54.7,54,10.69,21.5,83.5,15000,200,0.7386793340871922,0.9611521564259636,0.8806123086971306,0.8375558867362146,0.7493333333333333,0.9137505445041384,0.7909922589725545,GSM2534128,0
MITF,Unknown/Other,GSM1517751,Unknown/Other,Gene Regulation,501-mel,homo_sapiens,52548,GEO,0.988,0.1351802499999662,0,24342,0.6142,39,49.11,48,8.06,21.5,82,15000,200,0.9361449499394014,0.993958315448085,0.9836761874257298,0.9534098582039164,0.9413333333333334,0.9815054776769938,0.9473331096947332,GSM1517751,0
MIXL1,Unknown/Other,GSM3499104,Unknown/Other,Gene Regulation,MCF-7,homo_sapiens,134990,GEO,0.948,0.160854938422829,0,15354,0.9372,40,48.34,47,9.93,17,96.5,15000,200,0.733247484004757,0.9529091751192628,0.8571032488766084,0.8175775480059084,0.738,0.926411406232034,0.7757533286615277,GSM3499104,0
MLX,Unknown/Other,GSM2527496,Unknown/Other,Gene Regulation,Hep-G2,homo_sapiens,101106,GEO,0.993,0.0375999999999906,0,1883,0.9324,35,54.09,53,10.73,21.5,85,15000,200,0.7489741997588043,0.9585355851851852,0.8784550065415192,0.7884244372990353,0.8173333333333334,0.9153684210526316,0.8026186579378068,GSM2527496,0
MLXIP,Unknown/Other,GSM2358603,Unknown/Other,Gene Regulation,155,homo_sapiens,76828,GEO,0.99,0.0083676003394425,0,48,0.7573529411764706,38,40.52,39.5,9.32,16.5,66,128,200,0.8307061088165788,0.899749373433584,0.7830556504898609,1,0.7142857142857143,0.96875,0.8333333333333334,GSM2358603,0
MNX1,Unknown/Other,GSM5214607,Unknown/Other,Gene Regulation,Hep-G2,homo_sapiens,145684,GEO,0.981,0.1979236603350264,0,5492,0.9612,36,67.52,68.5,8.1,21.5,95.5,15000,200,0.8824477838923942,0.9869288515406164,0.989286407512434,0.9363636363636364,0.9613333333333334,0.942007434944238,0.9486842105263158,GSM5214607,0
MSX2,Unknown/Other,GSM5215595,Unknown/Other,Gene Regulation,MCF-7,homo_sapiens,152751,GEO,0.991,0.0349150992339057,0,1255,0.847,40,48.93,46,11.58,20,78.5,15000,200,0.5932186971631901,0.907451157838701,0.7227624266741413,0.7482394366197183,0.5666666666666667,0.896161526514311,0.644916540212443,GSM5215595,0
MTA2,Unknown/Other,GSM969795,Unknown/Other,Gene Regulation,HCT 116,homo_sapiens,87604,GEO,0.988,0.0032879999999991,0,239,0.5253164556962026,39,41.63,39.5,8.93,16.5,78,338,200,0.7410973168752247,0.944627851140456,0.864226279641572,0.8846153846153846,0.6764705882352942,0.9391304347826088,0.7666666666666667,GSM969795,0
MTA3,Unknown/Other,GSM1010729,Unknown/Other,Gene Regulation,GM12878,homo_sapiens,46147,GEO,0.996,0.1094129999999726,0,716,0.9738,37,48.62,47,9.4,22,81.5,15000,200,0.588875765579935,0.9044079932510808,0.7179110048455757,0.6466212027278363,0.6953333333333334,0.8687036563538737,0.6700931577256666,GSM1010729,0
MTF1,Unknown/Other,GSM5215251,Unknown/Other,Gene Regulation,Hep-G2,homo_sapiens,152830,GEO,0.992,0.0201079735548781,0,433,0.9288,35,60.93,62.5,10.64,17,95.5,8468,200,0.7453650128799599,0.95314597808783,0.9138301886557928,0.8004410143329658,0.8571428571428571,0.8874813710879285,0.8278221208665907,GSM5215251,0
MXD1,bHLH,GSM5215037,bHLH,"Development, Proliferation",Hep-G2,homo_sapiens,152998,GEO,0.986,0.0922457136473,0,1499,0.9428,36,65.89,67,9.42,21,95.5,15000,200,0.8605463216728438,0.9818867497168744,0.9769633716112388,0.9141184124918672,0.9366666666666666,0.9304960195958358,0.925255186038854,GSM5215037,0
MXD3,bHLH,GSM2534622,bHLH,"Development, Proliferation",Hep-G2,homo_sapiens,102381,GEO,0.987,0.035939749999991,0,387,0.9564,35,65.45,66,7.24,22,97.5,8743,200,0.8665620048354183,0.9823702613176296,0.9848410986825858,0.9414466130884042,0.9382151029748284,0.933920704845815,0.9398280802292264,GSM2534622,0
MXD4,bHLH,GSM2534025,bHLH,"Development, Proliferation",Hep-G2,homo_sapiens,101245,GEO,0.989,0.0586574999999853,0,2152,0.9514,35,60.85,61.5,10.18,22,95,15000,200,0.7921894763949794,0.9652762632978722,0.9329660067782012,0.8512020792722547,0.8733333333333333,0.9070541259982252,0.8621256992431721,GSM2534025,0
MYB,Unknown/Other,GSM2466686,Unknown/Other,Gene Regulation,Loucy,homo_sapiens,75138,GEO,0.976,0.2922482499999269,0,18027,0.966,,47.06,45.5,9.38,20.5,85.5,15000,200,0.7442321914895949,0.955746153092228,0.864179718338061,0.8273328434974284,0.7506666666666667,0.9266441821247892,0.7871373645578469,GSM2466686,0
MYC,bHLH,GSM2305251,bHLH,"Cell Cycle, Proliferation",LNCaP,homo_sapiens,70756,GEO,0.96,0.8205327499997949,0,11308,0.5234,29,49.34,49.5,11.85,20,81,15000,200,0.5018122276945322,0.8743026748588095,0.6508388491610317,0.6297627606038821,0.584,0.8342308252073934,0.6060186786579038,GSM2305251,0
MYCN,bHLH,GSM2915909,bHLH,"Cell Cycle, Proliferation",Kelly,homo_sapiens,138030,GEO,0.99,0.139539056765525,0,9445,0.968,31,61.65,63,12.3,17,95.5,15000,200,0.7809975637806483,0.96200796812749,0.922945521518058,0.8627450980392157,0.8213333333333334,0.9118708452041784,0.8415300546448088,GSM2915909,0
MYNN,Unknown/Other,GSM5215460,Unknown/Other,Gene Regulation,Hep-G2,homo_sapiens,152769,GEO,0.991,0.0357188420080909,0,378,0.9474,34,59.17,59.5,8.41,21.5,95.5,15000,200,0.7281578364738989,0.9495554753309264,0.9078884466558236,0.8181221273801708,0.8306666666666667,0.8756440281030445,0.824346675487926,GSM5215460,0
MYOD1,Unknown/Other,GSM2259152,Unknown/Other,Gene Regulation,RMS,homo_sapiens,89895,GEO,0.919,0.3374602499999156,0,21525,0.9578,35,52.78,52,7.23,24,77.5,15000,200,0.8183544484524224,0.9743395768296912,0.9418397323943956,0.8628608923884514,0.8766666666666667,0.9262724550898204,0.8697089947089947,GSM2259152,0
MYOG,Unknown/Other,GSM2214115,Unknown/Other,Gene Regulation,rhabdomyosarcoma,homo_sapiens,75838,GEO,0.962,0.0240254999999939,0,1147,0.9402,35,51.11,50,7.1,22.5,97.5,7873,200,0.8320104896386388,0.9744071498936367,0.9419781159573792,0.8855656697009102,0.8653113087674714,0.9355909694555112,0.8753213367609255,GSM2214115,0
MZF1,Unknown/Other,GSM2026778,Unknown/Other,Gene Regulation,HEK293,homo_sapiens,65207,GEO,0.993,0.0044437499999988,0,172,0.8957816377171216,37,51.23,50,9.14,22,78.5,1158,200,0.5560923629368766,0.91108934169279,0.7355106453921221,0.8771929824561403,0.4310344827586206,0.8687050359712231,0.5780346820809249,GSM2026778,0
Maff,Unknown/Other,GSM2423084,Unknown/Other,Gene Regulation,HeLa-S3,homo_sapiens,100562,GEO,0.99,0.0672634999999831,0,8476,0.7578,39,42.12,41,9.26,18.5,78.5,15000,200,0.8074314272710004,0.9687605495583906,0.9183537634080208,0.8460499662390277,0.8353333333333334,0.9449785706011816,0.8406574974840657,GSM2423084,0
Mafg,Unknown/Other,GSM5213893,Unknown/Other,Gene Regulation,Hep-G2,homo_sapiens,149788,GEO,0.991,0.0287360732040788,0,623,0.849,36,59.78,60.5,10.33,20,95.5,15000,200,0.7685215548643927,0.957823826966684,0.9102086839084172,0.8799699924981246,0.782,0.9084930477264186,0.8280974232262619,GSM5213893,0
Maz,Unknown/Other,GSM1499533,Unknown/Other,Gene Regulation,T778,homo_sapiens,74571,GEO,0.958,0.1675247499999581,0,2655,0.933,38,66.23,67,9.26,21,96.5,15000,200,0.8134252744674242,0.9717628845776995,0.964459950478908,0.8619018776499091,0.9486666666666668,0.9047172758512964,0.903205331640749,GSM1499533,0
Mecom,Unknown/Other,GSM6372561,Unknown/Other,Gene Regulation,K-562,homo_sapiens,163625,GEO,0.994,0.029187546340244,0,812,0.7994,36,50.56,49,10.01,20.5,84,15000,200,0.5291029605492851,0.8850695362685796,0.6824859119334844,0.7424083769633508,0.4726666666666667,0.8795446625624347,0.5775967413441955,GSM6372561,0
Mecp2,Unknown/Other,GSM4557680,Unknown/Other,Gene Regulation,HEK293T,homo_sapiens,154529,GEO,0.991,0.0290297809495378,0,250,0.4524,40,60.06,59,9.98,21.5,90,14904,200,0.7663108599236839,0.9684186744451908,0.8702407140911875,0.8287135749822317,0.7825503355704698,0.9347876269621422,0.8049706593027269,GSM4557680,0
Mef2a,Unknown/Other,GSM803511,Unknown/Other,Gene Regulation,GM12878,homo_sapiens,46123,GEO,0.946,0.1129562499999717,0,9512,0.9684,33,45.32,43,10.79,21.5,95.5,15000,200,0.701522461968744,0.9523662241686056,0.8328183425718492,0.8245329000812348,0.6766666666666666,0.9204042239127966,0.7433174661296228,GSM803511,0
Mef2c,Unknown/Other,GSM2944368,Unknown/Other,Gene Regulation,MOLM-13,homo_sapiens,136688,GEO,0.971,0.2761269134355009,0,26759,0.9284,35,43.9,42.5,8.83,20.5,95.5,15000,200,0.7609430094973829,0.9528769124978512,0.8702337851105124,0.7851186658114175,0.816,0.9339887640449438,0.8002615233736515,GSM2944368,0
Meis1,Unknown/Other,GSM940324,Unknown/Other,Gene Regulation,SEM,homo_sapiens,9324,GEO,0.989,0.0084444999999978,0,920,0.90852314474651,30,43.26,42.5,6.99,17,96,2690,200,0.661888885677303,0.9197365517475512,0.8150512330625221,0.774468085106383,0.6765799256505576,0.8973607038123167,0.7222222222222222,GSM940324,0
Mga,Unknown/Other,GSM2828490,Unknown/Other,Gene Regulation,K562,homo_sapiens,102741,GEO,0.878,0.099910999999975,0,2721,0.9388,40,58.63,59,9.68,21.5,83.5,15000,200,0.7184441071904152,0.9359022523697712,0.8628150887407061,0.815697266993693,0.776,0.8876804800300019,0.7953536043730782,GSM2828490,0
Mllt10,Unknown/Other,GSM5215676,Unknown/Other,Gene Regulation,Hep-G2,homo_sapiens,152784,GEO,0.994,0.0162231656191785,0,129,0.7488829311885612,34,53.28,54.25,11.95,20.5,97.5,1112,200,0.7551457230820419,0.9459624762377056,0.8677561395139844,0.8,0.7927927927927928,0.9314024390243902,0.7963800904977375,GSM5215676,0
Mnt,Unknown/Other,GSM2827334,Unknown/Other,Gene Regulation,K562,homo_sapiens,101942,GEO,0.943,0.0934737499999766,0,2946,0.942,38,56.6,57,9.89,18.5,85,15000,200,0.7308444917272822,0.9433269160650476,0.8649609483595257,0.8343151693667158,0.7553333333333333,0.902487234393016,0.7928621413575927,GSM2827334,0
Mta1,Unknown/Other,GSM5215565,Unknown/Other,Gene Regulation,Hep-G2,homo_sapiens,153333,GEO,0.978,0.1602853671765301,0,2500,0.9488,36,65.38,65.5,8.2,20,95.5,15000,200,0.8595411651716623,0.979935929648241,0.9765030933622896,0.9256801592568016,0.93,0.9298188874514876,0.9278350515463918,GSM5215565,0
Mybl2,Unknown/Other,GSM1010876,Unknown/Other,Gene Regulation,Hep-G2,homo_sapiens,46241,GEO,0.991,0.0948397499999763,0,1382,0.9722,38,51.12,49.5,10.46,22,96.5,15000,200,0.6319355223897447,0.9276698226139948,0.7794294873624502,0.6184276414621933,0.8233333333333334,0.8653291371623394,0.7063197026022305,GSM1010876,0
NCOA1,Unknown/Other,GSM5669451,Unknown/Other,Gene Regulation,Hep-G2,homo_sapiens,172230,GEO,0.992,0.0464589031056362,0,260,0.915,36,60.83,62,10.46,20,95.5,15000,200,0.737714817835352,0.9456425484875892,0.8909530672134837,0.8596881959910914,0.772,0.8897654141581898,0.8134878819810326,GSM5669451,0
NEUROD1,Unknown/Other,GSM2432944,Unknown/Other,Gene Regulation,D283 Med,homo_sapiens,74360,GEO,0.976,0.2231837499999442,0,18815,0.8856,33,41.05,38.5,9.58,19.5,81,15000,200,0.8040070065996747,0.9646070362196546,0.8974774159494208,0.8471555860178204,0.824,0.9470824731065955,0.8354173707333559,GSM2432944,0
NFAT5,Unknown/Other,GSM5215305,Unknown/Other,Gene Regulation,Hep-G2,homo_sapiens,152928,GEO,0.993,0.0499783165109015,0,724,0.9426,35,63.76,64.5,9.33,21,95.5,15000,200,0.800310599173087,0.972943584935146,0.9601731428157004,0.927719821162444,0.83,0.9031103770988164,0.8761435608726249,GSM5215305,0
NFATC3,Unknown/Other,GSM2574801,Unknown/Other,Gene Regulation,Hep-G2,homo_sapiens,74643,GEO,0.986,0.0575124999999856,0,56,0.9114,36,59.76,59,7.09,21.5,95,15000,200,0.8061643463289107,0.9672788203753352,0.9468371669909136,0.8332354668232531,0.946,0.9023542001070092,0.8860443334374024,GSM2574801,0
NFATC4,Unknown/Other,GSM6347346,Unknown/Other,Gene Regulation,GM25256,homo_sapiens,163521,GEO,0.992,0.0128617186437119,0,417,0.8092,36,60.19,62.5,12.03,21.5,83.5,5994,200,0.6959879284562149,0.9370706451681072,0.8443203330362982,0.8048327137546468,0.7228714524207012,0.8947163947163947,0.7616534740545294,GSM6347346,0
NFE2,Unknown/Other,GSM1067276,Unknown/Other,Gene Regulation,,homo_sapiens,39357,GEO,0.953,0.3357947499999161,0,30674,0.972,37,58.06,57.5,10.51,21,89.5,15000,200,0.8168483349807459,0.9775114314115309,0.9452256254388604,0.9109792284866468,0.8186666666666667,0.9290369297610428,0.8623595505617978,GSM1067276,0
NFE2L2,Unknown/Other,GSM2423561,Unknown/Other,Gene Regulation,Hep-G2,homo_sapiens,101472,GEO,0.993,0.0252792499999936,0,5042,0.847,39,44.52,43.5,8.69,21,84.5,13961,200,0.8445299524020703,0.9771494799197612,0.9382525536774354,0.8616573033707865,0.8789398280802292,0.9570321671753932,0.8702127659574468,GSM2423561,0
NFIC,Unknown/Other,GSM1010880,Unknown/Other,Gene Regulation,SK-N-SH,homo_sapiens,46343,GEO,0.994,0.1533112499999616,0,13987,0.9852,38,47.45,46,9.23,22,83.5,15000,200,0.6911688060755248,0.9386919518963924,0.8255985992411068,0.7559483344663495,0.7413333333333333,0.9064613072877536,0.7485695052170986,GSM1010880,0
NFKB1,Unknown/Other,GSM486323,Unknown/Other,Gene Regulation,GM12891,homo_sapiens,4974,GEO,0.977,0.2343989999999414,0,16580,0.9684,28,49.89,48.5,8.25,21.5,82.5,15000,200,0.8064965590509962,0.9722183702644748,0.92522290409428,0.85724043715847,0.8366666666666667,0.936020293122886,0.8468286099865048,GSM486323,0
NFKB2,Unknown/Other,GSM5215027,Unknown/Other,Gene Regulation,Hep-G2,homo_sapiens,152831,GEO,0.986,0.2113645264438335,0,4595,0.9666,34,65.81,66,7.64,20.5,95.5,15000,200,0.8882285398032966,0.9890871061689172,0.9884272676031068,0.928117048346056,0.9726666666666668,0.9441826748822036,0.9498697916666666,GSM5215027,0
NFRKB,Unknown/Other,GSM2825485,Unknown/Other,Gene Regulation,Hep-G2,homo_sapiens,101034,GEO,0.985,0.0112842499999971,0,193,0.5565517241379311,37,51.47,49.5,10.48,21.5,77,2679,200,0.7917246121922589,0.9567300359516286,0.868753058041054,0.8739495798319328,0.7761194029850746,0.945054945054945,0.8221343873517787,GSM2825485,0
NFXL1,Unknown/Other,GSM2422973,Unknown/Other,Gene Regulation,K562,homo_sapiens,101179,GEO,0.981,0.0133319999999966,0,413,0.7698,37,51.49,51.5,9.07,21.5,79.5,5365,200,0.456978809789685,0.8432719386609155,0.6328058752423009,0.7620967741935484,0.3519553072625698,0.8650530503978779,0.4815286624203821,GSM2422973,0
NFYA,Unknown/Other,GSM648587,Unknown/Other,Gene Regulation,K-562,homo_sapiens,2094,GEO,0.914,0.2296677499999426,0,8566,0.9676,33,59.43,59.5,11.21,20.5,88.5,15000,200,0.843869435327338,0.9801672738312084,0.9522376698316966,0.8605678233438486,0.9093333333333332,0.939409368635438,0.8842787682333874,GSM648587,0
NKRF,Unknown/Other,GSM4766300,Unknown/Other,Gene Regulation,MCF-7,homo_sapiens,169208,GEO,0.992,0.0111109444415249,0,1324,0.9575438596491228,36,67.7,69,9.77,17.5,87,2844,200,0.9358752385989968,0.9903284840622684,0.9924344209681508,0.9853479853479854,0.9471830985915493,0.967687074829932,0.9658886894075404,GSM4766300,0
NPAS2,Unknown/Other,GSM2797588,Unknown/Other,Gene Regulation,Hep-G2,homo_sapiens,132612,GEO,0.997,0.0296366262140337,0,354,0.9264,35,59.54,60,10.07,18.5,95.5,15000,200,0.7473623575054724,0.9529442703883034,0.8979464380858875,0.7956656346749226,0.8566666666666667,0.8912392735980842,0.8250401284109149,GSM2797588,0
NR0B2,Unknown/Other,GSM5215554,Unknown/Other,Gene Regulation,Hep-G2,homo_sapiens,152995,GEO,0.986,0.0839108636851554,0,656,0.9286,36,63.77,64.5,9.07,22,95.5,15000,200,0.8169005946204944,0.9726302561623972,0.95939058827981,0.8892551087673038,0.8993333333333333,0.9106192210703278,0.8942658269804441,GSM5215554,0
NR1I2,Unknown/Other,GSM2752692,Unknown/Other,Gene Regulation,Kelly,homo_sapiens,128704,GEO,0.974,0.1014051222791188,0,510,0.3684,33,53.69,52,10.63,15.5,95.5,13437,200,0.7441793562971454,0.96954581758002,0.7848036597193045,0.6815834767641996,0.8839285714285714,0.9401817264008075,0.7696793002915452,GSM2752692,0
NR2C1,Unknown/Other,GSM2828801,Unknown/Other,Gene Regulation,K562,homo_sapiens,102463,GEO,0.934,0.0657889999999835,0,2060,0.8872,39,54.58,54.5,9.39,9,82.5,13805,200,0.6606026860505212,0.9195058557040358,0.8139704415382365,0.8058510638297872,0.658695652173913,0.8878595806923452,0.7248803827751196,GSM2828801,0
NR2E3,Unknown/Other,GSM803366,Unknown/Other,Gene Regulation,WA01,homo_sapiens,46187,GEO,0.989,0.2490817499999377,0,8975,0.9786,29,63.62,65,10.26,21.5,96,15000,200,0.7918217899767858,0.9635586975149956,0.9480529876748618,0.9223813112283346,0.816,0.9011476264997392,0.865935620799434,GSM803366,0
NRF1,Unknown/Other,GSM2424259,Unknown/Other,Gene Regulation,K562,homo_sapiens,100311,GEO,0.889,0.4646819999998838,0,10806,0.9588,37,64.33,65.5,9.89,22,88,15000,200,0.8956628460745047,0.9875445804195804,0.9832402928792642,0.937875751503006,0.936,0.950105596620908,0.9369369369369368,GSM2424259,0
NRL,Unknown/Other,GSM5214854,Unknown/Other,Gene Regulation,Hep-G2,homo_sapiens,145926,GEO,0.989,0.1881770754985719,0,1939,0.9392,36,65.33,65.5,8.12,19.5,95.5,15000,200,0.8557454754995601,0.9791292428198434,0.9746906390250984,0.8978829389788294,0.9613333333333334,0.9267810026385224,0.9285254346426272,GSM5214854,0
Nanog,Unknown/Other,GSM3577161,Unknown/Other,Gene Regulation,WIBR2,homo_sapiens,174000,GEO,0.988,0.2374566911649382,0,20339,0.9004,34,41.89,41.5,6.05,19.5,95.5,15000,200,0.6867583912010632,0.9273392890377814,0.7991340615155246,0.7724288840262582,0.706,0.9130886426592798,0.7377220480668757,GSM3577161,0
Ncor1,Unknown/Other,GSM5214003,Unknown/Other,Gene Regulation,Hep-G2,homo_sapiens,145630,GEO,0.994,0.0759740089245671,0,3866,0.9632,38,48,46.5,9.91,19.5,86,15000,200,0.6198401887184891,0.9030774836977368,0.7359256707909654,0.696159122085048,0.6766666666666666,0.8902035021296735,0.6862745098039216,GSM5214003,0
Ncor2,Unknown/Other,GSM898062,Unknown/Other,Gene Regulation,lymph node germinal center,homo_sapiens,35093,GEO,0.99,0.0232912499999941,0,583,0.938,39,52.09,50.5,10.61,22,81,15000,200,0.6751807892455524,0.9354589077695844,0.8098628220280191,0.7028160575194727,0.782,0.8936417678986819,0.740296623540549,GSM898062,0
Neurog1,Unknown/Other,GSM1002662,Unknown/Other,Gene Regulation,,homo_sapiens,39755,GEO,0.953,0.1404866753302378,0,1820,0.9674,33,58.15,57.5,10.1,28,92,15000,200,0.7517186597670771,0.9552930450638188,0.9004060843454915,0.845771144278607,0.7933333333333333,0.9012923768495972,0.8187134502923976,GSM1002662,0
Neurog2,Unknown/Other,GSM1970158,Unknown/Other,Gene Regulation,MRC-5,homo_sapiens,76812,GEO,0.99,0.0823674999999794,0,5046,0.9558,38,54.81,54,9.18,22,86,15000,200,0.8076078054713205,0.9737466635448374,0.936387077859502,0.8753481894150418,0.838,0.9268757581008492,0.8562670299727521,GSM1970158,0
Nfatc1,Unknown/Other,GSM3717668,Unknown/Other,Gene Regulation,endothelial cell of lymphatic vessel,homo_sapiens,170354,GEO,0.993,0.0077268199151347,0,577,0.9299495399228258,38,50.88,49,11.13,21,96.5,3364,200,0.7470496736421881,0.943392857142857,0.870360389718328,0.819047619047619,0.7678571428571429,0.9244120940649496,0.7926267281105991,GSM3717668,0
Nfatc2,Unknown/Other,GSM2810040,Unknown/Other,Gene Regulation,peripheral blood mononuclear cell,homo_sapiens,92277,GEO,0.985,0.0328984999999917,0,346,0.8684,39,42.8,42,8.11,10,79.5,8188,200,0.5660943088631537,0.8790793009664858,0.68548723288802,0.6191011235955056,0.6727716727716728,0.8699099871410202,0.6448215330602691,GSM2810040,0
Nfe2l1,Unknown/Other,GSM5215039,Unknown/Other,Gene Regulation,Hep-G2,homo_sapiens,153277,GEO,0.98,0.0551513334161841,0,435,0.8768,36,61.4,61,7.69,20,95.5,15000,200,0.8078929218503136,0.9719527294906986,0.9567396874202868,0.8338209479227618,0.95,0.9026044492674986,0.8881271424119663,GSM5215039,0
Nfia,Unknown/Other,GSM2527615,Unknown/Other,Gene Regulation,Hep-G2,homo_sapiens,100928,GEO,0.989,0.135846999999966,0,8384,0.962,35,51.48,50,9.69,21.5,83,15000,200,0.7376085793166919,0.9470222185098564,0.8623145996046605,0.7862796833773087,0.7946666666666666,0.9155757413839166,0.7904509283819628,GSM2527615,0
Nfib,Unknown/Other,GSM2828368,Unknown/Other,Gene Regulation,MCF-7,homo_sapiens,102453,GEO,0.977,0.0642702499999839,0,5786,0.8378,37,50.4,49.5,10.12,22,81.5,15000,200,0.7703675647810109,0.9663511123787792,0.90397410629425,0.7559009786989062,0.8753333333333333,0.928218984962406,0.8112449799196787,GSM2828368,0
Nfil3,Unknown/Other,GSM2527591,Unknown/Other,Gene Regulation,Hep-G2,homo_sapiens,102026,GEO,0.987,0.184071249999954,0,16555,0.9344,35,47.19,46,8.98,21.5,80.5,15000,200,0.7444853940683844,0.9523672706356052,0.8626372272835143,0.8386363636363636,0.738,0.9283179559971612,0.7851063829787234,GSM2527591,0
Nfix,Unknown/Other,GSM5214038,Unknown/Other,Gene Regulation,K562,homo_sapiens,145887,GEO,0.973,0.0147685109575122,0,288,0.2904820766378245,40,43.08,39.75,9.77,19.5,81.5,800,200,0.6253249556692924,0.8938896648044692,0.704151259047321,0.851063829787234,0.5,0.9409547738693468,0.6299212598425197,GSM5214038,0
Nfyb,Unknown/Other,GSM5215253,Unknown/Other,Gene Regulation,Hep-G2,homo_sapiens,153125,GEO,0.978,0.1424350754940991,0,6859,0.9526,35,58.94,59.5,10.59,16.5,95.5,15000,200,0.846955722339877,0.9802156308851224,0.9492977499453176,0.8894133513149022,0.8793333333333333,0.9434611602753196,0.8843446195105599,GSM5215253,0
Nfyc,Unknown/Other,GSM2534171,Unknown/Other,Gene Regulation,Hep-G2,homo_sapiens,102273,GEO,0.988,0.0955654999999761,0,5096,0.9562,35,57.88,58,10.49,21.5,95,15000,200,0.7937721501369857,0.9649645177411296,0.9145649105342174,0.8420703384207033,0.846,0.9239747122710326,0.8440305952776854,GSM2534171,0
Nme2,Unknown/Other,GSM991046,Unknown/Other,Gene Regulation,A-549,homo_sapiens,50033,GEO,0.463,0.2855172255399831,0,997,0.3418,19,44.02,43.5,7.31,17.5,95.5,8361,200,0.9741263180981294,0.9944609577458284,0.9795301196624616,0.9784688995215312,0.9784688995215312,0.9927725356354146,0.9784688995215312,GSM991046,0
Nr0b1,Unknown/Other,GSM2383939,Unknown/Other,Gene Regulation,NCI-H460,homo_sapiens,82635,GEO,0.9,0.0152554999999961,0,161,0.9094860649450268,41,64.29,69,13.84,22,88,3833,200,0.7728548199434976,0.939792746879022,0.8969806169761856,0.9059561128526644,0.7545691906005222,0.9141274238227148,0.8233618233618234,GSM2383939,0
Nr1h2,Unknown/Other,GSM2042845,Unknown/Other,Gene Regulation,colorectal adenocarcinoma,homo_sapiens,69803,GEO,0.986,0.1020927499999744,0,3957,0.9732,36,50.94,49.5,10.06,21.5,87,15000,200,0.6900658789582126,0.9398433748089936,0.8338617174771382,0.8287841191066998,0.668,0.9073343848580442,0.7397563676633444,GSM2042845,0
Nr1h3,Unknown/Other,GSM2042852,Unknown/Other,Gene Regulation,colorectal adenocarcinoma,homo_sapiens,69799,GEO,0.985,0.223955749999944,0,15369,0.9732,38,47.78,46.5,9.34,22,81,15000,200,0.6653876700568125,0.9259709925207196,0.7994464981299674,0.8161512027491409,0.6333333333333333,0.9056324110671936,0.7132132132132132,GSM2042852,0
Nr1h4,Unknown/Other,GSM1377535,Unknown/Other,Gene Regulation,liver,homo_sapiens,48706,GEO,0.938,0.0140322499999964,0,926,0.8047655649500385,37,49.82,49.5,8.61,21.5,76.5,2532,200,0.6085877745822871,0.887141621604145,0.7742441022109144,0.6807692307692308,0.6996047430830039,0.8708367181153533,0.6900584795321637,GSM1377535,0
Nr1i3,Unknown/Other,GSM4059675,Unknown/Other,Gene Regulation,,homo_sapiens,132378,GEO,0.993,0.0146305435223379,0,193,0.2618771726535341,35,40.72,39.5,6.06,21.5,80,860,200,0.7113992112613117,0.9554201050262564,0.7616239519053076,0.7083333333333334,0.7906976744186046,0.9348441926345608,0.7472527472527473,GSM4059675,0
Nr2c2,Unknown/Other,GSM5215235,Unknown/Other,Gene Regulation,Hep-G2,homo_sapiens,153252,GEO,0.97,0.1732709648010101,0,6444,0.948,36,57.07,57,10.94,19.5,95.5,15000,200,0.7487363980649041,0.950535209324781,0.879882384042797,0.8424507658643327,0.77,0.9114163903363336,0.8045977011494253,GSM5215235,0
Nr2f1,Unknown/Other,GSM1817190,Unknown/Other,Gene Regulation,cranial neural crest,homo_sapiens,56817,GEO,0.957,0.4021434999998995,0,34419,0.8746,39,51.16,50,9.04,22,85,15000,200,0.7083496021542425,0.947202634439542,0.8552666799374127,0.7343656938653961,0.822,0.8937881722031878,0.7757156338471217,GSM1817190,0
Nr2f2,Unknown/Other,GSM3863299,Unknown/Other,Gene Regulation,MCF-7,homo_sapiens,131854,GEO,0.991,0.2227018602716888,0,2705,0.3602,40,58.21,54.5,13.88,20.5,95.5,15000,200,0.7167936773422164,0.9700854329793008,0.8133294595652897,0.7552973342447027,0.7366666666666667,0.9477047017153968,0.7458656766790415,GSM3863299,0
Nr2f6,Unknown/Other,GSM2534449,Unknown/Other,Gene Regulation,Hep-G2,homo_sapiens,101378,GEO,0.991,0.1596377499999601,0,13522,0.9376,35,52.96,51.5,9.69,21.5,83,15000,200,0.7503032717502809,0.955579189523978,0.8711142409815629,0.77875,0.8306666666666667,0.9149769263040134,0.8038709677419354,GSM2534449,0
Nr3c1,Nuclear Receptor,GSM2519947,Nuclear Receptor,"Hormone Response, Metabolism",respiratory system smooth muscle,homo_sapiens,82063,GEO,0.979,0.3252904999999187,0,21845,0.9858,36,42.41,41,8.35,17,84,15000,200,0.6208277998424325,0.9094290868314564,0.7503945944035426,0.6823222439660795,0.6973333333333334,0.8871296629483028,0.6897461259479064,GSM2519947,0
Nr3c2,Nuclear Receptor,GSM1708662,Nuclear Receptor,"Hormone Response, Metabolism",HK-2 [Human kidney],homo_sapiens,54256,GEO,0.963,0.003835249999999,0,65,0.8152380952380952,39,53.45,53.5,14.19,20.5,94,468,200,0.7394586507813686,0.9110337036339672,0.8275587559912244,0.9666666666666668,0.6170212765957447,0.9304029304029304,0.7532467532467533,GSM1708662,0
Nr4a1,Unknown/Other,GSM2095924,Unknown/Other,Gene Regulation,acute myeloid leukemia,homo_sapiens,68309,GEO,0.98,0.0792742499999801,0,9633,0.9,39,48.42,47,9.08,16.5,82.5,15000,200,0.8086942341482258,0.9747267942099402,0.9138921821700324,0.8123076923076923,0.88,0.9400197872866684,0.8448,GSM2095924,0
Nr5a1,Unknown/Other,GSM5214653,Unknown/Other,Gene Regulation,Hep-G2,homo_sapiens,145283,GEO,0.995,0.1041355128267704,0,7639,0.9044,35,50.68,49.5,8.9,19,95.5,15000,200,0.7519661054854689,0.9598306294954588,0.870857006881782,0.8753036437246964,0.7206666666666667,0.9269970696904064,0.7904936014625229,GSM5214653,0
Nr5a2,Unknown/Other,GSM5215230,Unknown/Other,Gene Regulation,A549,homo_sapiens,153008,GEO,0.987,0.0530557024733321,0,1741,0.8994,40,55.43,55.5,11.58,20.5,88,15000,200,0.6597794762494064,0.9267636614376832,0.7948482059101327,0.7532188841201717,0.702,0.8915217093548828,0.7267080745341615,GSM5215230,0
Nsd2,Unknown/Other,GSM831005,Unknown/Other,Gene Regulation,K562,homo_sapiens,8786,GEO,0.991,0.0060579999999984,0,41,0.7782,38,56.39,56,7.52,21.5,82.5,5005,200,0.6897426299245765,0.9308396396396396,0.8405803217893301,0.7370242214532872,0.852,0.8596273291925466,0.7903525046382189,GSM831005,0
OLIG2,Unknown/Other,GSM3692166,Unknown/Other,Gene Regulation,prefrontal cortex,homo_sapiens,134700,GEO,0.965,0.1700006728964617,0,4991,0.9536,38,65.41,66,9.92,21.5,95.5,15000,200,0.8607957025402381,0.9789916622316834,0.9756595442881566,0.9330601092896176,0.9106666666666666,0.9313406333234684,0.921727395411606,GSM3692166,0
ONECUT2,Unknown/Other,GSM2835772,Unknown/Other,Gene Regulation,LNCaP,homo_sapiens,108200,GEO,0.894,0.2136968548173423,0,11702,0.4696,34,34.7,34,5.35,16.5,95.5,15000,200,0.8360006809524492,0.9787905663511044,0.932773509703928,0.8712273641851107,0.866,0.947746310331073,0.8686058174523571,GSM2835772,0
OSR1,Unknown/Other,GSM820438,Unknown/Other,Gene Regulation,HeLa,homo_sapiens,32856,GEO,0.913,0.6490312499998377,0,82484,0.6368,38,52.48,52.5,8.78,21,76,15000,200,0.8230570999289233,0.9616400869880392,0.9214435933075824,0.8740536820371645,0.8466666666666667,0.9411513251638643,0.8601422282424653,GSM820438,0
OSR2,Unknown/Other,GSM2026829,Unknown/Other,Gene Regulation,HEK293,homo_sapiens,65108,GEO,0.974,0.0592294999999852,0,6915,0.9408,37,50.84,49.5,9.75,21.5,88.5,15000,200,0.7261986596417381,0.9591412871987378,0.8705414888958616,0.8202080237741456,0.736,0.9163498098859316,0.7758257203092059,GSM2026829,0
OVOL1,Unknown/Other,GSM5214530,Unknown/Other,Gene Regulation,MCF-7,homo_sapiens,145872,GEO,0.979,0.0717333495919584,0,4376,0.9184,40,49.99,47.5,11.97,20,85,15000,200,0.654910181910595,0.926439450002284,0.7816610514438844,0.7617217524980784,0.6606666666666666,0.9069000795725816,0.7076044269903606,GSM5214530,0
OVOL2,Unknown/Other,GSM5667617,Unknown/Other,Gene Regulation,GM25256,homo_sapiens,174864,GEO,0.995,0.0132889500883636,0,564,0.3322859387274156,36,45.29,40.5,11.31,19,82.5,2532,200,0.7001062010224537,0.9261047422196206,0.77021349623514,0.7398373983739838,0.7193675889328063,0.9468922108575925,0.7294589178356713,GSM5667617,0
OVOL3,Unknown/Other,GSM2423939,Unknown/Other,Gene Regulation,HEK293,homo_sapiens,179836,GEO,0.997,0.0253134134556646,0,378,0.844,37,50.23,48,11.71,21.5,80,11738,200,0.5897253214438409,0.8740797719467995,0.6993571147421046,0.7350705754614549,0.5766609880749574,0.8921083284799068,0.6463007159904535,GSM2423939,0
Onecut1,Unknown/Other,GSM5215449,Unknown/Other,Gene Regulation,Hep-G2,homo_sapiens,152822,GEO,0.987,0.1570076305056938,0,15217,0.8194,35,44.17,43,8.53,20,95.5,15000,200,0.763535057873646,0.9582358049432196,0.8764258535283407,0.7937540663630449,0.8133333333333334,0.9335559265442404,0.8034244320052684,GSM5215449,0
Otx2,Unknown/Other,GSM2432980,Unknown/Other,Gene Regulation,D283 Med,homo_sapiens,74345,GEO,0.959,0.4821019999998795,0,60599,0.9054,33,38.3,38,5.29,14,72,15000,200,0.8171738659699755,0.9647950903146272,0.920340474679536,0.8830703012912482,0.8206666666666667,0.9440342013214148,0.8507256392536282,GSM2432980,0
PATZ1,Unknown/Other,GSM5215711,Unknown/Other,Gene Regulation,Hep-G2,homo_sapiens,152976,GEO,0.993,0.180470189977396,0,10138,0.9604,35,62.09,63,10.57,22,95.5,15000,200,0.7788810474988421,0.961309763217645,0.9209121318447602,0.8556979096426163,0.846,0.90290202923849,0.8508213208179685,GSM5215711,0
PAX3,Homeodomain,GSM3565106,Homeodomain,Gene Regulation,,homo_sapiens,104895,GEO,0.997,0.1364199999999659,0,2632,0.6434,37,40.62,40,5.48,20,78,15000,200,0.6724071765963548,0.94099765379113,0.8368064985018194,0.8526989935956084,0.6213333333333333,0.9004778156996587,0.7188584650983417,GSM3565106,0
PAX6,Homeodomain,GSM1567048,Homeodomain,Gene Regulation,pigmented layer of retina,homo_sapiens,50898,GEO,0.977,0.0222137499999944,0,758,0.9674,39,56.09,55,13.41,21,97.5,11291,200,0.7610306854352864,0.9512647653415904,0.8590599363496447,0.8158844765342961,0.8007085916740478,0.9241781548250264,0.8082253017434063,GSM1567048,0
PAX8,Homeodomain,GSM2107942,Homeodomain,Gene Regulation,KURAMOCHI,homo_sapiens,76665,GEO,0.968,0.0919502550754371,0,136,0.4018087855297158,39,44.16,41.75,9.97,22,95,666,200,0.3946782908494601,0.7456557790756363,0.5110237463644269,0.9285714285714286,0.1940298507462686,0.8856548856548857,0.3209876543209876,GSM2107942,0
PBRM1,Unknown/Other,GSM2897188,Unknown/Other,Gene Regulation,HAP-1,homo_sapiens,178120,GEO,0.99,0.0053771691889916,0,89,0.7078384798099763,40,52.16,46.5,17.7,7.5,96.5,413,200,0.7722141297471218,0.9501463414634146,0.8616195838581422,0.9333333333333332,0.6829268292682927,0.9484536082474226,0.7887323943661971,GSM2897188,0
PBX1,Unknown/Other,GSM1438989,Unknown/Other,Gene Regulation,B-cell acute lymphoblastic leukemia,homo_sapiens,51248,GEO,0.976,0.1812184999999547,0,8971,0.8996,39,51.94,51.5,8.23,21.5,82,15000,200,0.7545403620489629,0.9550255837563452,0.8818293602580162,0.7985842985842986,0.8273333333333334,0.9109727626459144,0.8127046496398166,GSM1438989,0
PBX3,Unknown/Other,GSM1831600,Unknown/Other,Gene Regulation,SMMC-7721,homo_sapiens,56901,GEO,0.988,0.1043524999999739,0,628,0.9378,37,43.68,43.5,5.2,22,76.5,15000,200,0.5513728473185185,0.891781256656017,0.7307873459910817,0.72982158028887,0.5726666666666667,0.8451977401129943,0.6417631677250654,GSM1831600,0
PGR,Nuclear Receptor,GSM3110066,Nuclear Receptor,"Hormone Response, Metabolism",T-47D,homo_sapiens,115317,GEO,0.973,0.2910542932023786,0,18892,0.9652,34,44.41,43.5,8.31,16.5,95.5,15000,200,0.5975809917302477,0.9064580997757848,0.7314017460143937,0.7478485370051635,0.5793333333333334,0.8930060213061602,0.6528925619834711,GSM3110066,0
PHB,Unknown/Other,GSM5378671,Unknown/Other,Gene Regulation,K-562,homo_sapiens,153799,GEO,0.993,0.0170039427657988,0,313,0.7351434426229508,40,56.39,58.5,11.95,19,78.5,3897,200,0.6754560259321607,0.9341164282340754,0.8039359927238044,0.7758620689655172,0.6923076923076923,0.9044862518089724,0.7317073170731707,GSM5378671,0
PHOX2B,Homeodomain,GSM2915910,Homeodomain,Gene Regulation,Kelly,homo_sapiens,138029,GEO,0.99,0.1751321052520589,0,19960,0.4722,31,31.55,29.5,9.1,6.5,95.5,15000,200,0.8531106415913118,0.9775339944063056,0.942640081268044,0.8891156462585034,0.8713333333333333,0.9558038485412788,0.8801346801346801,GSM2915910,0
PIAS1,Unknown/Other,GSM2219874,Unknown/Other,Gene Regulation,LNCaP,homo_sapiens,71205,GEO,0.986,0.0847659999999788,0,9019,0.963,39,37.7,36.5,8.21,13.5,82,15000,200,0.7232733001159851,0.9502390774586598,0.8405830204814391,0.7194202898550724,0.8273333333333334,0.918886462882096,0.7696124031007752,GSM2219874,0
PIAS4,Unknown/Other,GSM1035441,Unknown/Other,Gene Regulation,fibroblast,homo_sapiens,35708,GEO,0.934,0.0043874999999989,0,152,0.7622199592668024,38,50.84,50,8.38,21.5,78,1881,200,0.678975520172418,0.9405862441688474,0.8184357097875521,0.7701149425287356,0.7127659574468085,0.8995726495726496,0.7403314917127072,GSM1035441,0
PITX1,Unknown/Other,GSM5215184,Unknown/Other,Gene Regulation,Hep-G2,homo_sapiens,153391,GEO,0.99,0.1162374322060355,0,2358,0.9426,36,56,56,10.03,22,95.5,15000,200,0.7010496107806352,0.9355555094991364,0.8377414369829559,0.8527454242928453,0.6833333333333333,0.8969169960474308,0.7586972612879349,GSM5215184,0
PITX3,Unknown/Other,GSM2449944,Unknown/Other,Gene Regulation,SH-SY5Y,homo_sapiens,76999,GEO,0.989,0.0841039999999789,0,1515,0.978,39,48.45,47,9.83,22,78.5,15000,200,0.6571913140157614,0.9261134037367994,0.7854990619228629,0.7342032967032966,0.7126666666666667,0.8931417374265186,0.7232746955345061,GSM2449944,0
PLAGL1,Unknown/Other,GSM1624507,Unknown/Other,Gene Regulation,HEK293,homo_sapiens,67877,GEO,0.981,0.1770522499999557,0,200,0.9666,38,54.78,54.5,11.47,21.5,85.5,15000,200,0.7187294990835831,0.9440883863001234,0.8489676716835998,0.7994409503843466,0.7626666666666667,0.9030019610801026,0.7806209484817468,GSM1624507,0
POU2F2,Unknown/Other,GSM2095818,Unknown/Other,Gene Regulation,HBL-1 [Human AIDS-related non-Hodgkin lymphoma],homo_sapiens,69220,GEO,0.986,0.0294992499999926,0,934,0.8882,39,57.5,57,9.52,21,85.5,15000,200,0.780013025997218,0.9671887520525452,0.9170831280186796,0.8089956869993838,0.8753333333333333,0.9106115107913668,0.840858149215498,GSM2095818,0
POU2F3,Unknown/Other,GSM3165679,Unknown/Other,Gene Regulation,NCI-H1048,homo_sapiens,138577,GEO,0.99,0.1577644812348395,0,25026,0.5758,35,39.01,38,7.17,14,89,15000,200,0.8166875058991517,0.9695089314864046,0.9197809162265368,0.8997739261492087,0.796,0.9492309471493005,0.844711708524938,GSM3165679,0
POU3F2,Unknown/Other,GSM1934423,Unknown/Other,Gene Regulation,neural progenitor cell,homo_sapiens,68570,GEO,0.996,0.0069362499999982,0,433,0.8547189819724285,35,55.98,56.5,9.58,22,95.5,4549,200,0.756210786708285,0.9593795748939088,0.9017905363602412,0.8581730769230769,0.7846153846153846,0.9043266301035954,0.8197474167623421,GSM1934423,0
POU6F1,Unknown/Other,GSM5330797,Unknown/Other,Gene Regulation,SK-N-SH,homo_sapiens,146943,GEO,0.981,0.023464202354971,0,284,0.8094,40,45.23,41.5,11.15,21.5,78,6873,200,0.4934281441006292,0.8531636726667529,0.6060007029760777,0.5642458100558659,0.5880640465793304,0.8616279069767442,0.5759087669280114,GSM5330797,0
PRDM14,Unknown/Other,GSM563088,Unknown/Other,Gene Regulation,stem cell,homo_sapiens,966,GEO,0.989,0.0472027499999882,0,3300,0.8212,27,56.85,53.5,12.42,21.5,85,15000,200,0.8229451745159935,0.9755591544321678,0.9152607690316544,0.8191230207064556,0.8966666666666666,0.944245713580856,0.856142584341184,GSM563088,0
PRDM4,Unknown/Other,GSM4308185,Unknown/Other,Gene Regulation,HEK293,homo_sapiens,172585,GEO,0.996,0.0519649074515459,0,2076,0.861,37,49.8,47.5,11.82,20.5,83,15000,200,0.6106365780608066,0.89941048097631,0.7317519954050005,0.7052860246198407,0.6493333333333333,0.8897814530419373,0.6761541131551545,GSM4308185,0
PROX1,Unknown/Other,GSM1477597,Unknown/Other,Gene Regulation,colorectal adenocarcinoma,homo_sapiens,49669,GEO,0.972,0.1593634999999601,0,7986,0.9552,34,52.9,52.5,7.37,20.5,82,15000,200,0.7488861785573592,0.957317381881231,0.896811670741901,0.8238866396761133,0.814,0.8989710009354537,0.8189134808853119,GSM1477597,0
PRRX2,Unknown/Other,GSM6347236,Unknown/Other,Gene Regulation,GM25256,homo_sapiens,163706,GEO,0.991,0.0146800726008999,0,394,0.8284,36,58.32,58,10.84,20,85,9658,200,0.6160205986397149,0.9140302889663504,0.7938634653360176,0.8041958041958042,0.5952380952380952,0.8708343468742399,0.6841165972635336,GSM6347236,0
Pax5,Homeodomain,GSM803362,Homeodomain,Gene Regulation,GM12878,homo_sapiens,46116,GEO,0.996,0.1013952499999746,0,7736,0.9672,27,52.72,51,10.15,20,96,15000,200,0.6966889946096886,0.9465120135363788,0.8354242778698509,0.7360850531582239,0.7846666666666666,0.8994601889338731,0.7595998709261051,GSM803362,0
Pax7,Homeodomain,GSM2629527,Homeodomain,Gene Regulation,WA09,homo_sapiens,83689,GEO,0.997,0.0360264999999909,0,721,0.6986,37,42.39,41.5,6.16,22,76.5,15000,200,0.8065694002848243,0.9725471969069318,0.9091596695530242,0.8228247162673392,0.87,0.9368281353682814,0.8457550226830849,GSM2629527,0
Pbx4,Unknown/Other,GSM2572277,Unknown/Other,Gene Regulation,prostate cancer,homo_sapiens,136006,GEO,0.975,0.4164449644387334,0,35347,0.9834,38,42.55,42,6.24,21.5,96.5,15000,200,0.6495454720342115,0.9185510941151476,0.8010205883296141,0.7884773662551441,0.6386666666666667,0.8972479423868313,0.7057090239410682,GSM2572277,0
Pdx1,Unknown/Other,GSM1316337,Unknown/Other,Gene Regulation,pancreas primordium,homo_sapiens,52147,GEO,0.986,0.0449684999999887,0,5609,0.7724,38,44.77,43.5,8.54,21.5,80.5,15000,200,0.7530224212163986,0.9625597513122356,0.8837327440759323,0.8398813936249073,0.7553333333333333,0.9274965800273598,0.7953667953667953,GSM1316337,0
Pknox1,Unknown/Other,GSM2423884,Unknown/Other,Gene Regulation,GM12878,homo_sapiens,102185,GEO,0.916,0.255876499999936,0,9917,0.9548,36,50.77,49.5,10.75,21.5,83,15000,200,0.7154816872218789,0.9442282779211576,0.8465652526905995,0.8106287425149701,0.722,0.9171509830592308,0.7637517630465445,GSM2423884,0
Plscr1,Unknown/Other,GSM5214145,Unknown/Other,Gene Regulation,Hep-G2,homo_sapiens,146130,GEO,0.989,0.0250957244895548,0,311,0.8904,36,63.04,64.5,9.48,20,95.5,12847,200,0.8060247606190614,0.9675881618692868,0.9552923194149844,0.9033579033579032,0.8583657587548638,0.9077490774907748,0.8802873104549083,GSM5214145,0
Pol2ra,Unknown/Other,GSM3417126,Unknown/Other,Gene Regulation,T-47D,homo_sapiens,141161,GEO,0.993,0.1879588009875327,0,1620,0.9786,38,64.6,65.5,10.04,17,88,15000,200,0.8102361929045595,0.9736339113680156,0.9591404630292366,0.8546120952962737,0.9326666666666666,0.9052013422818792,0.8919349697162895,GSM3417126,0
Pol3,Unknown/Other,GSM3395053,Unknown/Other,Gene Regulation,T-47D,homo_sapiens,133374,GEO,0.618,0.0270799094467932,0,203,0.8916627414036741,38,68.43,72.5,11.96,16.5,95,2120,200,0.903245886040759,0.9866206983805668,0.9857599569755612,0.9339622641509434,0.9519230769230768,0.953125,0.9428571428571428,GSM3395053,0
Pou2f1,Unknown/Other,GSM3507240,Unknown/Other,Gene Regulation,22Rv1,homo_sapiens,103924,GEO,0.98,0.0681677499999829,0,2677,0.836,38,42.28,40.5,10.89,7,75,15000,200,0.6734790373681632,0.9279759213546404,0.7962844913210976,0.7585954645208486,0.6913333333333334,0.9137762313797978,0.723404255319149,GSM3507240,0
Pou5f1,Unknown/Other,GSM539547,Unknown/Other,Gene Regulation,embryonic stem cell,homo_sapiens,276,GEO,0.979,0.1733397499999567,0,7528,0.9674,29,66.2,66.5,6.67,22,85.5,15000,200,0.9322501873700118,0.9901226287262872,0.9898849179180986,0.9556840077071292,0.992,0.967391304347826,0.9735034347399412,GSM539547,0
Ppard,Nuclear Receptor,GSM1214683,Nuclear Receptor,"Hormone Response, Metabolism",HUVEC-C,homo_sapiens,44353,GEO,0.971,0.163915249999959,0,8735,0.9772,38,66.55,67.5,8.57,20.5,85,15000,200,0.8619791181311139,0.9836082424242424,0.9833423272423064,0.9311258278145697,0.9373333333333334,0.9311304347826088,0.93421926910299,GSM1214683,0
Pparg,Nuclear Receptor,GSM1443809,Nuclear Receptor,"Hormone Response, Metabolism",adipose tissue,homo_sapiens,50408,GEO,0.909,0.3127239999999218,0,31616,0.8088,38,43.02,42,7.44,22,77,15000,200,0.745965913553481,0.9549811431077329,0.8657663250521392,0.8163701067615659,0.7646666666666667,0.926747392398993,0.7896729776247848,GSM1443809,0
Prdm1,Unknown/Other,GSM2423004,Unknown/Other,Gene Regulation,HEK293,homo_sapiens,179583,GEO,0.997,0.1036688339683355,0,4256,0.6324,37,45.86,45,9.15,15.5,82.5,15000,200,0.7374380498218971,0.9458043816492158,0.8513765922540739,0.8166421207658321,0.7393333333333333,0.9321098971040628,0.7760671798460462,GSM2423004,0
Prdm10,Unknown/Other,GSM2423190,Unknown/Other,Gene Regulation,HEK293,homo_sapiens,179458,GEO,0.994,0.2134742497330854,0,10059,0.9304,36,53.66,53,10.76,21.5,85,15000,200,0.5601204481023564,0.882061232836693,0.7236956142657012,0.7766599597585513,0.5146666666666667,0.868147120055517,0.6190858059342422,GSM2423190,0
Prdm12,Unknown/Other,GSM2423928,Unknown/Other,Gene Regulation,HEK293,homo_sapiens,179827,GEO,0.989,0.0152569390798787,0,847,0.2361717612809316,38,38.05,37.5,8.1,18,79.5,2742,200,0.8726250476827233,0.9829771145507014,0.9452543473180752,0.961206896551724,0.8138686131386861,0.9772641151951496,0.8814229249011858,GSM2423928,0
Prdm15,Unknown/Other,GSM5213888,Unknown/Other,Gene Regulation,Hep-G2,homo_sapiens,149850,GEO,0.983,0.0950423512082643,0,1848,0.9,34,60,61,11.47,17.5,95.5,15000,200,0.7482720307607033,0.947543496135504,0.8966766544904835,0.8437275985663082,0.7846666666666666,0.9025927259632696,0.813126079447323,GSM5213888,0
Prdm2,Unknown/Other,GSM2423887,Unknown/Other,Gene Regulation,HEK293,homo_sapiens,179589,GEO,0.996,0.0292607928621239,0,189,0.721,40,56.26,56.5,10.34,20,79.5,15000,200,0.6903596315168232,0.9282724215246636,0.8251020651536836,0.8372093023255814,0.672,0.8995913601868067,0.7455621301775148,GSM2423887,0
Prdm5,Unknown/Other,GSM471813,Unknown/Other,Gene Regulation,Rh4,homo_sapiens,2654,GEO,0.957,0.0092807499999976,0,637,0.8377125193199382,34,43.81,43,7.11,21,75,1912,200,0.6890697243376949,0.9152305353825368,0.8317707437862808,0.7894736842105263,0.7068062827225131,0.9047619047619048,0.7458563535911602,GSM471813,0
Prdm6,Unknown/Other,GSM2828978,Unknown/Other,Gene Regulation,HEK293,homo_sapiens,101352,GEO,0.991,0.11979324999997,0,6881,0.932,38,38.87,38,6.16,22,76.5,15000,200,0.5479258119337008,0.8857670752057081,0.6999290033949424,0.6246076585059636,0.6633333333333333,0.8487590840532017,0.6433882961526026,GSM2828978,0
Prdm9,Unknown/Other,GSM2466446,Unknown/Other,Gene Regulation,HEK293T,homo_sapiens,73981,GEO,0.842,0.0024875273858596,0,42,0.481981981981982,36,47.3,45.5,9.51,23,78,200,200,0,0.8310185185185185,0.5242698827268005,0,0,0.84375,0,GSM2466446,0
Preb,Unknown/Other,GSM5215763,Unknown/Other,Gene Regulation,Hep-G2,homo_sapiens,153182,GEO,0.995,0.0202669168298268,0,160,0.8822,35,62.49,63.5,9.42,21.5,95.5,8691,200,0.7945326147986347,0.9689797679311676,0.949223794525986,0.8747099767981439,0.8676639815880323,0.9038793103448276,0.8711727325245523,GSM5215763,0
RARB,Nuclear Receptor,GSM5375113,Nuclear Receptor,"Hormone Response, Metabolism",SK-N-SH,homo_sapiens,153957,GEO,0.991,0.0200622617601673,0,455,0.749,40,44.36,41,10.07,20.5,78,7412,200,0.5325747531260393,0.8811505582072777,0.6480943963465043,0.6193820224719101,0.5951417004048583,0.8745606326889279,0.6070199587061252,GSM5375113,0
RARG,Nuclear Receptor,GSM1469991,Nuclear Receptor,"Hormone Response, Metabolism",MCF-7,homo_sapiens,49623,GEO,0.992,0.011658499999997,0,507,0.9468,39,61.21,62,12.31,18.5,95.5,7848,200,0.7801345035861669,0.9569944981987974,0.907934424316592,0.8365019011406845,0.8407643312101911,0.914131169709263,0.8386277001270648,GSM1469991,0
RBAK,Unknown/Other,GSM5214917,Unknown/Other,Gene Regulation,Hep-G2,homo_sapiens,146093,GEO,0.987,0.0338349599226619,0,600,0.8118,36,58.15,59,9.1,21,95.5,15000,200,0.7093166653743239,0.948494305443458,0.87478231725617,0.8112280701754386,0.7706666666666667,0.8824995207973931,0.7904273504273505,GSM5214917,0
RBPJ,Unknown/Other,GSM729854,Unknown/Other,Gene Regulation,IB4,homo_sapiens,1792,GEO,0.976,0.208055749999948,0,7237,0.9368,28,50.42,49.5,7.89,22,83,15000,200,0.7313334261966868,0.9548624209405724,0.8618791826280445,0.8167501789549033,0.7606666666666667,0.9098636963212664,0.7877114256127028,GSM729854,0
RCOR1,Unknown/Other,GSM2824363,Unknown/Other,Gene Regulation,SK-N-SH,homo_sapiens,101906,GEO,0.991,0.1148502499999712,0,9976,0.9798,39,46.92,45.5,9.07,22,82.5,15000,200,0.7098652373473043,0.9518396720073368,0.8512006976361026,0.7343465045592705,0.8053333333333333,0.9050657637713244,0.7682034976152623,GSM2824363,0
REL,Unknown/Other,GSM2628092,Unknown/Other,Gene Regulation,lymphoblastoid cell line,homo_sapiens,77537,GEO,0.972,0.0138029999999965,0,214,0.9394,38,58.92,60.5,10.8,16.5,93,12117,200,0.75888491521766,0.9513972223749654,0.8947705641980358,0.8263374485596707,0.8283828382838284,0.9019424292066464,0.8273588792748249,GSM2628092,0
RELB,Unknown/Other,GSM2628091,Unknown/Other,Gene Regulation,lymphoblastoid cell line,homo_sapiens,76402,GEO,0.976,0.0697274999999825,0,7769,0.965,38,49.11,47.5,10.24,22,81.5,15000,200,0.8186456485525033,0.971331984390808,0.9206727525648568,0.8765957446808511,0.824,0.9479748188620976,0.8494845360824742,GSM2628091,0
RFX5,Unknown/Other,GSM2828554,Unknown/Other,Gene Regulation,MCF-7,homo_sapiens,100796,GEO,0.978,0.0352074999999912,0,1729,0.8668,37,56.13,56,10.89,22,83,14736,200,0.6942395905673485,0.9389370846354456,0.844007849086708,0.8478073946689596,0.6689280868385346,0.9002849002849003,0.7478194918467956,GSM2828554,0
RFX7,Unknown/Other,GSM5374358,Unknown/Other,Gene Regulation,K562,homo_sapiens,150900,GEO,0.992,0.0171126987416833,0,456,0.4122383252818035,40,44.14,40.5,8.9,21.5,78.5,1855,200,0.572025175448921,0.8744424532058941,0.5607112741101996,0.6870748299319728,0.543010752688172,0.9274640088593576,0.6066066066066066,GSM5374358,0
RFXANK,Unknown/Other,GSM2534485,Unknown/Other,Gene Regulation,Hep-G2,homo_sapiens,101226,GEO,0.99,0.0202714999999949,0,595,0.9358,35,58.42,59,10.34,21.5,95,8627,200,0.6856883446904677,0.931650728375086,0.8488643728410564,0.8475783475783476,0.6894553881807648,0.8773708306082407,0.7603833865814696,GSM2534485,0
RHOXF2B,Homeodomain,GSM5374519,Homeodomain,Gene Regulation,K562,homo_sapiens,150892,GEO,0.993,0.0172919247574247,0,432,0.6169122357463165,40,49.86,48.5,11.08,20.5,82,3115,200,0.5496611174708151,0.8704675581147212,0.6222083888082656,0.7092511013215859,0.5176848874598071,0.8966012446146482,0.5985130111524164,GSM5374519,0
RORA,Unknown/Other,GSM5213886,Unknown/Other,Gene Regulation,Hep-G2,homo_sapiens,149720,GEO,0.986,0.0312779705366512,0,232,0.903,36,57.92,58,10.26,20.5,95.5,15000,200,0.6947183257974355,0.9387525167109608,0.8624899792139552,0.8089311859443631,0.7366666666666667,0.8836673169001596,0.771109560362875,GSM5213886,0
RUNX1,Unknown/Other,GSM2467011,Unknown/Other,Gene Regulation,HEK293T,homo_sapiens,84398,GEO,0.984,0.3455599999999136,0,20923,0.742,38,69.21,69,5.77,22,89.5,15000,200,0.9408462413315728,0.9883148479427548,0.993968092094995,0.9814323607427056,0.9866666666666668,0.9766877124817872,0.9840425531914894,GSM2467011,0
RUNX3,Unknown/Other,GSM3535204,Unknown/Other,Gene Regulation,SNU-484,homo_sapiens,166946,GEO,0.874,0.532656653355889,0,147855,0.2156,39,42.55,42.5,7.39,17.5,76.5,15000,200,0.3509777969217377,0.7765965918139831,0.4779251477627398,0.7173447537473233,0.2233333333333333,0.8686183144246353,0.340620233858668,GSM3535204,0
RXRB,Unknown/Other,GSM2534152,Unknown/Other,Gene Regulation,Hep-G2,homo_sapiens,101016,GEO,0.988,0.1420712499999644,0,8271,0.9598,35,51.66,50.5,10.02,21.5,81.5,15000,200,0.6891589919632753,0.9374586657801418,0.820924189553488,0.8171611868484362,0.6793333333333333,0.905667908461948,0.7419002548234438,GSM2534152,0
Rag1,Unknown/Other,GSM1701805,Unknown/Other,Gene Regulation,thymocyte,homo_sapiens,55541,GEO,0.981,0.0030297499999992,0,47,0.732824427480916,36,55.02,54.5,15.77,17,83,224,200,0.4660708033041567,0.832579185520362,0.5990431230767366,0.6666666666666666,0.4615384615384615,0.84375,0.5454545454545454,GSM1701805,0
Rara,Nuclear Receptor,GSM2534076,Nuclear Receptor,"Hormone Response, Metabolism",Hep-G2,homo_sapiens,100475,GEO,0.986,0.1794374999999551,0,15170,0.9406,35,49.88,48.5,9.21,21.5,87,15000,200,0.7247024566316869,0.949716091954023,0.843035670767171,0.7780748663101604,0.776,0.915228426395939,0.7770360480640854,GSM2534076,0
Rcor2,Unknown/Other,GSM2534040,Unknown/Other,Gene Regulation,Hep-G2,homo_sapiens,101240,GEO,0.992,0.0618962499999845,0,1048,0.947,35,50.55,49.5,8.88,21.5,95,15000,200,0.6260278459003479,0.9209005756148614,0.7674105526273917,0.659211300765156,0.7466666666666667,0.8781448538754765,0.700218818380744,GSM2534040,0
Rela,Rel,GSM2333680,Rel,Gene Regulation,umbilical vein,homo_sapiens,139826,GEO,0.96,0.5727393269687173,0,65341,0.9774,35,45.6,44.5,8.81,22,85.5,15000,200,0.7737016269427746,0.9558651067446629,0.8828988538393976,0.8463203463203464,0.782,0.933880249785723,0.8128898128898129,GSM2333680,0
Repin1,Unknown/Other,GSM4307849,Unknown/Other,Gene Regulation,HEK293,homo_sapiens,166759,GEO,0.997,0.0242605510965227,0,229,0.7618,37,56.23,56.5,11.45,19.5,83,9944,200,0.7445455360936001,0.9409850890111264,0.8534034315433185,0.8327759197324415,0.7515090543259557,0.9230172580957922,0.790058170280275,GSM4307849,0
Rere,Unknown/Other,GSM2534718,Unknown/Other,Gene Regulation,Hep-G2,homo_sapiens,100440,GEO,0.991,0.0314414999999921,0,1354,0.9526,35,52.51,50.5,11.88,21.5,97,15000,200,0.7525654972206868,0.9618775779741948,0.8636133400421295,0.7868217054263565,0.812,0.924088315554453,0.7992125984251969,GSM2534718,0
Rest,Unknown/Other,GSM803365,Unknown/Other,Gene Regulation,embryonic stem cell,homo_sapiens,46172,GEO,0.953,0.252133499999937,0,10550,0.8218,31,52.14,51.5,9.31,20,96,15000,200,0.8194833543732314,0.970880646345942,0.9317517846608034,0.8391608391608392,0.88,0.9376619637201268,0.8590953465668728,GSM803365,0
Rfx3,Unknown/Other,GSM2534235,Unknown/Other,Gene Regulation,Hep-G2,homo_sapiens,100269,GEO,0.992,0.0166437499999958,0,1742,0.9319835495096488,35,57.27,58.5,10.94,21.5,97.5,3108,200,0.8427994026291148,0.9675794130296762,0.9449579880487544,0.8914473684210527,0.8713826366559485,0.9417398244213888,0.8813008130081301,GSM2534235,0
Rnap2,Unknown/Other,GSM2828296,Unknown/Other,Gene Regulation,T-47D,homo_sapiens,91835,GEO,0.848,0.1180684997814371,0,3105,0.9648,35,66.31,68,11.04,7,95.5,13896,200,0.8621389579143524,0.970775878079806,0.9636043512664024,0.9414893617021276,0.8913669064748202,0.9337786813825152,0.9157427937915744,GSM2828296,0
Rorb,Unknown/Other,GSM5668148,Unknown/Other,Gene Regulation,GM25256,homo_sapiens,164709,GEO,0.995,0.0134533937787963,0,539,0.4570627409744129,36,47.08,41.5,12.07,17.5,84.5,2841,200,0.6141617772770825,0.900250131719744,0.6640613606637842,0.6406779661016949,0.6654929577464789,0.930135557872784,0.6528497409326425,GSM5668148,0
Rreb1,Unknown/Other,GSM5215162,Unknown/Other,Gene Regulation,Hep-G2,homo_sapiens,152958,GEO,0.994,0.1161749270961754,0,4502,0.9596,34,54.5,53.5,8.71,21.5,95.5,15000,200,0.7053721043858601,0.9454149342054038,0.856135438088982,0.7916381082933516,0.77,0.887735685867497,0.7806691449814126,GSM5215162,0
Runx2,Unknown/Other,GSM3312807,Unknown/Other,Gene Regulation,leukemia,homo_sapiens,106908,GEO,0.981,0.4465057840365271,0,52495,0.9556,38,50.79,49.5,10.04,19.5,87,15000,200,0.70917149066463,0.9451467531131008,0.8396155260045324,0.7917867435158501,0.7326666666666667,0.9135121584356982,0.7610803324099723,GSM3312807,0
Rxra,Unknown/Other,GSM5213955,Unknown/Other,Gene Regulation,Hep-G2,homo_sapiens,149787,GEO,0.99,0.1862523324307007,0,3526,0.965,34,64.87,65.5,7.87,21,95.5,15000,200,0.8358784094202355,0.9740494481236204,0.9680665826660269,0.9179452968645764,0.9173333333333332,0.9179401993355482,0.9176392130710236,GSM5213955,0
SALL2,Unknown/Other,GSM2824365,Unknown/Other,Gene Regulation,HEK293,homo_sapiens,101908,GEO,0.943,0.0150364999999962,0,165,0.619,40,51.55,50.5,10.51,9.5,78.5,10437,200,0.7408743102847704,0.9352891816503096,0.8384116218758537,0.8351648351648352,0.7279693486590039,0.9327027446115675,0.7778915046059366,GSM2824365,0
SATB1,Unknown/Other,GSM3499390,Unknown/Other,Gene Regulation,MCF-10A,homo_sapiens,118573,GEO,0.992,0.1060262949690827,0,10842,0.2422,34,29.1,28.5,5.32,7.5,95.5,15000,200,0.9410549713991072,0.9933773833004602,0.98808864243004,0.9475753604193972,0.964,0.9778987300016494,0.9557171183079972,GSM3499390,0
SCRT1,Unknown/Other,GSM2423730,Unknown/Other,Gene Regulation,HEK293,homo_sapiens,179717,GEO,0.997,0.0514653523966363,0,890,0.7678,37,49.44,49,9.52,19.5,77.5,15000,200,0.701931128733296,0.932885375862712,0.8237649364600411,0.7638984214138641,0.742,0.9154717853839038,0.7527899898545823,GSM2423730,0
SCRT2,Unknown/Other,GSM2423341,Unknown/Other,Gene Regulation,HEK293,homo_sapiens,179655,GEO,0.996,0.1253217638253209,0,4802,0.8874,40,50.53,49.5,10.54,19.5,82.5,15000,200,0.7570268868604566,0.951055260513851,0.8659328735652198,0.8521341463414634,0.7453333333333333,0.9319711822369198,0.7951635846372689,GSM2423341,0
SETBP1,Unknown/Other,GSM2300423,Unknown/Other,Gene Regulation,HEK,homo_sapiens,82374,GEO,0.998,0.0028139999999992,0,181,0.5958005249343832,36,46.87,41.5,13,22,79.5,298,200,0.8382549209085564,0.9561728395061728,0.9088176746010688,0.8928571428571429,0.8333333333333334,0.9583333333333334,0.8620689655172413,GSM2300423,0
SETDB1,Unknown/Other,GSM5331060,Unknown/Other,Gene Regulation,HEK293,homo_sapiens,146652,GEO,0.962,0.0779557571315531,0,5291,0.5954,33,40.66,39,8.78,15,80,15000,200,0.5557066059396778,0.8991521818848551,0.656830228100004,0.8158236057068742,0.4193333333333333,0.9330690452593328,0.5539409951563188,GSM5331060,0
SIX2,Unknown/Other,GSM1970531,Unknown/Other,Gene Regulation,cortex of kidney,homo_sapiens,69246,GEO,0.993,0.1673602499999581,0,19708,0.851,38,44.54,43.5,7.39,21,80.5,15000,200,0.723823659843228,0.941168143565736,0.8495076505639487,0.7398568019093079,0.8266666666666667,0.9069643095842802,0.7808564231738035,GSM1970531,0
SIX4,Unknown/Other,GSM5214658,Unknown/Other,Gene Regulation,Hep-G2,homo_sapiens,145323,GEO,0.994,0.0407437765930352,0,1320,0.9386,35,56.5,56.5,11.53,17,95.5,15000,200,0.7326384372558336,0.952964667421099,0.8618770554140712,0.7952861952861953,0.7873333333333333,0.9084092913848868,0.7912897822445562,GSM5214658,0
SIX5,Unknown/Other,GSM1010879,Unknown/Other,Gene Regulation,A-549,homo_sapiens,46054,GEO,0.992,0.0369402499999907,0,2128,0.9724,38,53.71,53.5,11.19,20.5,97.5,15000,200,0.6515260131519014,0.9195343437988692,0.8129821438099163,0.7212360289283366,0.7313333333333333,0.8825617722238001,0.7262495862297252,GSM1010879,0
SMAD9,SMAD,GSM5214199,SMAD,Gene Regulation,Hep-G2,homo_sapiens,146253,GEO,0.986,0.0246102549518089,0,305,0.893,36,62.15,63.5,9.03,21,95.5,13997,200,0.7946376846170796,0.964978497057492,0.9427765087856608,0.8923766816143498,0.8528571428571429,0.9030202272097534,0.8721694667640614,GSM5214199,0
SMARCA1,Nuclear Receptor,GSM1868498,Nuclear Receptor,"Hormone Response, Metabolism",LNCaP,homo_sapiens,76671,GEO,0.983,0.0023202499999994,0,278,0.5397022332506204,39,42.61,40.5,8.29,22,74.5,602,200,0.756956481210465,0.9034053700065487,0.7802678012827282,1,0.6,0.9578207381370826,0.75,GSM1868498,0
SMARCAL1,Nuclear Receptor,GSM4073909,Nuclear Receptor,"Hormone Response, Metabolism",HeLa,homo_sapiens,130409,GEO,0.823,0.1805884929949908,0,9887,0.243,39,45.29,45,8.22,0.5,95.5,15000,200,0.9033260786462816,0.96932224111408,0.9451636538346976,0.955861070911722,0.8806666666666667,0.975344154509965,0.9167244968771686,GSM4073909,0
SMARCC1,Nuclear Receptor,GSM3094371,Nuclear Receptor,"Hormone Response, Metabolism",EoL-1,homo_sapiens,92430,GEO,0.983,0.3379099999999155,0,30726,0.9682,33,45.95,44.5,9.3,20.5,95.5,15000,200,0.7008230511085004,0.9272408080808082,0.8180594571884663,0.7567750677506775,0.7446666666666667,0.9168627450980392,0.7506720430107527,GSM3094371,0
SMARCE1,Nuclear Receptor,GSM2546251,Nuclear Receptor,"Hormone Response, Metabolism",,homo_sapiens,75039,GEO,0.998,0.0043057499999989,0,195,0.6081081081081081,37,37.58,38,6.9,13.5,74,255,200,0.8879356688781658,0.956689536878216,0.9066368793807816,1,0.8181818181818182,0.96875,0.9,GSM2546251,0
SNAI2,Unknown/Other,GSM1336154,Unknown/Other,Gene Regulation,keratinocyte,homo_sapiens,48340,GEO,0.995,0.2134332499999466,0,9974,0.9446,36,60.59,60,10.41,28.5,88,15000,200,0.8046197543568765,0.9709210211040458,0.931235271466402,0.8664868509777478,0.8566666666666667,0.9192886456908343,0.8615487763995977,GSM1336154,0
SNAPC4,Unknown/Other,GSM5214636,Unknown/Other,Gene Regulation,Hep-G2,homo_sapiens,146167,GEO,0.981,0.0521144272698344,0,508,0.9196,36,60.34,62,9.59,21.5,95.5,15000,200,0.7454194431752725,0.9485635135135136,0.9141235862299014,0.8677443056576047,0.7873333333333333,0.8881165919282511,0.8255854596295001,GSM5214636,0
SON,Unknown/Other,GSM2040560,Unknown/Other,Gene Regulation,K562,homo_sapiens,77457,GEO,0.977,0.0055239999999986,0,99,0.6504617055947854,38,64.47,66,7.22,22,78.5,3602,200,0.904525853585037,0.977196675900277,0.973631324468409,0.9198966408268734,0.9861495844875346,0.9510869565217392,0.9518716577540108,GSM2040560,0
SOX13,SOX,GSM2534354,SOX,"Stemness, Development",Hep-G2,homo_sapiens,102309,GEO,0.986,0.267865749999933,0,23563,0.9666,33,46.38,45,8.7,21,84.5,15000,200,0.6949998581632773,0.9470172021609324,0.8244757236212186,0.7741935483870968,0.72,0.9138739161003048,0.7461139896373057,GSM2534354,0
SOX15,SOX,GSM5667459,SOX,"Stemness, Development",GM25256,homo_sapiens,174869,GEO,0.993,0.0156738989872614,0,593,0.362726935902186,36,45.24,40,12.47,17,86,2686,200,0.698252309681429,0.9164662147386836,0.701398536715596,0.7242647058823529,0.7323420074349443,0.9458962090541038,0.7282809611829945,GSM5667459,0
SOX18,SOX,GSM5214537,SOX,"Stemness, Development",Hep-G2,homo_sapiens,146173,GEO,0.985,0.0235938179957543,0,275,0.8932,36,60.17,61,9.12,19.5,95.5,14348,200,0.7171917407345755,0.9492859492115148,0.910082739488239,0.8562450903377847,0.759581881533101,0.8758523395250412,0.8050221565731167,GSM5214537,0
SOX2,SOX,GSM1701828,SOX,"Stemness, Development",embryonic stem cell,homo_sapiens,67317,GEO,0.991,0.2183034999999454,0,24820,0.8688,39,44.59,44,6.91,22,77.5,15000,200,0.6720911169893313,0.9384418153136754,0.8405418774531033,0.6664910432033719,0.8433333333333334,0.875893623105519,0.744555620953502,GSM1701828,0
SOX21,SOX,GSM2994927,SOX,"Stemness, Development",epithelial cell,homo_sapiens,131332,GEO,0.995,0.0204372141331564,0,345,0.7818930041152263,40,47.09,45.5,8.64,21,85.5,3157,200,0.6808772694520235,0.935515846908252,0.8248388949146968,0.725609756097561,0.7531645569620253,0.9044911881750994,0.7391304347826086,GSM2994927,0
SOX4,SOX,GSM1970164,SOX,"Stemness, Development",MRC-5,homo_sapiens,71747,GEO,0.95,0.1576842499999605,0,2077,0.9574,38,65.3,64.5,8.08,21.5,96.5,15000,200,0.8671754897000151,0.9778996967576392,0.9721348340517284,0.9074421513445904,0.9673333333333334,0.9327415500170708,0.936431106808648,GSM1970164,0
SOX5,SOX,GSM2534682,SOX,"Stemness, Development",Hep-G2,homo_sapiens,102620,GEO,0.986,0.1807967499999548,0,14217,0.964,35,46.93,45.5,9.14,21.5,81,15000,200,0.7019124299062898,0.9460476670991304,0.8281079163572769,0.7771469127040455,0.73,0.9147801351191182,0.7528360261258165,GSM2534682,0
SOX9,SOX,GSM3139254,SOX,"Stemness, Development",pigmented layer of retina,homo_sapiens,93775,GEO,0.994,0.0051819999999987,0,193,0.6067961165048543,39,45.43,41,13.19,16.5,80,305,200,0.8404394564577621,0.9547184932879182,0.9057611486607744,0.925925925925926,0.8064516129032258,0.9583333333333334,0.8620689655172413,GSM3139254,0
SP140,SP,GSM2398967,C2H2 Zinc Finger,Gene Regulation,macrophage,homo_sapiens,77331,GEO,0.989,0.0776187499999806,0,100,0.7116,39,61.75,61,6.26,21.5,84,15000,200,0.85896962681297,0.9670229645093944,0.9539276819392454,0.9295681063122924,0.9326666666666666,0.9295199182839632,0.9311148086522464,GSM2398967,0
SP140L,SP,GSM5214592,C2H2 Zinc Finger,Gene Regulation,Hep-G2,homo_sapiens,145377,GEO,0.99,0.0360168379373436,0,446,0.9462,34,57.24,57,10.31,20.5,95.5,15000,200,0.7338728910822729,0.9429350919264587,0.876702657208614,0.8175535590877678,0.7886666666666666,0.8975308641975308,0.8028503562945368,GSM5214592,0
SP2,SP,GSM2026796,C2H2 Zinc Finger,Gene Regulation,HEK293,homo_sapiens,65084,GEO,0.968,0.3212737499999197,0,14403,0.9724,37,67.25,67.5,8.28,22,88,15000,200,0.9214982654860516,0.991113834422658,0.9921507617596336,0.9690444145356664,0.96,0.9610866372980912,0.9645010046885466,GSM2026796,0
SP4,SP,GSM2026799,C2H2 Zinc Finger,Gene Regulation,HEK293,homo_sapiens,65110,GEO,0.993,0.0674277499999831,0,6493,0.9492,37,67.88,68,7.31,22,85.5,15000,200,0.9292002639731104,0.9955622076707202,0.9969830107320176,0.986878453038674,0.9526666666666668,0.964966913195796,0.9694708276797828,GSM2026799,0
SP5,SP,GSM2527396,C2H2 Zinc Finger,Gene Regulation,Hep-G2,homo_sapiens,100086,GEO,0.991,0.0817714999999795,0,5545,0.9512,35,58.81,59,11.07,21.5,88.5,15000,200,0.7605607514342198,0.9541457199032064,0.8932127011275256,0.8443029016277424,0.7953333333333333,0.9107989167230872,0.8190868520425678,GSM2527396,0
SPDEF,SP,GSM5214212,C2H2 Zinc Finger,Gene Regulation,MCF-7,homo_sapiens,145423,GEO,0.986,0.0588090508797932,0,2665,0.9066,40,53.02,51.5,12.15,18.5,87,15000,200,0.6319824896746573,0.9196898976672002,0.7637483511283492,0.7436684574059862,0.646,0.8966917472829332,0.691402069211559,GSM5214212,0
SPIB,SP,GSM1370289,C2H2 Zinc Finger,Gene Regulation,diffuse large B-cell lymphoma,homo_sapiens,48638,GEO,0.96,0.0965767499999758,0,13729,0.9378,39,50.58,49,7.16,22,85,15000,200,0.9210792540637368,0.9923877712031558,0.9808297688259476,0.9557705597788528,0.922,0.9724505327245052,0.9385816084153376,GSM1370289,0
SSRP1,Unknown/Other,GSM1103543,Unknown/Other,Gene Regulation,fibrosarcoma,homo_sapiens,38081,GEO,0.992,0.0268577499999932,0,133,0.6568,37,53.88,53,8.05,22,90,15000,200,0.7184897803297916,0.9540437898089172,0.8658501610058019,0.7853789403085177,0.7806666666666666,0.9005211526670754,0.783015713808091,GSM1103543,0
STAT1,STAT,GSM1057013,STAT,Gene Regulation,monocyte,homo_sapiens,41289,GEO,0.993,0.1568697499999607,0,11395,0.9774,39,55.52,54.5,11.25,21.5,85.5,15000,200,0.7824504251607028,0.9642941619585688,0.9000767787456544,0.847009735744089,0.812,0.9262848751835536,0.8291354663036079,GSM1057013,0
STAT2,STAT,GSM2574755,STAT,Gene Regulation,GM12878,homo_sapiens,74678,GEO,0.956,0.0102349999999974,0,72,0.9619702176403208,38,55.48,56.5,11.5,21.5,83,4332,200,0.6547498932152747,0.9042510876703966,0.7857943947483101,0.8128654970760234,0.6420323325635104,0.8865872604867944,0.7174193548387097,GSM2574755,0
STAT3,STAT,GSM2278004,STAT,Gene Regulation,HCC70,homo_sapiens,84620,GEO,0.98,0.3176254999999206,0,25708,0.9804,39,49.05,47.5,9.83,21,84.5,15000,200,0.6404401379963885,0.9221775534139004,0.7723506706100303,0.7189226519337016,0.694,0.8922483513748911,0.7062415196743554,GSM2278004,0
STAT5A,STAT,GSM1010721,STAT,Gene Regulation,GM12878,homo_sapiens,46146,GEO,0.996,0.0783964999999804,0,639,0.9666,37,50.01,48.5,10.51,21,94,15000,200,0.6211442280272598,0.9189628471679434,0.7544052284097321,0.6454183266932271,0.756,0.8747625680638217,0.6963463309794289,GSM1010721,0
STAT5B,STAT,GSM5268602,STAT,Gene Regulation,CD14-positive monocyte,homo_sapiens,175764,GEO,0.981,0.04550638600555,0,507,0.2511415525114155,36,47.64,42,11.25,20,95.5,1532,200,0.6118656594816162,0.9401842780836236,0.7424409470299527,0.7413793103448276,0.5620915032679739,0.9357615894039736,0.6394052044609665,GSM5268602,0
STAT6,STAT,GSM5214020,STAT,Gene Regulation,Hep-G2,homo_sapiens,145304,GEO,0.98,0.0301555773087046,0,166,0.9294,36,57.8,58.5,10.7,18.5,95.5,15000,200,0.7147387183289937,0.9352614228764182,0.849190615773944,0.8411719352351581,0.7273333333333334,0.8948358413132695,0.7801215588130139,GSM5214020,0
Sall1,Unknown/Other,GSM2824335,Unknown/Other,Gene Regulation,HEK293,homo_sapiens,101704,GEO,0.988,0.0100519999999974,0,168,0.4587703063952292,37,48.22,48,8.7,13.5,77,4763,200,0.7936213170254032,0.9485118959155164,0.8613610802023414,0.9018087855297158,0.7331932773109243,0.9627875507442488,0.8088064889918888,GSM2824335,0
Sall3,Unknown/Other,GSM3258646,Unknown/Other,Gene Regulation,induced pluripotent stem cell,homo_sapiens,116428,GEO,0.893,0.0172887740703341,0,128,0.8956,34,64.73,69,12.06,17.5,95.5,6131,200,0.7964075667034549,0.9498362003828664,0.9286470719977136,0.9180633147113594,0.8042414355628059,0.9106267029972752,0.8573913043478261,GSM3258646,0
Sall4,Unknown/Other,GSM3082674,Unknown/Other,Gene Regulation,SNU-398,homo_sapiens,138317,GEO,0.995,0.0198095066514983,0,669,0.865,35,63.7,66.5,12.9,17.5,93.5,8143,200,0.854411422628391,0.9730550239532276,0.9462824068296464,0.8972772277227723,0.8906633906633906,0.9423785594639866,0.8939580764488286,GSM3082674,0
Satb2,Unknown/Other,GSM5214119,Unknown/Other,Gene Regulation,Hep-G2,homo_sapiens,145687,GEO,0.995,0.0285130646650725,0,545,0.9322,35,59.51,61,11.37,16.5,95.5,15000,200,0.7501864470370813,0.9475200458190148,0.8862932697407799,0.8107400130975769,0.8253333333333334,0.9011481880157876,0.8179715890320449,GSM5214119,0
Shox2,Homeodomain,GSM5330801,Homeodomain,Gene Regulation,K-562,homo_sapiens,147037,GEO,0.972,0.0255463285620658,0,679,0.7856,40,51.31,50,10.22,19.5,77.5,7443,200,0.4935640979441659,0.8760084370455142,0.6379355808620649,0.6360601001669449,0.5120967741935484,0.8664981617647058,0.5673864482501861,GSM5330801,0
Six1,Unknown/Other,GSM5215247,Unknown/Other,Gene Regulation,Hep-G2,homo_sapiens,153035,GEO,0.993,0.0690898142097903,0,3211,0.9472,34,49.21,47.5,10.04,16.5,95.5,15000,200,0.68174213851496,0.9368941317007616,0.8074776926018675,0.7628205128205128,0.714,0.9070391606685372,0.737603305785124,GSM5215247,0
Smad1,SMAD,GSM722425,SMAD,Gene Regulation,U-937,homo_sapiens,8447,GEO,0.899,0.3112474999999222,0,23624,0.9744,37,47.73,47,7.79,21.5,84,15000,200,0.8115658872398687,0.9707529756868054,0.919473298554169,0.8795698924731182,0.818,0.9404777972735862,0.8476683937823835,GSM722425,0
Smad2,SMAD,GSM3533584,SMAD,Gene Regulation,,homo_sapiens,132438,GEO,0.924,0.306342032970731,0,31804,0.9784,39,52.58,50.5,10.72,26,85,15000,200,0.745704916814857,0.9619991354622576,0.8830909448997651,0.8723577235772357,0.7153333333333334,0.9238492632677012,0.7860805860805861,GSM3533584,0
Smad3,SMAD,GSM2807310,SMAD,Gene Regulation,MDA-MB-231,homo_sapiens,89467,GEO,0.972,0.4056899999998986,0,33292,0.9814,39,46.64,46,7.73,18.5,75.5,15000,200,0.7306407783248625,0.935734092190945,0.8501512236530601,0.8112798264642083,0.748,0.9201349831271092,0.7783558792924038,GSM2807310,0
Smad4,SMAD,GSM2534492,SMAD,Gene Regulation,Hep-G2,homo_sapiens,99921,GEO,0.994,0.1873102730668,0,11943,0.954,34,55.78,54,10.59,21.5,95.5,15000,200,0.7146053679484076,0.9455390962418616,0.8377204667730921,0.7546699875466999,0.808,0.8977664518063259,0.7804249839021249,GSM2534492,0
Smad5,SMAD,GSM2527374,SMAD,Gene Regulation,K562,homo_sapiens,102176,GEO,0.988,0.1375172499999656,0,7634,0.9648,39,63.56,65,10.25,21.5,95,15000,200,0.8109490578980645,0.9588054571690936,0.9426370466120896,0.9182481751824818,0.8386666666666667,0.9123979213066072,0.8766550522648083,GSM2527374,0
Smarcc2,Nuclear Receptor,GSM601401,Nuclear Receptor,"Hormone Response, Metabolism",HeLa,homo_sapiens,1347,GEO,0.993,0.0115967499999971,0,158,0.9606,3,53,53,8.86,18.5,97.5,11993,200,0.6500992212082158,0.9260711980537212,0.8077135626337982,0.7396798652064027,0.7322768974145121,0.8703970376465748,0.7359597652975691,GSM601401,0
Snai1,Unknown/Other,GSM5215210,Unknown/Other,Gene Regulation,Hep-G2,homo_sapiens,153334,GEO,0.984,0.0460520199722991,0,441,0.9204,36,61.43,63,9.38,21.5,95.5,15000,200,0.7967811207673418,0.9637343106995884,0.93985625391335,0.8963804116394606,0.842,0.9064027370478984,0.8683396356136129,GSM5215210,0
Sox10,SOX,GSM1517752,SOX,"Stemness, Development",501-mel,homo_sapiens,52549,GEO,0.942,0.0106662499999973,0,692,0.8054,39,44.44,43.5,7.7,21.5,88,6193,200,0.7869174158669693,0.962525327253786,0.910435029752286,0.7727910238429172,0.8901453957996769,0.9301760777170612,0.8273273273273273,GSM1517752,0
Sox11,SOX,GSM1260313,SOX,"Stemness, Development",Granta-519,homo_sapiens,47711,GEO,0.777,0.0135802499999966,0,93,0.3471181183768415,37,41.62,40.5,8.74,18,91.5,3811,200,0,0.6088291993803805,0.2305633360042157,0,0,0.8451219512195122,0,GSM1260313,0
Sox17,SOX,GSM3381973,SOX,"Stemness, Development",HUES 8,homo_sapiens,104310,GEO,0.989,0.2292506317541364,0,22449,0.9536,37,42.69,42.5,6.08,16.5,79,15000,200,0.7858854802282222,0.9593321578998923,0.8937194076454135,0.8449122807017544,0.8026666666666666,0.93775583915242,0.8232478632478633,GSM3381973,0
Sox6,SOX,GSM5214202,SOX,"Stemness, Development",Hep-G2,homo_sapiens,145658,GEO,0.989,0.2083615039150647,0,9817,0.9622,36,49.43,47.5,10.45,21,95.5,15000,200,0.6442348874787802,0.92172817800648,0.7655609250218708,0.7286324786324786,0.682,0.8990112994350282,0.7045454545454546,GSM5214202,0
Sp1,SP,GSM1010902,C2H2 Zinc Finger,Gene Regulation,HCT 116,homo_sapiens,46215,GEO,0.991,0.2131614999999467,0,15216,0.9792,38,55.84,55.5,11.1,22,86.5,15000,200,0.7408145061078599,0.9532371731541855,0.8931887986594802,0.7657766990291263,0.8413333333333334,0.9048925468678556,0.8017789072426937,GSM1010902,0
Spi1,SP,GSM2359987,C2H2 Zinc Finger,Gene Regulation,THP-1,homo_sapiens,82608,GEO,0.97,0.4620322499998845,0,79727,0.906,38,44.77,44,7.85,22,81,15000,200,0.9135102716358234,0.988809070419944,0.9695073165448654,0.9071246819338422,0.9506666666666668,0.9748485194923974,0.9283854166666666,GSM2359987,0
Srebf1,Unknown/Other,GSM4274803,Unknown/Other,Gene Regulation,KYSE-150,homo_sapiens,158177,GEO,0.989,0.0323604940223256,0,977,0.8818,40,56.53,55.5,12.09,18,95.5,7463,200,0.6263244694841784,0.90395088764261,0.7350069271433541,0.7235294117647059,0.6595174262734584,0.8927184466019418,0.6900420757363254,GSM4274803,0
Srebf2,Unknown/Other,GSM4774318,Unknown/Other,Gene Regulation,,homo_sapiens,163968,GEO,0.964,0.2189982213030062,0,10227,0.8938,40,54.69,53,9.66,16.5,95.5,15000,200,0.6966399806078332,0.9366708755607244,0.8255491461956035,0.7604306864064603,0.7533333333333333,0.9034446069956112,0.7568653717347622,GSM4774318,0
Srf,Unknown/Other,GSM1505772,Unknown/Other,Gene Regulation,HUES64,homo_sapiens,51590,GEO,0.962,0.2864802499999284,0,31902,0.9714,38,54.81,54.5,9.56,21.5,81.5,15000,200,0.9011247208650592,0.9874541874905344,0.9731909158093928,0.9277591973244148,0.9246666666666666,0.9625550660792952,0.9262103505843072,GSM1505772,0
Stat4,STAT,GSM945611,STAT,Gene Regulation,blood,homo_sapiens,37177,GEO,0.739,0.2128907499999467,0,26436,0.344,35,52.41,52,7.24,21.5,84.5,15000,200,0.6163479375950798,0.9362058687079564,0.7620924380511617,0.7145892351274787,0.6726666666666666,0.8766556291390728,0.6929945054945055,GSM945611,0
Sub1,Unknown/Other,GSM1825753,Unknown/Other,Gene Regulation,fibroblast,homo_sapiens,55902,GEO,0.98,0.0003272735870303,0,6,0.4444444444444444,39,39.42,39.75,4.65,33.5,46.5,6,200,,,,,,,,,
TAL1,Unknown/Other,GSM1291199,Unknown/Other,Gene Regulation,TS/A,homo_sapiens,44435,GEO,0.934,0.3803847499999049,0,38243,0.982,39,44.91,44,7.98,21.5,83,15000,200,0.7373446443111106,0.9549320575131632,0.8538405901586857,0.7424689899586533,0.838,0.9160069272637308,0.7873473222674601,GSM1291199,0
TBX1,Unknown/Other,GSM3021587,Unknown/Other,Gene Regulation,B-CPAP,homo_sapiens,137056,GEO,0.978,0.0080314909844137,0,44,0.8701657458563536,38,44.52,43.5,9.6,16,85,357,200,0.4426801218928086,0.7652640264026402,0.5010395833254354,0.7857142857142857,0.3055555555555556,0.8823529411764706,0.44,GSM3021587,0
TBX18,Unknown/Other,GSM5215131,Unknown/Other,Gene Regulation,K562,homo_sapiens,153011,GEO,0.986,0.0250034262574302,0,353,0.7992,40,61.45,64.5,11.76,19.5,83.5,8353,200,0.7659195996901482,0.9535745582006716,0.9040719651465968,0.8961593172119487,0.7544910179640718,0.9112104758862984,0.8192457737321196,GSM5215131,0
TBX3,Unknown/Other,GSM2423732,Unknown/Other,Gene Regulation,Hep-G2,homo_sapiens,101655,GEO,0.99,0.0140947499999964,0,306,0.6546717171717171,37,48.48,47,9.23,21.5,78,4526,200,0.653674624572333,0.909160339466984,0.7750462117879261,0.749379652605459,0.6666666666666666,0.9091564527757752,0.705607476635514,GSM2423732,0
TCF25,Unknown/Other,GSM2797640,Unknown/Other,Gene Regulation,Hep-G2,homo_sapiens,132759,GEO,0.996,0.0981234419513198,0,9898,0.9722,36,53.65,53,10.02,22,84,15000,200,0.8396403722509916,0.9762534376983288,0.9463803756341556,0.9060498220640568,0.8486666666666667,0.9423478400513892,0.8764199655765921,GSM2797640,0
TCF3,Unknown/Other,GSM1082309,Unknown/Other,Gene Regulation,Kasumi-1,homo_sapiens,40166,GEO,0.954,0.3433104999999142,0,22158,0.9768,36,52.54,52.75,7,22,71.5,15000,200,0.6728569891649767,0.9306788070731064,0.8434474161202551,0.769023569023569,0.7613333333333333,0.8674607676309322,0.7651591289782245,GSM1082309,0
TCF4,Unknown/Other,GSM1975020,Unknown/Other,Gene Regulation,GEN2.2,homo_sapiens,72366,GEO,0.972,0.3938102499999015,0,39358,0.9264,38,53.32,52.5,8.16,21.5,86.5,15000,200,0.7898437767609578,0.968843357271095,0.9190082836860204,0.8499660556687033,0.8346666666666667,0.9212558764271324,0.8422468886646485,GSM1975020,0
TCF7L1,Unknown/Other,GSM2124633,Unknown/Other,Gene Regulation,WA09,homo_sapiens,87387,GEO,0.995,0.0029027499999992,0,11,0.8771300448430494,38,51.22,48,13.44,22,95.5,2170,200,0.3940119113599578,0.7858645562011621,0.4674868879961326,0.5271739130434783,0.4470046082949309,0.8433005299015897,0.4837905236907731,GSM2124633,0
TCF7L2,Unknown/Other,GSM5214910,Unknown/Other,Gene Regulation,Hep-G2,homo_sapiens,146017,GEO,0.988,0.1467865112527232,0,8160,0.9536,36,51.62,49.5,11.27,21,95.5,15000,200,0.7014023638907901,0.945932801261208,0.8227787492530476,0.7338760175328741,0.7813333333333333,0.9089039438664408,0.7568614788505005,GSM5214910,0
TCFL5,Unknown/Other,GSM5214613,Unknown/Other,Gene Regulation,K562,homo_sapiens,145808,GEO,0.976,0.0164744691093352,0,578,0.6054073803434418,40,45.25,43.5,8.37,18.5,79,2729,200,0.4798254902987367,0.8697175840032983,0.5709074981939358,0.6028708133971292,0.4615384615384615,0.910956252419667,0.5228215767634855,GSM5214613,0
TEAD1,Unknown/Other,GSM2643552,Unknown/Other,Gene Regulation,GM15850,homo_sapiens,84141,GEO,0.988,0.1574605336193958,0,928,0.9046,34,60.39,62,12.51,7.5,95.5,15000,200,0.6600605572786022,0.8865156207552295,0.7978883338397096,0.8794466403162056,0.5933333333333334,0.8857677902621723,0.7085987261146497,GSM2643552,0
TEAD4,Unknown/Other,GSM2232927,Unknown/Other,Gene Regulation,neuroblastoma,homo_sapiens,70162,GEO,0.968,0.2024247499999494,0,13758,0.9308,39,38.39,38,7.19,0,81,15000,200,0.7059121774489585,0.9397934443563308,0.8426672886762883,0.7944606413994169,0.7266666666666667,0.9113388853299168,0.7590529247910863,GSM2232927,0
TEF,Unknown/Other,GSM5215501,Unknown/Other,Gene Regulation,Hep-G2,homo_sapiens,153098,GEO,0.994,0.0290453362149099,0,1305,0.9296,35,57.35,58.5,11.81,16.5,95.5,15000,200,0.7985269664258727,0.9703581894296182,0.9252997712712746,0.9192645883293366,0.7666666666666667,0.931625227410552,0.8360596146855689,GSM5215501,0
TERF2,Unknown/Other,GSM1328845,Unknown/Other,Gene Regulation,,homo_sapiens,43826,GEO,0.938,0.0107542499999973,0,152,0.859,38,51.96,51,8.67,21,95.5,7731,200,0.5245106076292886,0.8915889933606796,0.727381950769925,0.7050847457627119,0.538163001293661,0.8467974610502019,0.6104181951577403,GSM1328845,0
TET2,Unknown/Other,GSM1863077,Unknown/Other,Gene Regulation,HEK293T,homo_sapiens,70093,GEO,0.962,0.571981499999857,0,10521,0.9794,39,65.12,66,9.86,21.5,88.5,15000,200,0.8924541780016055,0.986389574759945,0.9790460673167728,0.9519890260631,0.9253333333333332,0.9471544715447154,0.938471940500338,GSM1863077,0
TFAM,Unknown/Other,GSM1171659,Unknown/Other,Gene Regulation,HeLa,homo_sapiens,41726,GEO,0.997,0.0025507499999993,0,30,0.6328125,32,37.63,37.5,5.77,17.5,53.5,177,200,0.5867386940384682,0.7276785714285714,0.5891583175052322,1,0.375,0.921875,0.5454545454545454,GSM1171659,0
TFAP2A,Unknown/Other,GSM1817199,Unknown/Other,Gene Regulation,cranial neural crest,homo_sapiens,56820,GEO,0.975,0.3077059999999231,0,28762,0.9522,39,57.36,56.5,12.14,22,86,15000,200,0.7691514797588982,0.9625169571679504,0.8925778392871541,0.8423265592151367,0.8013333333333333,0.918713086726764,0.8213187564058764,GSM1817199,0
TFAP2B,Unknown/Other,GSM5374230,Unknown/Other,Gene Regulation,SK-N-SH,homo_sapiens,150907,GEO,0.982,0.0077926795934165,0,199,0.6100196463654224,40,49.42,46,12.75,20,82,1011,200,0.7091875078559458,0.9025172008726298,0.7981084803371837,0.797752808988764,0.7029702970297029,0.9305354558610708,0.7473684210526316,GSM5374230,0
TFAP2C,Unknown/Other,GSM889426,Unknown/Other,Gene Regulation,BT-474,homo_sapiens,9508,GEO,0.977,0.4114869999998971,0,34052,0.9708,33,59.45,58.5,8.91,22,86.5,15000,200,0.7984340444155741,0.9685201439684198,0.933775791916767,0.8729729729729729,0.8613333333333333,0.9094028826355524,0.8671140939597315,GSM889426,0
TFCP2,Unknown/Other,GSM5215603,Unknown/Other,Gene Regulation,K562,homo_sapiens,153225,GEO,0.993,0.0328786227718433,0,1026,0.798,39,60.1,62.5,12.73,20.5,85.5,10745,200,0.7034027229220648,0.9270003237610032,0.8454585617499594,0.8684531059683313,0.6632558139534884,0.903727980335928,0.7521097046413502,GSM5215603,0
TFDP1,Unknown/Other,GSM2825063,Unknown/Other,Gene Regulation,K-562,homo_sapiens,179993,GEO,0.996,0.0622713856707477,0,951,0.9618,37,62.04,63,12.13,16.5,96.5,15000,200,0.7605745930914316,0.9472178556528994,0.9041603021316564,0.8569364161849711,0.7906666666666666,0.9068243858052776,0.8224687933425797,GSM2825063,0
TFDP2,Unknown/Other,GSM5214386,Unknown/Other,Gene Regulation,Hep-G2,homo_sapiens,145665,GEO,0.994,0.0772277460392821,0,4145,0.9652,34,63.88,65.5,10.13,16.5,95.5,15000,200,0.8221726019463212,0.9734313809320222,0.9579108320430044,0.885676741130092,0.8986666666666666,0.9150820526178692,0.8921244209133025,GSM5214386,0
TFE3,Unknown/Other,GSM2534191,Unknown/Other,Gene Regulation,Hep-G2,homo_sapiens,102527,GEO,0.99,0.059731999999985,0,3170,0.9562,35,53.65,52.5,10.5,21.5,96,15000,200,0.7370225530170212,0.9546165546515742,0.8631090177676213,0.8052486187845304,0.7773333333333333,0.913894324853229,0.7910447761194029,GSM2534191,0
TFEB,Unknown/Other,GSM2354032,Unknown/Other,Gene Regulation,HUVEC-C,homo_sapiens,144286,GEO,0.857,0.0294602300648826,0,2802,0.9752,38,46.96,45,10.12,15,86.5,11735,200,0.7702403815693397,0.9562160603771246,0.8804978209384697,0.8042016806722689,0.8151618398637138,0.9346689895470384,0.8096446700507615,GSM2354032,0
THAP11,Unknown/Other,GSM2534158,Unknown/Other,Gene Regulation,Hep-G2,homo_sapiens,100756,GEO,0.947,0.2917727499999271,0,8543,0.9686,35,58.56,59.5,11.22,21,85,15000,200,0.7331975880804372,0.9451305340027384,0.8669774888093901,0.7791718946047679,0.828,0.8962937776266576,0.8028442146089205,GSM2534158,0
THAP12,Unknown/Other,GSM5668690,Unknown/Other,Gene Regulation,K-562,homo_sapiens,164688,GEO,0.991,0.0304485056559895,0,648,0.7832,36,63.57,66,11.81,20,86.5,11632,200,0.8054769683702535,0.9638921490482076,0.930530492144492,0.8920664206642066,0.8314703353396389,0.9198052779912887,0.8607031597685804,GSM5668690,0
THAP7,Unknown/Other,GSM5667803,Unknown/Other,Gene Regulation,K-562,homo_sapiens,175025,GEO,0.994,0.02470201074572,0,474,0.7906,40,61.67,64.5,12.59,17.5,85,7339,200,0.7628037045787762,0.9459112893927166,0.889750523614116,0.8785488958990536,0.7588555858310627,0.9147364887546156,0.814327485380117,GSM5667803,0
THAP8,Unknown/Other,GSM5215044,Unknown/Other,Gene Regulation,Hep-G2,homo_sapiens,153297,GEO,0.987,0.0420116359925256,0,333,0.9244,36,62.63,64,9.47,19.5,95.5,15000,200,0.7904160825813,0.9642334869431644,0.9433654085712132,0.8408389882788402,0.9086666666666666,0.8983792127604837,0.8734380006408202,GSM5215044,0
THAP9,Unknown/Other,GSM5214745,Unknown/Other,Gene Regulation,Hep-G2,homo_sapiens,145531,GEO,0.974,0.1530674299945602,0,2695,0.9604,36,63.14,63.5,7.56,20,95.5,15000,200,0.8352353765299176,0.9758502415458936,0.97191620880532,0.9036458333333334,0.9253333333333332,0.917617237008872,0.9143610013175232,GSM5214745,0
THRB,Unknown/Other,GSM2534017,Unknown/Other,Gene Regulation,Hep-G2,homo_sapiens,101400,GEO,0.987,0.0647409999999838,0,2933,0.9372,35,51.97,51,9.44,21.5,98,15000,200,0.6768648880707295,0.9352725069252076,0.8205728545674857,0.8174342105263158,0.6626666666666666,0.8999450247388675,0.7319587628865979,GSM2534017,0
TOX,Unknown/Other,GSM5378611,Unknown/Other,Gene Regulation,SK-N-SH,homo_sapiens,153798,GEO,0.985,0.0308083296854403,0,612,0.8356,40,41.18,39,8.54,19.5,78.5,14880,200,0.550431096681872,0.8812991637824941,0.6852069786750183,0.6753554502369669,0.5745967741935484,0.8767268862911796,0.6209150326797386,GSM5378611,0
TOX2,Unknown/Other,GSM5330775,Unknown/Other,Gene Regulation,SK-N-SH,homo_sapiens,146786,GEO,0.987,0.0090235508401348,0,281,0.6352313167259787,40,52.59,49.5,14.23,20,82,1676,200,0.7080963899113564,0.9140446366438016,0.7934708320637247,0.7806451612903226,0.7202380952380952,0.928063943161634,0.7492260061919505,GSM5330775,0
TP53,p53,GSM3204311,p53,"DNA Repair, Apoptosis",colon carcinoma,homo_sapiens,90303,GEO,0.988,0.2207989999999448,0,6339,0.974,40,57.09,57.5,8.55,21,80.5,15000,200,0.7107291242927064,0.9419989771913676,0.885780023966869,0.7851239669421488,0.8233333333333334,0.8732927085522169,0.8037748128864302,GSM3204311,0
TP63,Unknown/Other,GSM3178691,Unknown/Other,Gene Regulation,BxPC-3,homo_sapiens,141247,GEO,0.973,0.2547525123966264,0,27851,0.971,35,46.26,45,9.2,22,85,15000,200,0.8865731754515614,0.979923917834788,0.9533717614412724,0.8914728682170543,0.92,0.9682189362171706,0.905511811023622,GSM3178691,0
TP73,Unknown/Other,GSM501690,Unknown/Other,Gene Regulation,SaOS-2,homo_sapiens,6546,GEO,0.98,0.1296719999999676,0,12893,0.853,30,44.83,44.5,7.02,22,77.5,15000,200,0.8820061995650273,0.9845488091876118,0.9535948566843152,0.907070707070707,0.898,0.9660918200885574,0.9025125628140704,GSM501690,0
TRPS1,Unknown/Other,GSM3899395,Unknown/Other,Gene Regulation,MCF-7,homo_sapiens,135179,GEO,0.996,0.0831240531173467,0,7198,0.976,37,42.83,41.5,8.9,7,96.5,15000,200,0.620850715596481,0.917832699619772,0.7492804116863643,0.656155245603396,0.7213333333333334,0.8888763537906137,0.6872022864401397,GSM3899395,0
TSC22D2,Unknown/Other,GSM5214699,Unknown/Other,Gene Regulation,Hep-G2,homo_sapiens,145625,GEO,0.995,0.0646770221187859,0,511,0.9502,35,60.57,61,10.03,22,95.5,15000,200,0.7694149468726358,0.9586848301379078,0.92495452325441,0.8676988036593948,0.822,0.8982785602503912,0.84423142759329,GSM5214699,0
TSC22D3,Unknown/Other,GSM2675536,Unknown/Other,Gene Regulation,MCF-10A,homo_sapiens,94061,GEO,0.993,0.0111497499999972,0,532,0.2549889135254989,38,46.69,46.5,7.59,21.5,94.5,4035,200,0.8109907667594102,0.9449438667716143,0.8648969678388813,0.9540983606557376,0.7202970297029703,0.9638279692395328,0.8208744710860366,GSM2675536,0
TSC22D4,Unknown/Other,GSM2574802,Unknown/Other,Gene Regulation,Hep-G2,homo_sapiens,74642,GEO,0.994,0.0313317499999921,0,1604,0.9558,36,50.86,50,8.72,21.5,78,8086,200,0.6953720922918252,0.9406257137770732,0.8400401380280792,0.8044692737430168,0.7119901112484549,0.9006128430588862,0.7554098360655738,GSM2574802,0
TSHZ1,Unknown/Other,GSM2423182,Unknown/Other,Gene Regulation,HEK293,homo_sapiens,179811,GEO,0.997,0.0352284258368734,0,530,0.8672,37,51.4,49.5,11.65,19.5,81.5,15000,200,0.6268923966015385,0.9104055216754124,0.745159508979272,0.7061281337047354,0.676,0.8938135890539118,0.6907356948228883,GSM2423182,0
TSHZ2,Unknown/Other,GSM5330959,Unknown/Other,Gene Regulation,SK-N-SH,homo_sapiens,146964,GEO,0.978,0.0536758517656317,0,808,0.942,40,49.76,47,13.18,20,87,15000,200,0.6305440476169579,0.9277722997722998,0.7705040523167372,0.7746005046257359,0.614,0.8971338353169784,0.6850130159910748,GSM5330959,0
TTF1,Unknown/Other,GSM2310996,Unknown/Other,Gene Regulation,A-549,homo_sapiens,74052,GEO,0.895,0.5781802499998555,0,64581,0.8782,38,45.09,44.5,6.01,21.5,71.5,15000,200,0.7987423470769863,0.9726063893911996,0.9181999442758964,0.828921885087153,0.856,0.9315789473684212,0.8422433584781895,GSM2310996,0
Tbx2,Unknown/Other,GSM5213924,Unknown/Other,Gene Regulation,Hep-G2,homo_sapiens,149783,GEO,0.987,0.173110904714061,0,4711,0.9612,36,58.8,59,11.48,21,95.5,15000,200,0.7042795425557022,0.9395040849673202,0.84614995418356,0.8094545454545454,0.742,0.8916165664662659,0.7742608695652174,GSM5213924,0
Tbx5,Unknown/Other,GSM2280027,Unknown/Other,Gene Regulation,cardiac muscle cell,homo_sapiens,72917,GEO,1,0.0305407499999923,0,2599,0.9158,39,47.3,47,7.33,20,80.5,9209,200,0.7147586666078497,0.9464324720788934,0.8590437349826847,0.7361784675072744,0.8241042345276873,0.899327302250058,0.7776639344262295,GSM2280027,0
Tcf12,Unknown/Other,GSM1010900,Unknown/Other,Gene Regulation,SK-N-SH,homo_sapiens,46362,GEO,0.991,0.2713727499999321,0,25834,0.9826,38,44.36,43.5,7.95,22,77,15000,200,0.6535576524750688,0.919961651461265,0.7859267754927696,0.7347795661301609,0.7,0.8959457763273503,0.7169682485489929,GSM1010900,0
Tcf15,Unknown/Other,GSM5213981,Unknown/Other,Gene Regulation,K562,homo_sapiens,149764,GEO,0.992,0.0137752918645556,0,338,0.2662511130899376,40,42.19,39.5,9.77,20,81.5,1114,200,0.5895713462766123,0.8740821223233284,0.6476789037777815,0.6388888888888888,0.6216216216216216,0.926763110307414,0.6301369863013698,GSM5213981,0
Tcf21,Unknown/Other,GSM4558335,Unknown/Other,Gene Regulation,coronary artery,homo_sapiens,159716,GEO,0.984,0.1545825482580316,0,582,0.5684,39,65.99,67.5,9.34,21,95.5,15000,200,0.8960443911633473,0.98605125939019,0.9761931538671031,0.9242718446601942,0.952,0.949774116396492,0.9379310344827586,GSM4558335,0
Tcf7,Unknown/Other,GSM3123436,Unknown/Other,Gene Regulation,MCF10DCIS.com,homo_sapiens,128024,GEO,0.923,0.1979518456260011,0,2744,0.7956,32,51.26,46.5,13.27,19.5,95.5,15000,200,0.5846880028165806,0.91931768210809,0.7240253283843339,0.7222222222222222,0.572,0.8970775095298602,0.6383928571428571,GSM3123436,0
Tead2,Unknown/Other,GSM2423777,Unknown/Other,Gene Regulation,K562,homo_sapiens,179647,GEO,0.995,0.0234117708521532,0,635,0.767,38,47.61,46.5,8.02,21.5,76.5,5266,200,0.4316807025625011,0.8612428842504745,0.5846092748007922,0.6590909090909091,0.3851992409867172,0.8603060892217519,0.4862275449101796,GSM2423777,0
Tead3,Unknown/Other,GSM2534286,Unknown/Other,Gene Regulation,Hep-G2,homo_sapiens,100216,GEO,0.994,0.1276762499999681,0,7018,0.954,35,53.55,52,9.3,22.5,82.5,15000,200,0.7118629322487228,0.9514116013381304,0.8623998993754134,0.7978723404255319,0.75,0.9026692228284914,0.7731958762886598,GSM2534286,0
Terf1,Unknown/Other,GSM1328844,Unknown/Other,Gene Regulation,,homo_sapiens,43825,GEO,0.968,0.0181917499999954,0,188,0.8866,38,51.03,50.5,8.16,21,92.5,15000,200,0.5092871670649479,0.8847997982854261,0.6916629062460654,0.7160611854684512,0.4993333333333333,0.8456098998232174,0.5883739198743126,GSM1328844,0
Tfap4,Unknown/Other,GSM2224584,Unknown/Other,Gene Regulation,COLO 320,homo_sapiens,74431,GEO,0.982,0.1952432499999512,0,20033,0.8082,39,48.61,44.5,14.64,20,90,15000,200,0.776236540767957,0.9556046649355382,0.8786234013095282,0.8645990922844176,0.762,0.9392083475104912,0.8100637845499645,GSM2224584,0
Tfcp2l1,Unknown/Other,GSM6372542,Unknown/Other,Gene Regulation,A549,homo_sapiens,163627,GEO,0.987,0.0136210188317894,0,332,0.7952797666401485,40,59.87,64,13.39,5,81.5,3764,200,0.791484425872731,0.9571387426538142,0.8713586560754614,0.81,0.8617021276595744,0.9302452316076294,0.8350515463917526,GSM6372542,0
Thap1,Unknown/Other,GSM4199227,Unknown/Other,Gene Regulation,SH-SY5Y,homo_sapiens,158923,GEO,0.989,0.0213490354282129,0,898,0.8718,35,62.25,64.5,11.74,17,95.5,5129,200,0.8275825790128809,0.9620817645330982,0.9326619327296136,0.9276315789473684,0.8245614035087719,0.9298745724059292,0.8730650154798761,GSM4199227,0
Thra,Unknown/Other,GSM2797651,Unknown/Other,Gene Regulation,Hep-G2,homo_sapiens,132606,GEO,0.997,0.1124372602358476,0,3372,0.9484,34,55.08,54,10.67,21,95.5,15000,200,0.6765410723900713,0.93873511011011,0.8267781849937891,0.8128514056224899,0.6746666666666666,0.8944053895723492,0.7373406193078325,GSM2797651,0
Tlx1,Unknown/Other,GSM1524254,Unknown/Other,Gene Regulation,ALL-SIL,homo_sapiens,54657,GEO,0.981,0.0413739999999896,0,3017,0.8986,36,43.85,42.5,7.84,21.5,72.5,15000,200,0.6741993234296751,0.9355144045144044,0.805913554901113,0.7132998745294856,0.758,0.9004129220306049,0.7349709114414997,GSM1524254,0
UBP1,Unknown/Other,GSM2797653,Unknown/Other,Gene Regulation,Hep-G2,homo_sapiens,132605,GEO,0.992,0.0646016532415365,0,357,0.9494,34,58.67,58.5,10.03,21,95.5,15000,200,0.7655768497948021,0.955155010680784,0.909868316409714,0.8577494692144374,0.808,0.9039103949695422,0.8321318228630278,GSM2797653,0
UBTF,Unknown/Other,GSM5215453,Unknown/Other,Gene Regulation,Hep-G2,homo_sapiens,152836,GEO,0.967,0.1727782831133733,0,5728,0.9652,36,68.68,69.5,8.62,19.5,95.5,15000,200,0.9030929173558476,0.9866953494848232,0.983254495561206,0.948332243296272,0.9666666666666668,0.9521690767519466,0.9574116870254208,GSM5215453,0
USF3,Unknown/Other,GSM5215545,Unknown/Other,Gene Regulation,Hep-G2,homo_sapiens,153015,GEO,0.98,0.0152210648692362,0,186,0.9124,36,61.97,63.5,9.53,19.5,95.5,7771,200,0.7591795877945129,0.9580217324959892,0.9270181611624388,0.8708791208791209,0.8159588159588159,0.890074211502783,0.8425249169435216,GSM5215545,0
Usf1,Unknown/Other,GSM5214564,Unknown/Other,Gene Regulation,Hep-G2,homo_sapiens,146212,GEO,0.977,0.1998545723772945,0,13171,0.9546,34,57.73,56.5,10.06,20.5,95.5,15000,200,0.8521638149875275,0.982911597729116,0.9568624504416792,0.9240780911062908,0.852,0.9456900847035375,0.886576482830385,GSM5214564,0
Usf2,Unknown/Other,GSM2797655,Unknown/Other,Gene Regulation,Hep-G2,homo_sapiens,132671,GEO,0.977,0.175108147642686,0,14382,0.9512,36,54.83,53.5,9.72,17.5,96.5,15000,200,0.8633286221195008,0.9825951380003656,0.9520283172013678,0.9150877192982456,0.8693333333333333,0.9545258929852244,0.8916239316239316,GSM2797655,0
VDR,Unknown/Other,GSM558636,Unknown/Other,Gene Regulation,GM10861,homo_sapiens,565,GEO,0.977,0.0767732499999808,0,3604,0.9514,30,50.36,49,9.01,21.5,88.5,15000,200,0.7292844329949884,0.9550618587449298,0.8762660601096334,0.7987594762232942,0.7726666666666666,0.910694130925508,0.785496441884107,GSM558636,0
VEZF1,Unknown/Other,GSM866196,Unknown/Other,Gene Regulation,HeLa,homo_sapiens,8532,GEO,0.99,0.019942249999995,0,182,0.8974,37,62.17,63,9.69,21.5,96.5,15000,200,0.8021907079115934,0.9717278150633856,0.949388075465147,0.8506616257088847,0.9,0.9074605451936872,0.8746355685131195,GSM866196,0
WDHD1,Unknown/Other,GSM2574807,Unknown/Other,Gene Regulation,MCF-7,homo_sapiens,77259,GEO,0.996,0.027723249999993,0,620,0.9622,37,56.54,56.5,10.04,20.5,82.5,15000,200,0.7096438759596246,0.9454502976863368,0.8617141216322288,0.7775590551181102,0.79,0.8895829815971636,0.7837301587301587,GSM2574807,0
WIZ,Unknown/Other,GSM5214152,Unknown/Other,Gene Regulation,Hep-G2,homo_sapiens,146204,GEO,0.989,0.0441598443218978,0,923,0.894,36,58.38,58.5,10.28,20.5,95.5,15000,200,0.7186453885045541,0.949072463768116,0.8761038449680935,0.8555643251775849,0.7226666666666667,0.8942256754370475,0.7835200578243585,GSM5214152,0
Xbp1,Unknown/Other,GSM5215581,Unknown/Other,Gene Regulation,Hep-G2,homo_sapiens,153368,GEO,0.993,0.021256486536353,0,353,0.9242,35,57.32,58,9.25,17,97.5,10061,200,0.6974547524959552,0.9412461572226593,0.8685317710512448,0.8004158004158004,0.7654075546719682,0.8772935779816514,0.782520325203252,GSM5215581,0
YEATS4,Unknown/Other,GSM5214448,Unknown/Other,Gene Regulation,Hep-G2,homo_sapiens,145521,GEO,0.994,0.1166466271238272,0,2653,0.9662,35,63.48,65,10.73,16.5,95.5,15000,200,0.789150567788232,0.9660741299158186,0.9455161663736904,0.8330263965623081,0.9046666666666666,0.9000722369371539,0.8673697666986258,GSM5214448,0
YY1,YY1,GSM2026776,C2H2 Zinc Finger,Gene Regulation,HEK293,homo_sapiens,65204,GEO,0.987,0.303950249999924,0,12995,0.9684,29,68.3,68.5,6.89,22,88,15000,200,0.9242008824421648,0.9899901738473168,0.9919971565255707,0.9621409921671018,0.9826666666666668,0.964735516372796,0.9722955145118732,GSM2026776,0
YY2,Unknown/Other,GSM2827507,Unknown/Other,Gene Regulation,HEK293,homo_sapiens,100627,GEO,0.989,0.0301714999999924,0,662,0.8448,37,56.16,56,10.56,22,81.5,15000,200,0.7320954421517984,0.9407565828315032,0.8520053341701773,0.8185104844540854,0.7546666666666667,0.9133781136300028,0.7852930974679153,GSM2827507,0
ZBED1,Unknown/Other,GSM2527681,Unknown/Other,Gene Regulation,K562,homo_sapiens,101590,GEO,0.992,0.019761499999995,0,368,0.944,39,58.74,59,9.37,20.5,96.5,12995,200,0.7481067328605752,0.9578945601074546,0.912391338774044,0.7757575757575758,0.8861538461538462,0.8875642823749416,0.8272890484739677,GSM2527681,0
ZBED4,Unknown/Other,GSM5213916,Unknown/Other,Gene Regulation,Hep-G2,homo_sapiens,149856,GEO,0.995,0.0626893685078186,0,1654,0.951,34,60.21,60.5,11.05,16.5,95.5,15000,200,0.7770097328579179,0.9606902193455592,0.9093222038058246,0.8008398320335933,0.89,0.9045698924731184,0.8430691506157246,GSM5213916,0
ZBTB10,Unknown/Other,GSM5215472,Unknown/Other,Gene Regulation,Hep-G2,homo_sapiens,153344,GEO,0.994,0.0470468457748353,0,1149,0.9348,35,60.44,61.5,10.15,17,95.5,15000,200,0.7573282338973234,0.9544357855361596,0.9063224385091344,0.8618468146027202,0.8026666666666666,0.8961342395921835,0.8312046945115636,GSM5215472,0
ZBTB11,Unknown/Other,GSM2424099,Unknown/Other,Gene Regulation,HEK293,homo_sapiens,179412,GEO,0.988,0.1064213760841416,0,4793,0.8916,37,56.24,60,14.41,14,85,15000,200,0.8226269954995433,0.9699949402670414,0.9128242003006464,0.8499669530733642,0.8573333333333333,0.9488102147417296,0.8536342515765019,GSM2424099,0
ZBTB14,Unknown/Other,GSM5214968,Unknown/Other,Gene Regulation,Hep-G2,homo_sapiens,145480,GEO,0.992,0.0694057678645658,0,2310,0.946,35,65.74,67.5,10.03,21.5,95.5,14663,200,0.8390816173436133,0.9770090420116178,0.9681381777577934,0.9302659956865564,0.8820722563053851,0.9213286713286714,0.9055283414975508,GSM5214968,0
ZBTB16,Unknown/Other,GSM2947310,Unknown/Other,Gene Regulation,KG1,homo_sapiens,88634,GEO,0.995,0.0128009999999968,0,558,0.9386,39,50.05,49.5,8.54,22,96.5,6413,200,0.7596815443915099,0.9598310548238872,0.8894994894561503,0.839527027027027,0.7753510140405616,0.923690932311622,0.8061638280616383,GSM2947310,0
ZBTB17,Unknown/Other,GSM1181982,Unknown/Other,Gene Regulation,Hybridoma 231,homo_sapiens,41831,GEO,0.909,0.3576567499999106,0,3753,0.9566,39,65.47,65.5,8.5,20,90.5,15000,200,0.8897189205243997,0.9817693947144076,0.9760444783499423,0.938694792353329,0.9493333333333334,0.9448433420365536,0.943984090155784,GSM1181982,0
ZBTB18,Unknown/Other,GSM2026861,Unknown/Other,Gene Regulation,HEK293,homo_sapiens,65137,GEO,0.992,0.0040804999999989,0,331,0.8860662047729022,37,58.19,59.25,11.07,22,81.5,1228,200,0.7618221955106861,0.9629370792275258,0.9139838212194852,0.8333333333333334,0.8130081300813008,0.9088983050847458,0.823045267489712,GSM2026861,0
ZBTB2,Unknown/Other,GSM2574750,Unknown/Other,Gene Regulation,GM12878,homo_sapiens,74683,GEO,0.938,0.4111612499998972,0,42326,0.9804,38,49.35,48.5,9.9,21,83.5,15000,200,0.9273729319083244,0.9939533840797782,0.9853413211399732,0.9438502673796793,0.9413333333333334,0.9759406910057352,0.9425901201602136,GSM2574750,0
ZBTB20,Unknown/Other,GSM2827428,Unknown/Other,Gene Regulation,HEK293,homo_sapiens,101491,GEO,0.978,0.1341154999999664,0,3398,0.9562,37,62.79,64.5,9.96,22,88.5,15000,200,0.803912683593986,0.9652157654022062,0.9404839904782202,0.8749172733289212,0.8813333333333333,0.9077425842131724,0.8781135835270674,GSM2827428,0
ZBTB24,Unknown/Other,GSM3037224,Unknown/Other,Gene Regulation,colorectal cancer,homo_sapiens,139165,GEO,0.994,0.0287692820907983,0,2524,0.7382,39,43.37,41.5,9.56,18,84,11561,200,0.5069351244496177,0.8413091824537091,0.6369696017644313,0.8121546961325967,0.3814878892733564,0.8865750381785367,0.5191288993525603,GSM3037224,0
ZBTB26,Unknown/Other,GSM2825531,Unknown/Other,Gene Regulation,HEK293,homo_sapiens,102005,GEO,0.939,0.1664324999999584,0,7212,0.9698,40,68.29,69.5,8.2,21.5,89.5,15000,200,0.9390605268286656,0.9930354993983151,0.9935276828538792,0.9804054054054054,0.9673333333333334,0.9700920245398772,0.9738255033557048,GSM2825531,0
ZBTB3,Unknown/Other,GSM5214483,Unknown/Other,Gene Regulation,Hep-G2,homo_sapiens,145450,GEO,0.979,0.0392567499999901,0,666,0.9088,36,59.76,60,10.56,19.5,95.5,15000,200,0.7354509115911216,0.9471460019142086,0.8897776296004763,0.8660990712074303,0.746,0.8960795347964735,0.8015759312320917,GSM5214483,0
ZBTB33,Unknown/Other,GSM5214041,Unknown/Other,Gene Regulation,Hep-G2,homo_sapiens,145548,GEO,0.991,0.1478531232751424,0,8294,0.8464,34,57.52,57,8.32,20.5,95.5,15000,200,0.7559478766698602,0.9569073150457192,0.8840653983147324,0.8267026298044504,0.8173333333333334,0.9036297640653358,0.8219912839423399,GSM5214041,0
ZBTB37,Unknown/Other,GSM5214255,Unknown/Other,Gene Regulation,Hep-G2,homo_sapiens,146103,GEO,0.983,0.0283439141609965,0,502,0.8806,36,56.51,57,9.35,21,95.5,14525,200,0.6803962878317648,0.9295375303276758,0.8391109213472979,0.8273026315789473,0.6928374655647382,0.8802045288531775,0.7541229385307346,GSM5214255,0
ZBTB38,Unknown/Other,GSM5331353,Unknown/Other,Gene Regulation,HepG2,homo_sapiens,146796,GEO,0.981,0.2168675752794382,0,3563,0.9136,36,63.27,63,8.61,21.5,95.5,15000,200,0.8391125440642718,0.9760037470725994,0.9636347219858086,0.9010554089709762,0.9106666666666666,0.9218707015130674,0.9058355437665784,GSM5331353,0
ZBTB39,Unknown/Other,GSM5214480,Unknown/Other,Gene Regulation,Hep-G2,homo_sapiens,146276,GEO,0.993,0.0524288025978816,0,565,0.9158,36,61.48,63.5,11.15,19,95.5,15000,200,0.7453929830414928,0.9554850640113798,0.9032987319076288,0.805360561582642,0.8413333333333334,0.8917248255234297,0.8229540267362243,GSM5214480,0
ZBTB4,Unknown/Other,GSM5214455,Unknown/Other,Gene Regulation,Hep-G2,homo_sapiens,145554,GEO,0.985,0.1041897387636701,0,577,0.9144,36,60.48,60,7.86,20.5,95.5,15000,200,0.7692600897726479,0.9589346938775508,0.930473557131837,0.8500327439423707,0.8653333333333333,0.8908860759493671,0.8576148001321441,GSM5214455,0
ZBTB42,Unknown/Other,GSM5214061,Unknown/Other,Gene Regulation,Hep-G2,homo_sapiens,146091,GEO,0.984,0.0377479448204931,0,556,0.9144,36,62,63.5,9.88,18.5,95.5,15000,200,0.7904434201428752,0.9636972130948034,0.9410161167428356,0.8758573388203018,0.8513333333333334,0.904694503420618,0.86342123056119,GSM5214061,0
ZBTB43,Unknown/Other,GSM5215126,Unknown/Other,Gene Regulation,Hep-G2,homo_sapiens,153044,GEO,0.994,0.0580430567911239,0,1415,0.9512,35,57.9,58,11.66,16.5,95.5,15000,200,0.7569190546749401,0.9533102995088883,0.8737628759369696,0.8169014084507042,0.812,0.9121696470960596,0.8144433299899699,GSM5215126,0
ZBTB44,Unknown/Other,GSM5214347,Unknown/Other,Gene Regulation,Hep-G2,homo_sapiens,145499,GEO,0.996,0.0240963101891714,0,521,0.9234,35,61.14,62.5,10.01,19,95.5,15000,200,0.7964054183260678,0.9651788783355948,0.9372704544702108,0.8786206896551724,0.8493333333333334,0.9096223021582732,0.8637288135593221,GSM5214347,0
ZBTB46,Unknown/Other,GSM5215226,Unknown/Other,Gene Regulation,Hep-G2,homo_sapiens,152854,GEO,0.985,0.0219157311984401,0,179,0.887,36,61.24,62,9.34,20,95.5,12761,200,0.7517912544580678,0.9555670502561292,0.9128051222945468,0.8577302631578947,0.817398119122257,0.8875346260387812,0.8370786516853933,GSM5215226,0
ZBTB48,Unknown/Other,GSM2026757,Unknown/Other,Gene Regulation,HEK293,homo_sapiens,65155,GEO,0.987,0.1600724999999599,0,10749,0.9424,37,51.81,51,8.88,22,82.5,15000,200,0.6888051962139988,0.941865551930397,0.8437892590035773,0.8072837632776935,0.7093333333333334,0.8922548407245472,0.7551454932576295,GSM2026757,0
ZBTB49,Unknown/Other,GSM5214488,Unknown/Other,Gene Regulation,Hep-G2,homo_sapiens,145432,GEO,0.995,0.0440011065936765,0,199,0.9036,35,58.02,58,9.31,21.5,95.5,15000,200,0.7288906998002248,0.9473391716839992,0.8880064669870763,0.8136856368563685,0.8006666666666666,0.8886301901435778,0.8071236559139785,GSM5214488,0
ZBTB5,Unknown/Other,GSM2828965,Unknown/Other,Gene Regulation,K562,homo_sapiens,101195,GEO,0.985,0.015735499999996,0,451,0.8194,38,51.43,51,10.19,15.5,79.5,5826,200,0.4974642717486038,0.845706558969195,0.6275314889276128,0.7507788161993769,0.4133790737564322,0.8780346820809248,0.5331858407079646,GSM2828965,0
ZBTB6,Unknown/Other,GSM2026806,Unknown/Other,Gene Regulation,HEK293,homo_sapiens,65190,GEO,0.994,0.0189409999999952,0,1930,0.822,37,57.71,57,10.16,22,85.5,6264,200,0.8277618441310262,0.9797988104731524,0.949375624467472,0.9178571428571428,0.8197767145135566,0.9375736160188456,0.8660488626790227,GSM2026806,0
ZBTB8A,Unknown/Other,GSM2423541,Unknown/Other,Gene Regulation,HEK293,homo_sapiens,179854,GEO,0.993,0.1127095472298864,0,3522,0.945,37,60.01,63.5,13.36,14,87.5,15000,200,0.7992298811985726,0.962809715564078,0.9167576903794232,0.8305412371134021,0.8593333333333333,0.9294117647058824,0.8446920052424639,GSM2423541,0
ZEB1,Unknown/Other,GSM1010809,Unknown/Other,Gene Regulation,HepG2,homo_sapiens,46245,GEO,0.988,0.0966597499999758,0,1806,0.9594,39,55.77,55.5,10.1,22,85.5,15000,200,0.654783924265188,0.9312234320557492,0.8205384603931151,0.8202531645569621,0.648,0.8783650689428759,0.7240223463687151,GSM1010809,0
ZEB2,Unknown/Other,GSM2753034,Unknown/Other,Gene Regulation,liver,homo_sapiens,136733,GEO,0.954,0.0127055927225023,0,166,0.5137254901960784,33,50.56,48.5,12.54,6.5,97.5,1011,200,0.6511634781716599,0.9207751254577512,0.7871438703980609,0.6696428571428571,0.7425742574257426,0.908029197080292,0.704225352112676,GSM2753034,0
ZFHX2,Unknown/Other,GSM2827267,Unknown/Other,Gene Regulation,HEK293,homo_sapiens,101253,GEO,0.983,0.16000824999996,0,8550,0.8354,36,60.39,60.5,9.64,22,87,15000,200,0.8609301172772205,0.9809721204721203,0.9614832182351564,0.9204702627939142,0.8873333333333333,0.940536013400335,0.9035980991174474,GSM2827267,0
ZFHX4,Unknown/Other,GSM1265799,Unknown/Other,Gene Regulation,glioblastoma,homo_sapiens,43289,GEO,0.993,0.0123749893687776,0,119,0.8849411278661433,37,52.4,52.5,12.13,2,81,4834,200,0.6178962840583373,0.8865644911580375,0.7477754086007845,0.8431372549019608,0.5341614906832298,0.8959603658536586,0.6539923954372624,GSM1265799,0
ZFP1,ZFP,GSM2534187,C2H2 Zinc Finger,Gene Regulation,Hep-G2,homo_sapiens,101651,GEO,0.991,0.0349202499999912,0,1313,0.8224,35,52.88,52,11.3,21.5,96,15000,200,0.6997339574480818,0.9419713541666666,0.81572794517531,0.766896551724138,0.7413333333333333,0.9109857773418344,0.7538983050847458,GSM2534187,0
ZFP14,ZFP,GSM2466448,C2H2 Zinc Finger,Gene Regulation,HEK293T,homo_sapiens,77191,GEO,0.991,0.0041502499999989,0,252,0.5232558139534884,36,53.34,53.5,10.92,21,97,863,200,0.5499748049281018,0.8397383720930232,0.6188189774898721,0.8260869565217391,0.4418604651162791,0.8847736625514403,0.5757575757575758,GSM2466448,0
ZFP28,ZFP,GSM3402700,C2H2 Zinc Finger,Gene Regulation,HEK293T,homo_sapiens,128260,GEO,0.996,0.0105543265413045,0,437,0.2739225712198685,36,38.6,37,10.17,7.5,96.5,1367,200,0.5943891589307624,0.8458889960060598,0.610226300397444,0.75,0.5255474452554745,0.9343657817109144,0.6180257510729614,GSM3402700,0
ZFP30,ZFP,GSM5215188,C2H2 Zinc Finger,Gene Regulation,K562,homo_sapiens,153179,GEO,0.993,0.0187122869670458,0,455,0.7236,40,55.04,56,11.7,20,83,7468,200,0.6399329850239752,0.9241087155640104,0.7940665957647877,0.822429906542056,0.5890227576974565,0.897943640517898,0.6864274570982839,GSM5215188,0
ZFP36L2,ZFP,GSM5215285,C2H2 Zinc Finger,Gene Regulation,Hep-G2,homo_sapiens,153388,GEO,0.996,0.0179598773325408,0,262,0.9264,35,60.03,61,9.64,18.5,90,12622,200,0.7274042060222488,0.9451081401256431,0.8931904358080269,0.8104524180967239,0.8232963549920761,0.8797729618163055,0.8168238993710691,GSM5215285,0
ZFP37,ZFP,GSM2423377,C2H2 Zinc Finger,Gene Regulation,HEK293,homo_sapiens,179678,GEO,0.996,0.0500666615324325,0,225,0.8672,40,56.68,58,11.32,14,85,15000,200,0.6864773391825615,0.9255574825909868,0.8254589195889244,0.8628673196794301,0.646,0.8958016428354122,0.7388486465878765,GSM2423377,0
ZFP41,ZFP,GSM5214029,C2H2 Zinc Finger,Gene Regulation,Hep-G2,homo_sapiens,145861,GEO,0.988,0.0455150649440141,0,432,0.9198,36,62.89,64,8.93,20.5,95.5,15000,200,0.7944632580412883,0.9685068299576072,0.9505869338403412,0.9048295454545454,0.8493333333333334,0.9006348330113166,0.8762035763411279,GSM5214029,0
ZFP57,ZFP,GSM3177154,C2H2 Zinc Finger,Gene Regulation,embryonic stem cell,homo_sapiens,103253,GEO,0.996,0.0413997499999896,0,4557,0.4732,37,52.39,52,10.23,21.5,84.5,15000,200,0.8874128771359036,0.9854180795679168,0.946593606965334,0.9117043121149896,0.888,0.9779559118236472,0.8996960486322189,GSM3177154,0
ZFP64,ZFP,GSM2026876,C2H2 Zinc Finger,Gene Regulation,HEK293,homo_sapiens,65123,GEO,0.986,0.1767117499999558,0,6269,0.9282,37,60.07,61,11.84,21,85,15000,200,0.7951185452446025,0.96502978515625,0.9189078340548036,0.8914327917282127,0.8046666666666666,0.921372408863474,0.8458304134548003,GSM2026876,0
ZFP69,ZFP,GSM2466453,C2H2 Zinc Finger,Gene Regulation,HEK293T,homo_sapiens,77189,GEO,0.99,0.0050239999999987,0,590,0.2817783343769568,36,39.56,38,9.72,21,96.5,1485,200,0.3822598635798149,0.8291296817492964,0.4508400043365981,0.5568181818181818,0.3288590604026846,0.9081295439524124,0.4135021097046413,GSM2466453,0
ZFP69B,ZFP,GSM2423392,C2H2 Zinc Finger,Gene Regulation,HEK293,homo_sapiens,179884,GEO,0.997,0.063418019276028,0,1301,0.8974,38,56.62,57.5,10.82,20,85.5,15000,200,0.686525495009151,0.9219633443429828,0.8106901709960027,0.7752808988764045,0.736,0.892282232586129,0.7551299589603283,GSM2423392,0
ZFP82,ZFP,GSM5215268,C2H2 Zinc Finger,Gene Regulation,Hep-G2,homo_sapiens,152954,GEO,0.991,0.0634641193198773,0,638,0.9306,36,63.59,65,10.59,19.5,95.5,15000,200,0.8054890480005509,0.9659107515017776,0.9403076400722664,0.8866758241758241,0.8606666666666667,0.911353401279924,0.8734776725304465,GSM5215268,0
ZFP90,ZFP,GSM2466454,C2H2 Zinc Finger,Gene Regulation,HEK293T,homo_sapiens,77188,GEO,0.996,0.0041179999999989,0,205,0.2388349514563106,36,40.23,37.5,9.71,21.5,96,893,200,0.5367769292305629,0.8664062822328882,0.6195033544739454,0.813953488372093,0.3932584269662921,0.9315673289183224,0.5303030303030303,GSM2466454,0
ZFX,Unknown/Other,GSM2825499,Unknown/Other,Gene Regulation,HEK293T,homo_sapiens,101235,GEO,0.976,0.3195479999999201,0,1597,0.9392,36,63.03,62.5,10.96,22,89.5,15000,200,0.7533043109691921,0.956945492662474,0.9120145543664698,0.8157724628312863,0.8413333333333334,0.8953581432573029,0.828355759763702,GSM2825499,0
ZFY,Unknown/Other,GSM5215350,Unknown/Other,Gene Regulation,Hep-G2,homo_sapiens,153042,GEO,0.99,0.2593902283517665,0,9619,0.9744,34,66.1,67,9.28,21,95.5,15000,200,0.8589767400884051,0.9837282913165266,0.9825695376357184,0.9412577747062888,0.908,0.9295641187618446,0.9243298269426536,GSM5215350,0
ZGLP1,Unknown/Other,GSM1050111,Unknown/Other,Gene Regulation,epithelial cell,homo_sapiens,34532,GEO,0.98,0.0027352499999993,0,126,0.3809523809523809,36,43.68,41.5,8.27,21.5,69,308,200,0.6500355753465031,0.89797165200391,0.6978434677838804,0.9375,0.4838709677419355,0.9423728813559322,0.6382978723404256,GSM1050111,0
ZGPAT,Unknown/Other,GSM2534339,Unknown/Other,Gene Regulation,Hep-G2,homo_sapiens,102571,GEO,0.98,0.1271032499999682,0,1464,0.9656,35,58.91,60.5,12.05,21.5,97.5,15000,200,0.7279347105189051,0.9460983856440104,0.8623232573770815,0.8169515669515669,0.7646666666666667,0.9033433687212804,0.7899449035812672,GSM2534339,0
ZHX2,Unknown/Other,GSM2974460,Unknown/Other,Gene Regulation,786-0,homo_sapiens,139308,GEO,0.975,0.1773105600073529,0,4841,0.9708,39,60.65,62.5,12.5,17.5,96.5,15000,200,0.7511503086589788,0.9518668744434552,0.8857605281118965,0.7983354673495519,0.8313333333333334,0.90520694259012,0.8145003265839321,GSM2974460,0
ZHX3,Unknown/Other,GSM2797668,Unknown/Other,Gene Regulation,Hep-G2,homo_sapiens,132601,GEO,0.996,0.0297829192330675,0,430,0.9346,35,59.47,60,10.74,18.5,95.5,15000,200,0.7612498391710553,0.9565501801338137,0.9013802503876857,0.8124199743918054,0.846,0.902710731526179,0.8288700195950359,GSM2797668,0
ZIC5,Unknown/Other,GSM3657691,Unknown/Other,Gene Regulation,HCT 116,homo_sapiens,127973,GEO,0.993,0.069794409936473,0,2512,0.96,34,70.04,71,8.38,17.5,90.5,15000,200,0.8954394989507457,0.9879721128608924,0.9912956743171456,0.9380982769623484,0.98,0.949523052464229,0.9585914574502772,GSM3657691,0
ZIK1,Unknown/Other,GSM5214712,Unknown/Other,Gene Regulation,Hep-G2,homo_sapiens,146209,GEO,0.987,0.0557689312490126,0,788,0.9352,36,64.67,66,9.78,21,96,15000,200,0.8332486152876325,0.9740467111534794,0.9657057678346824,0.9,0.906,0.9188438021122846,0.9029900332225914,GSM5214712,0
ZIM2,Unknown/Other,GSM2466456,Unknown/Other,Gene Regulation,HEK293T,homo_sapiens,77186,GEO,0.983,0.0021414999999994,0,136,0.4131944444444444,37,49.89,47,13.37,21,96.5,204,200,0.6979339752333342,0.9573170731707316,0.7657907793477596,0.7777777777777778,0.7,0.93006993006993,0.7368421052631579,GSM2466456,0
ZIM3,Unknown/Other,GSM2466457,Unknown/Other,Gene Regulation,HEK293T,homo_sapiens,73977,GEO,0.997,0.0426797499999893,0,5599,0.3728,36,39.87,39.5,7.37,20,97,15000,200,0.8854779296648255,0.9867041272998508,0.9510766820046406,0.885970531710442,0.922,0.9690905280804694,0.903626265926168,GSM2466457,0
ZKSCAN1,Unknown/Other,GSM2423103,Unknown/Other,Gene Regulation,Hep-G2,homo_sapiens,100782,GEO,0.996,0.0220919999999944,0,1687,0.7114,39,51.18,50,9.9,18,83,13261,200,0.7503480944012118,0.956539484357192,0.8774686682218044,0.804147465437788,0.7895927601809954,0.9243090007087172,0.7968036529680366,GSM2423103,0
ZKSCAN2,Unknown/Other,GSM2466458,Unknown/Other,Gene Regulation,HEK293T,homo_sapiens,77185,GEO,0.967,0.0049367499999987,0,229,0.6972408650260999,36,50.91,50.5,9.72,21,97,1219,200,0.6773642921819357,0.9089619685325064,0.788756277671299,0.8461538461538461,0.6311475409836066,0.9046849757673668,0.7230046948356808,GSM2466458,0
ZKSCAN3,Unknown/Other,GSM5215336,Unknown/Other,Gene Regulation,K562,homo_sapiens,153001,GEO,0.992,0.0177886517163017,0,380,0.4455825864276568,40,44.67,41.5,9.39,18.5,81.5,1554,200,0.5331794998895832,0.8670354187970624,0.6065027865441917,0.7444444444444445,0.432258064516129,0.9280622164614388,0.5469387755102041,GSM5215336,0
ZKSCAN4,Unknown/Other,GSM3402702,Unknown/Other,Gene Regulation,HEK293T,homo_sapiens,128258,GEO,0.996,0.0112015670104506,0,155,0.4402173913043478,36,43.79,42,8.49,7,96.5,549,200,0.7798707676320468,0.9268686868686868,0.8349318676166201,0.9487179487179488,0.6727272727272727,0.9603960396039604,0.7872340425531915,GSM3402702,0
ZKSCAN5,Unknown/Other,GSM5214972,Unknown/Other,Gene Regulation,Hep-G2,homo_sapiens,145446,GEO,0.988,0.0349817844333345,0,1057,0.8618,36,58.7,59.5,9.18,19.5,95.5,15000,200,0.7160366136844207,0.947304036841074,0.8906770136712732,0.8352769679300291,0.764,0.8816809465524276,0.7980501392757661,GSM5214972,0
ZKSCAN7,Unknown/Other,GSM3402701,Unknown/Other,Gene Regulation,HEK293T,homo_sapiens,128259,GEO,0.978,0.0086809299136632,0,162,0.443159922928709,36,47.59,43.5,11.97,7.5,96.5,516,200,0.682769273577642,0.9558848723659414,0.8091613818926067,0.8205128205128205,0.6153846153846154,0.9461077844311376,0.7032967032967034,GSM3402701,0
ZKSCAN8,Unknown/Other,GSM2534469,Unknown/Other,Gene Regulation,Hep-G2,homo_sapiens,101225,GEO,0.988,0.0693617499999826,0,883,0.9476,35,52.89,51.5,10.58,21.5,97.5,15000,200,0.676122519704913,0.9361118026740434,0.8174754610293763,0.7796735905044511,0.7006666666666667,0.8975837451949479,0.738061797752809,GSM2534469,0
ZNF10,ZNF,GSM2825086,C2H2 Zinc Finger,Gene Regulation,HEK293,homo_sapiens,100002,GEO,0.986,0.0448209999999888,0,1195,0.792,36,53.68,53,10.93,22,80.5,15000,200,0.673849341815642,0.9295053662111932,0.8028280824903483,0.7440273037542662,0.7266666666666667,0.9002160925384518,0.7352445193929174,GSM2825086,0
ZNF100,ZNF,GSM2466467,C2H2 Zinc Finger,Gene Regulation,HEK293T,homo_sapiens,77181,GEO,0.994,0.0104139999999973,0,1088,0.5854777070063695,36,59.38,55,15.34,21,97,3817,200,0.8445082880919852,0.9615718842149604,0.9108927015531708,0.9104046242774566,0.824607329842932,0.9616738365271804,0.8653846153846154,GSM2466467,0
ZNF101,ZNF,GSM2423517,C2H2 Zinc Finger,Gene Regulation,HEK293,homo_sapiens,179456,GEO,0.99,0.033678834197077,0,189,0.9186,37,54.94,55.5,11.35,20.5,80.5,15000,200,0.6081039408676686,0.8903457341269843,0.7585674479983011,0.7676767676767676,0.608,0.8743455497382199,0.6785714285714286,GSM2423517,0
ZNF112,ZNF,GSM2828848,C2H2 Zinc Finger,Gene Regulation,HEK293,homo_sapiens,102239,GEO,0.964,0.0094472499999976,0,168,0.4691383595691797,40,47.56,47.5,8.24,20,77,4690,200,0.729595391449007,0.9299863704922834,0.7985056225628108,0.8696883852691218,0.6545842217484008,0.9514359094092926,0.7469586374695864,GSM2828848,0
ZNF114,ZNF,GSM2466472,C2H2 Zinc Finger,Gene Regulation,HEK293T,homo_sapiens,77178,GEO,0.997,0.0026394999999993,0,219,0.478108581436077,36,51.41,49,13.39,21,95.5,441,200,0.7106690545187014,0.911242050130939,0.7543298977907767,0.7804878048780488,0.7272727272727273,0.926829268292683,0.7529411764705882,GSM2466472,0
ZNF12,ZNF,GSM2797671,C2H2 Zinc Finger,Gene Regulation,Hep-G2,homo_sapiens,132600,GEO,0.996,0.082799027940321,0,3367,0.782,35,52.52,50.5,10.79,22,95.5,15000,200,0.6996223450041599,0.9454035347551342,0.8309578187907342,0.7781740370898717,0.7273333333333334,0.9127484246243336,0.7518952446588559,GSM2797671,0
ZNF121,ZNF,GSM5215294,C2H2 Zinc Finger,Gene Regulation,Hep-G2,homo_sapiens,153410,GEO,0.981,0.1349164181448808,0,6354,0.6598,36,53.9,51.5,9.16,21.5,95.5,15000,200,0.7277660819186008,0.9610294194646244,0.8360273848107953,0.7930535455861071,0.7306666666666667,0.9409549888755776,0.7605829285218598,GSM5215294,0
ZNF124,ZNF,GSM5215048,C2H2 Zinc Finger,Gene Regulation,Hep-G2,homo_sapiens,153264,GEO,0.992,0.0490176920761464,0,555,0.9224,35,57.14,57,10.21,21,95.5,15000,200,0.751335852471188,0.9476272335181762,0.8796837544621097,0.8345021037868162,0.7933333333333333,0.9063143445435828,0.8133971291866029,GSM5215048,0
ZNF131,ZNF,GSM1959091,C2H2 Zinc Finger,Gene Regulation,HeLa,homo_sapiens,85994,GEO,0.914,0.0122082499999969,0,969,0.9604904632152588,39,55.7,55.5,9.32,20.5,83.5,2173,200,0.8045460050637442,0.942902527579947,0.913099772121839,0.903061224489796,0.815668202764977,0.9208053691275168,0.8571428571428571,GSM1959091,0
ZNF132,ZNF,GSM2466475,C2H2 Zinc Finger,Gene Regulation,HEK293T,homo_sapiens,77176,GEO,0.992,0.0032422499999991,0,216,0.6062846580406654,36,55.93,56,12.11,20.5,95.5,470,200,0.646546388689414,0.9289870885615568,0.8186473149231822,0.7272727272727273,0.6808510638297872,0.9039145907473308,0.7032967032967034,GSM2466475,0
ZNF133,ZNF,GSM2466476,C2H2 Zinc Finger,Gene Regulation,HEK293T,homo_sapiens,77175,GEO,0.996,0.0188797499999952,0,2270,0.3018,36,40.63,39,8.91,15,96,8103,200,0.7471087114676769,0.9533961146911846,0.8618263422346778,0.8427128427128427,0.7209876543209877,0.9421715863973762,0.7771124417831005,GSM2466476,0
ZNF134,ZNF,GSM5215175,C2H2 Zinc Finger,Gene Regulation,K562,homo_sapiens,153107,GEO,0.993,0.0265179483504341,0,1496,0.6194,40,50.52,48.5,10.69,20.5,82.5,7150,200,0.5354655855250926,0.8845420022795365,0.6702353100247573,0.7223382045929019,0.4839160839160839,0.8942267172355668,0.5795644891122278,GSM5215175,0
ZNF135,ZNF,GSM2466477,C2H2 Zinc Finger,Gene Regulation,HEK293T,homo_sapiens,77174,GEO,0.99,0.0061449999999984,0,578,0.2986942328618063,36,48.64,49,7.05,20.5,98,1737,200,0.7492874552789945,0.9012526155874682,0.7881888543509378,0.8814814814814815,0.6839080459770115,0.9484386347131444,0.7702265372168284,GSM2466477,0
ZNF136,ZNF,GSM2026789,C2H2 Zinc Finger,Gene Regulation,HEK293,homo_sapiens,65089,GEO,0.997,0.0054974999999986,0,348,0.1782077393075356,31,40.46,39.5,6.62,21,81,935,200,0.2857525427657099,0.8674495717048909,0.3965752750628258,0.5625,0.1914893617021276,0.8958333333333334,0.2857142857142857,GSM2026789,0
ZNF138,ZNF,GSM5215074,C2H2 Zinc Finger,Gene Regulation,Hep-G2,homo_sapiens,152779,GEO,0.985,0.047044820567219,0,620,0.938,36,64.21,65,9.48,21.5,95.5,15000,200,0.8311840459179771,0.9753425970292288,0.9677518485073558,0.9113233287858116,0.8906666666666667,0.918037357122944,0.9008766014834796,GSM5215074,0
ZNF140,ZNF,GSM2423519,C2H2 Zinc Finger,Gene Regulation,HEK293,homo_sapiens,179867,GEO,0.996,0.0201530713725059,0,516,0.4122,38,46.06,45.5,8.82,20,80,5254,200,0.7954538749878819,0.9612285444958928,0.8617008414344746,0.8417849898580122,0.7904761904761904,0.96329558766107,0.8153241650294696,GSM2423519,0
ZNF141,ZNF,GSM2466479,C2H2 Zinc Finger,Gene Regulation,HEK293T,homo_sapiens,77173,GEO,0.993,0.0250759999999937,0,2931,0.4624,36,58.91,58,10.25,21,95.5,7521,200,0.8904786002008124,0.9833929562067616,0.9588745721643558,0.9408450704225352,0.8882978723404256,0.9625,0.9138166894664844,GSM2466479,0
ZNF142,ZNF,GSM5214812,C2H2 Zinc Finger,Gene Regulation,Hep-G2,homo_sapiens,145401,GEO,0.992,0.0688749190680876,0,1032,0.946,35,63.62,64.5,10.11,21,95.5,15000,200,0.8066270965920856,0.9690752775521256,0.9495726199706446,0.91257225433526,0.842,0.9096415951539626,0.875866851595007,GSM5214812,0
ZNF143,ZNF,GSM2024873,C2H2 Zinc Finger,Gene Regulation,MCF-7,homo_sapiens,71042,GEO,0.741,0.8232322499997943,0,19856,0.951,37,59.9,60,11.35,21,95.5,15000,200,0.8439984427260209,0.9786356764928194,0.9410416893242936,0.865814696485623,0.9033333333333332,0.939932318104907,0.8841761827079935,GSM2024873,0
ZNF146,ZNF,GSM2423862,C2H2 Zinc Finger,Gene Regulation,HEK293,homo_sapiens,179517,GEO,0.997,0.058251251332226,0,3748,0.1312,37,40.36,39.5,5.81,21,77,15000,200,0.921761763923524,0.9899884744771098,0.9681328761521067,0.9330207635632952,0.9286666666666666,0.9839472663823188,0.9308386234547276,GSM2423862,0
ZNF148,ZNF,GSM2828724,C2H2 Zinc Finger,Gene Regulation,HEK293,homo_sapiens,100375,GEO,0.949,0.016012749999996,0,195,0.6916,40,53.59,52.5,10.82,9.5,79,10613,200,0.7684896614453215,0.9456206044382016,0.8633124587397891,0.8769574944071589,0.7389255419415646,0.9364323258869908,0.8020460358056266,GSM2828724,0
ZNF154,ZNF,GSM2466480,C2H2 Zinc Finger,Gene Regulation,HEK293T,homo_sapiens,77172,GEO,0.996,0.0041014999999989,0,232,0.2761506276150627,36,40.27,38,10.19,20.5,98,389,200,0.6005325641789633,0.8672490943959088,0.659139965665705,1,0.3846153846153846,0.94,0.5555555555555556,GSM2466480,0
ZNF155,ZNF,GSM2828365,C2H2 Zinc Finger,Gene Regulation,HEK293,homo_sapiens,102449,GEO,0.985,0.0087722499999978,0,140,0.5295670538542767,37,49.14,48.5,8.31,21,76.5,3671,200,0.8031863064866712,0.9503419314082172,0.8587384008775107,0.9072847682119204,0.7465940054495913,0.9625502940266172,0.8191330343796711,GSM2828365,0
ZNF157,ZNF,GSM2827556,C2H2 Zinc Finger,Gene Regulation,HEK293,homo_sapiens,100166,GEO,0.979,0.0223354999999944,0,1005,0.517,37,50.42,49.5,8.96,22,77,7086,200,0.7131707966824714,0.930944992947814,0.8308916326060863,0.7786032689450223,0.7390691114245416,0.9233769213122276,0.7583212735166426,GSM2827556,0
ZNF160,ZNF,GSM3402703,C2H2 Zinc Finger,Gene Regulation,HEK293T,homo_sapiens,128257,GEO,0.991,0.0270077480383561,0,2707,0.156,36,32.62,31,6.67,7,96.5,6255,200,0.8829231971552336,0.9665524984261998,0.9258836099516018,0.9514388489208632,0.8450479233226837,0.9749494949494948,0.8950930626057529,GSM3402703,0
ZNF165,ZNF,GSM5330712,C2H2 Zinc Finger,Gene Regulation,K-562,homo_sapiens,169878,GEO,0.994,0.0226380390948127,0,394,0.7484,40,57.28,59,11.87,20.5,81.5,6930,200,0.6833131950698582,0.9338294026148736,0.8292957131467866,0.8535645472061657,0.6392496392496393,0.9022781774580336,0.731023102310231,GSM5330712,0
ZNF169,ZNF,GSM5214930,C2H2 Zinc Finger,Gene Regulation,K562,homo_sapiens,145495,GEO,0.992,0.0197256556798196,0,429,0.7676,40,57.93,60.5,11.48,19.5,81.5,6971,200,0.6847095251243622,0.9369642491142798,0.8378111189664003,0.861271676300578,0.6413199426111909,0.8976803304734668,0.7351973684210527,GSM5214930,0
ZNF17,ZNF,GSM5214406,C2H2 Zinc Finger,Gene Regulation,Hep-G2,homo_sapiens,145637,GEO,0.987,0.0230606241231269,0,263,0.8936,36,62.58,64,9.28,20.5,95.5,12717,200,0.7823084704214619,0.9644918095273805,0.9409665471143824,0.8965224766751484,0.8309748427672956,0.8974124809741248,0.8625050999592003,GSM5214406,0
ZNF174,ZNF,GSM5214339,C2H2 Zinc Finger,Gene Regulation,K562,homo_sapiens,145885,GEO,0.985,0.0133244355466544,0,390,0.4435045317220544,40,45.27,41,10.86,20,81.5,1648,200,0.5788218771743723,0.8548629531388153,0.607859198845358,0.6387096774193548,0.6,0.9270771069934248,0.61875,GSM5214339,0
ZNF175,ZNF,GSM2423017,C2H2 Zinc Finger,Gene Regulation,HEK293,homo_sapiens,179787,GEO,0.996,0.0163814656703266,0,267,0.3895558223289316,37,47.85,47.5,8.02,19.5,76,3324,200,0.7994884733775273,0.9648978780931154,0.8906711736438441,0.8633333333333333,0.7801204819277109,0.9616161616161616,0.819620253164557,GSM2423017,0
ZNF177,ZNF,GSM5374142,C2H2 Zinc Finger,Gene Regulation,SK-N-SH,homo_sapiens,150883,GEO,0.992,0.0110512719777248,0,209,0.5346153846153846,37,45.94,41.5,11.08,20.5,82.5,1291,200,0.6279373732698174,0.8980159643871365,0.7369647455167354,0.75,0.6046511627906976,0.9178228388473852,0.6695278969957081,GSM5374142,0
ZNF18,ZNF,GSM2424220,C2H2 Zinc Finger,Gene Regulation,HEK293,homo_sapiens,179349,GEO,0.995,0.0472367539620371,0,1330,0.7638,38,51.51,51,9.69,20.5,78.5,15000,200,0.6528037855039295,0.9213308197989172,0.7885249464130553,0.7447118891320205,0.6806666666666666,0.9012625059552168,0.7112504353883664,GSM2424220,0
ZNF180,ZNF,GSM5214590,C2H2 Zinc Finger,Gene Regulation,Hep-G2,homo_sapiens,145784,GEO,0.992,0.0222706437899283,0,282,0.8924,34,61.15,62,8.83,21,95.5,11399,200,0.7660106260237189,0.9623733629849271,0.937611738623003,0.8516242317822651,0.8508771929824561,0.8916240409207161,0.8512505484861781,GSM5214590,0
ZNF181,ZNF,GSM2466486,C2H2 Zinc Finger,Gene Regulation,HEK293T,homo_sapiens,77166,GEO,0.994,0.0028737499999992,0,168,0.38860103626943,36,48.15,47,11.5,20.5,97.5,287,200,0.3385270369372688,0.8296681847755367,0.4634397529313908,0.6666666666666666,0.2068965517241379,0.91156462585034,0.3157894736842105,GSM2466486,0
ZNF182,ZNF,GSM2466487,C2H2 Zinc Finger,Gene Regulation,HEK293T,homo_sapiens,77165,GEO,0.973,0.0155252499999961,0,1278,0.3532,36,44.65,44.5,8.26,20.5,97,8998,200,0.6184859396322396,0.9293851215656111,0.7211649628474137,0.771875,0.5488888888888889,0.936559016205034,0.6415584415584416,GSM2466487,0
ZNF184,ZNF,GSM5214938,C2H2 Zinc Finger,Gene Regulation,K562,homo_sapiens,146197,GEO,0.995,0.0103924870359453,0,326,0.7335127860026918,34,58.52,61,13.07,21.5,95.5,2965,200,0.7252568710365221,0.9354199026612818,0.8434677854261736,0.9343434343434344,0.625,0.9225484072454716,0.7489878542510121,GSM5214938,0
ZNF189,ZNF,GSM3634423,C2H2 Zinc Finger,Gene Regulation,HEK293,homo_sapiens,177088,GEO,0.991,0.1057094225592285,0,2645,0.8312,40,53.78,54,11.8,9,88.5,15000,200,0.6898981296242119,0.9374365413461077,0.8174676261414469,0.7764020393299345,0.7106666666666667,0.911670044105376,0.7420814479638009,GSM3634423,0
ZNF19,ZNF,GSM2828504,C2H2 Zinc Finger,Gene Regulation,HEK293,homo_sapiens,100569,GEO,0.975,0.0065687499999983,0,124,0.6362777515351913,37,49.12,48.5,9.54,19.5,76.5,2020,200,0.698323305961502,0.914191419141914,0.8044528077693908,0.8543046357615894,0.6386138613861386,0.9251968503937008,0.7308781869688386,GSM2828504,0
ZNF195,ZNF,GSM3402704,C2H2 Zinc Finger,Gene Regulation,HEK293T,homo_sapiens,128256,GEO,0.967,0.0075104399164787,0,134,0.463768115942029,36,47.47,44,11.76,7.5,96.5,343,200,0.690728098572478,0.9032352941176472,0.7738349625911012,0.7666666666666667,0.6764705882352942,0.9461077844311376,0.71875,GSM3402704,0
ZNF197,ZNF,GSM2466491,C2H2 Zinc Finger,Gene Regulation,HEK293T,homo_sapiens,73971,GEO,0.988,0.0034289999999991,0,295,0.5172004744958482,36,50.14,48.5,12.72,21,97.5,749,200,0.4957526900497897,0.8600000000000001,0.6354540317120508,0.6379310344827587,0.4933333333333333,0.8831683168316832,0.556390977443609,GSM2466491,0
ZNF2,ZNF,GSM2466522,C2H2 Zinc Finger,Gene Regulation,HEK293T,homo_sapiens,73961,GEO,0.996,0.0115199999999971,0,787,0.7685972369819342,36,60.12,59.5,11.8,21,96.5,3655,200,0.7386904609559612,0.9412627551020408,0.8553628290477948,0.8168604651162791,0.7805555555555556,0.9075520833333334,0.7982954545454546,GSM2466522,0
ZNF20,ZNF,GSM5213968,C2H2 Zinc Finger,Gene Regulation,Hep-G2,homo_sapiens,149759,GEO,0.984,0.0193108401113101,0,368,0.8858,36,62.23,64.5,9.85,19.5,95.5,9044,200,0.7771726570680219,0.9609450506730306,0.9383314247577552,0.9152759948652118,0.7887168141592921,0.8989382618953992,0.8472964943553178,GSM5213968,0
ZNF202,ZNF,GSM2466493,C2H2 Zinc Finger,Gene Regulation,HEK293T,homo_sapiens,73970,GEO,0.99,0.059933499999985,0,1400,0.9362,37,72.07,73,7.24,21,97.5,12950,200,0.9487581676343833,0.9958189290181242,0.998428771930974,0.9883540372670808,0.983011583011583,0.9793526785714286,0.9856755710414248,GSM2466493,0
ZNF205,ZNF,GSM2466494,C2H2 Zinc Finger,Gene Regulation,HEK293T,homo_sapiens,77162,GEO,0.884,0.0034149999999991,0,131,0.3412462908011869,36,44.22,41,10.55,21,98,246,200,0.6316642775792317,0.8290169869117239,0.6342272886932206,0.9090909090909092,0.4761904761904761,0.9375,0.625,GSM2466494,0
ZNF207,ZNF,GSM2423041,C2H2 Zinc Finger,Gene Regulation,GM12878,homo_sapiens,100958,GEO,0.942,0.0433919999999891,0,98,0.9362,37,56.93,57.5,11.82,21.5,84,15000,200,0.6929070357920354,0.9214856801909308,0.8253007767149937,0.8513169073916738,0.668,0.8969056372549019,0.7485991781845349,GSM2423041,0
ZNF211,ZNF,GSM2466495,C2H2 Zinc Finger,Gene Regulation,HEK293T,homo_sapiens,77161,GEO,0.996,0.0033012499999991,0,175,0.2734530938123752,36,42.71,41,9.53,19,97.5,412,200,0.5952113925914401,0.8704146988419487,0.6417618188795089,0.8,0.4878048780487805,0.937799043062201,0.6060606060606061,GSM2466495,0
ZNF212,ZNF,GSM5213832,C2H2 Zinc Finger,Gene Regulation,K562,homo_sapiens,149837,GEO,0.992,0.0166457913921145,0,481,0.6803387139454882,40,53.11,50.5,13.33,21.5,81.5,3772,200,0.6048892114878136,0.90967385919697,0.7121525159789732,0.7692307692307693,0.5570291777188329,0.907704654895666,0.6461538461538462,GSM5213832,0
ZNF213,ZNF,GSM3402721,C2H2 Zinc Finger,Gene Regulation,HEK293T,homo_sapiens,128195,GEO,0.988,0.0087898427151758,0,118,0.4624413145539906,35,42.07,40.5,8.5,18.5,95.5,420,200,0.7399696893607897,0.9269932756964456,0.8214936793785536,0.875,0.6666666666666666,0.9537275064267352,0.7567567567567568,GSM3402721,0
ZNF214,ZNF,GSM2466498,C2H2 Zinc Finger,Gene Regulation,HEK293T,homo_sapiens,73969,GEO,0.994,0.0026839999999993,0,136,0.374074074074074,37,45.3,41,11.25,20.5,96.5,195,200,0.4702699715629801,0.8908695652173912,0.6750167538607419,1,0.25,0.8888888888888888,0.4,GSM2466498,0
ZNF215,ZNF,GSM5215784,C2H2 Zinc Finger,Gene Regulation,K562,homo_sapiens,153105,GEO,0.985,0.0229273195577531,0,680,0.764,40,49.38,47.5,10.49,19,82,7677,200,0.4381071816183704,0.8302617683321206,0.5744594767006467,0.5954465849387041,0.4427083333333333,0.8652627274585974,0.5078416728902165,GSM5215784,0
ZNF217,ZNF,GSM5214302,C2H2 Zinc Finger,Gene Regulation,Hep-G2,homo_sapiens,145629,GEO,0.976,0.1386990149384936,0,5035,0.955,36,55.43,54,9.94,21.5,95.5,15000,200,0.7097190567686318,0.944001986981843,0.841085129668311,0.8167655786350149,0.734,0.8985074626865671,0.7731741573033708,GSM5214302,0
ZNF219,ZNF,GSM2797674,C2H2 Zinc Finger,Gene Regulation,Hep-G2,homo_sapiens,132758,GEO,0.995,0.1569930089167555,0,8043,0.975,36,52.55,50.5,10.92,22,84,15000,200,0.710563828557665,0.949545888997502,0.8305970786271056,0.8053293856402665,0.7253333333333334,0.9116260801256874,0.763240968081375,GSM2797674,0
ZNF22,ZNF,GSM2026767,C2H2 Zinc Finger,Gene Regulation,HEK293,homo_sapiens,65178,GEO,0.993,0.0695812499999826,0,1328,0.3524,38,38.61,38.5,6.72,18.5,66.5,15000,200,0.8599845444860282,0.9628406462585032,0.9199235809664708,0.9023028611304956,0.862,0.962847965738758,0.881691101261507,GSM2026767,0
ZNF221,ZNF,GSM6372563,C2H2 Zinc Finger,Gene Regulation,Hep-G2,homo_sapiens,163700,GEO,0.985,0.0725638160214793,0,694,0.9414,36,60.22,61.5,9.95,20.5,95.5,15000,200,0.7399739074853108,0.948552942406188,0.9073441504877532,0.8334475668265936,0.8106666666666666,0.8876092983578588,0.8218992903007772,GSM6372563,0
ZNF222,ZNF,GSM2466499,C2H2 Zinc Finger,Gene Regulation,HEK293T,homo_sapiens,77158,GEO,0.978,0.0054402499999986,0,419,0.8115183246073299,36,53.34,51.5,10.57,21,97.5,1623,200,0.4939157853570424,0.8786921456824369,0.6514661116591576,0.5961538461538461,0.5740740740740741,0.8505096262740657,0.5849056603773585,GSM2466499,0
ZNF223,ZNF,GSM2466500,C2H2 Zinc Finger,Gene Regulation,HEK293T,homo_sapiens,77157,GEO,0.99,0.0059204999999985,0,213,0.4508928571428571,35,44.39,42,8.54,22.5,95.5,524,200,0.7286610163563536,0.9184059922571958,0.7672342214094952,0.9142857142857144,0.6153846153846154,0.9548133595284872,0.735632183908046,GSM2466500,0
ZNF224,ZNF,GSM5214928,C2H2 Zinc Finger,Gene Regulation,Hep-G2,homo_sapiens,145932,GEO,0.974,0.0643284270641863,0,363,0.9242,36,61.89,62,8.71,20,95.5,15000,200,0.7618675127066683,0.96328033126294,0.9417553217639822,0.890521675238795,0.808,0.8883780332056194,0.847256204124432,GSM5214928,0
ZNF225,ZNF,GSM5330617,C2H2 Zinc Finger,Gene Regulation,HepG2,homo_sapiens,153516,GEO,0.983,0.1723878092345152,0,1464,0.8866,36,64.81,64.5,7.71,19.5,95.5,15000,200,0.853655567661767,0.977116259653517,0.9703338175933612,0.8817852834740652,0.9746666666666668,0.9244430093639006,0.9259024699176694,GSM5330617,0
ZNF227,ZNF,GSM5331230,C2H2 Zinc Finger,Gene Regulation,MCF-7,homo_sapiens,146825,GEO,0.992,0.0149444705458942,0,347,0.6999334664005322,39,58.34,62.5,15.53,18.5,82.5,2999,200,0.7559840175541652,0.958359721342622,0.8618212527530331,0.8616600790513834,0.7266666666666667,0.9377328366152208,0.7884267631103075,GSM5331230,0
ZNF23,ZNF,GSM5215019,C2H2 Zinc Finger,Gene Regulation,K562,homo_sapiens,152894,GEO,0.991,0.0145056362577823,0,483,0.6670511341791618,40,47.58,45.5,10.28,20.5,77.5,2593,200,0.4143742043791487,0.8312550173936313,0.540803547488891,0.7264150943396226,0.2972972972972973,0.8810597519729425,0.421917808219178,GSM5215019,0
ZNF230,ZNF,GSM5214470,C2H2 Zinc Finger,Gene Regulation,Hep-G2,homo_sapiens,145452,GEO,0.976,0.0713605323463333,0,799,0.9286,37,62.32,63,9.3,20.5,95.5,15000,200,0.764548696603119,0.9592955465587044,0.9329604256172388,0.8673116793365584,0.8366666666666667,0.8899244332493703,0.8517136070580251,GSM5214470,0
ZNF232,ZNF,GSM5214562,C2H2 Zinc Finger,Gene Regulation,Hep-G2,homo_sapiens,146099,GEO,0.99,0.0852073628076167,0,1321,0.9532,34,60.64,61.5,9.82,21,95.5,15000,200,0.7475988363535979,0.951489565514882,0.9135904134813172,0.8859111791730475,0.7713333333333333,0.8887632828397015,0.8246614397719173,GSM5214562,0
ZNF234,ZNF,GSM5214412,C2H2 Zinc Finger,Gene Regulation,Hep-G2,homo_sapiens,146009,GEO,0.99,0.0349093742915776,0,334,0.9044,36,64.15,65.5,9.61,20,95.5,15000,200,0.8366243180748987,0.974757589219606,0.9623015011079528,0.9241040056219256,0.8766666666666667,0.9218874966675552,0.8997605200136846,GSM5214412,0
ZNF235,ZNF,GSM2466503,C2H2 Zinc Finger,Gene Regulation,HEK293T,homo_sapiens,77156,GEO,0.995,0.0031287499999992,0,132,0.3489208633093525,36,43.91,40.5,10.79,21,96.5,191,200,0.5870451715402795,0.8588235294117648,0.6384771054393849,0.8,0.4705882352941176,0.9427083333333334,0.5925925925925926,GSM2466503,0
ZNF239,ZNF,GSM5215600,C2H2 Zinc Finger,Gene Regulation,K562,homo_sapiens,153094,GEO,0.992,0.0366883568806883,0,1486,0.7076,40,51.24,49,11.26,19.5,83,15000,200,0.5882366236279486,0.8988266631092139,0.6934977786544843,0.6652949245541838,0.6466666666666666,0.8868385949310805,0.6558485463150777,GSM5215600,0
ZNF24,ZNF,GSM2827518,C2H2 Zinc Finger,Gene Regulation,K562,homo_sapiens,100991,GEO,0.973,0.1095637499999726,0,2690,0.7288,38,48.01,47.5,9.02,19.5,79,15000,200,0.6138787627412006,0.9030079978310964,0.75393921198274,0.7542087542087542,0.5973333333333334,0.8990649994367467,0.6666666666666666,GSM2827518,0
ZNF248,ZNF,GSM2466504,C2H2 Zinc Finger,Gene Regulation,HEK293T,homo_sapiens,77155,GEO,0.992,0.0178429999999955,0,2123,0.0786,38,35.28,35,5.85,20.5,96.5,8312,200,0.9233158890488344,0.9852747190949424,0.964479785702031,0.9546027742749056,0.910950661853189,0.9836722576814606,0.9322660098522167,GSM2466504,0
ZNF25,ZNF,GSM5215289,C2H2 Zinc Finger,Gene Regulation,Hep-G2,homo_sapiens,153178,GEO,0.986,0.0293686563977141,0,354,0.9054,36,58.84,59.5,8.94,20.5,95.5,15000,200,0.7208743360623636,0.9430203497615262,0.8914985015885536,0.8736176935229067,0.7373333333333333,0.8807319698600646,0.7997107736804049,GSM5215289,0
ZNF250,ZNF,GSM2026762,C2H2 Zinc Finger,Gene Regulation,HEK293,homo_sapiens,65181,GEO,0.995,0.0034309999999991,0,195,0.2225913621262458,37,38.48,37,6.86,22,78.5,841,200,0.7627120343491284,0.9550691244239632,0.8415198500771507,0.8923076923076924,0.6904761904761905,0.9569190600522192,0.7785234899328859,GSM2026762,0
ZNF251,ZNF,GSM3402706,C2H2 Zinc Finger,Gene Regulation,HEK293T,homo_sapiens,128254,GEO,0.993,0.0523039765418616,0,6922,0.3894,36,42.26,39.5,10.29,7,96.5,15000,200,0.7951003745546814,0.9668449662041978,0.8815900851680624,0.8633633633633634,0.7666666666666667,0.9657987785278046,0.8121468926553672,GSM3402706,0
ZNF253,ZNF,GSM5214373,C2H2 Zinc Finger,Gene Regulation,K562,homo_sapiens,145650,GEO,0.992,0.0171553466739912,0,404,0.3576923076923077,40,43.27,40.5,8.95,19.5,75.5,1552,200,0.6020458016684949,0.8993283511493709,0.6503763573193334,0.6762589928057554,0.6064516129032258,0.9302172481895984,0.6394557823129252,GSM5214373,0
ZNF254,ZNF,GSM2466505,C2H2 Zinc Finger,Gene Regulation,HEK293T,homo_sapiens,77154,GEO,0.992,0.0046577499999988,0,454,0.2547008547008547,36,48.8,49,6.66,21,95.5,1059,200,0.7139459093264072,0.9313169757335276,0.8237063151730726,0.953125,0.5754716981132075,0.9403726708074536,0.7176470588235294,GSM2466505,0
ZNF256,ZNF,GSM5215271,C2H2 Zinc Finger,Gene Regulation,Hep-G2,homo_sapiens,153167,GEO,0.992,0.0278228307852327,0,375,0.9222,34,60.78,62,9.27,21,95.5,15000,200,0.760026161007288,0.9557266739846324,0.9243473503472373,0.8698435277382646,0.8153333333333334,0.8913300259862982,0.8417068134893324,GSM5215271,0
ZNF257,ZNF,GSM2466506,C2H2 Zinc Finger,Gene Regulation,HEK293T,homo_sapiens,73966,GEO,0.953,0.0659724999999835,0,5056,0.6802,37,55.85,54,10.59,21,98,15000,200,0.8403545480402813,0.97650220840831,0.9312902799059336,0.8797554347826086,0.8633333333333333,0.949822671745698,0.8714670255720054,GSM2466506,0
ZNF26,ZNF,GSM2825194,C2H2 Zinc Finger,Gene Regulation,HEK293,homo_sapiens,101059,GEO,0.973,0.0087599999999978,0,445,0.452446588559614,37,44.83,45,9.13,22,73,2798,200,0.5329724208713464,0.8360263247475321,0.5869681870434549,0.6234309623430963,0.5321428571428571,0.9210150107219442,0.5741811175337187,GSM2825194,0
ZNF260,ZNF,GSM2026812,C2H2 Zinc Finger,Gene Regulation,HEK293,homo_sapiens,65157,GEO,0.992,0.0071139999999982,0,746,0.2858151023288638,37,42.04,40,8.86,22,77,4182,200,0.7832019447894353,0.9734964775027002,0.8930010834729031,0.7662337662337663,0.84688995215311,0.9594435274699364,0.8045454545454546,GSM2026812,0
ZNF263,ZNF,GSM5214687,C2H2 Zinc Finger,Gene Regulation,Hep-G2,homo_sapiens,146258,GEO,0.992,0.1314350200320043,0,4323,0.902,35,61.91,62,9.14,20.5,95.5,15000,200,0.8333815380628092,0.972418459131795,0.9532990606352244,0.895263509006004,0.8946666666666667,0.9223564210007394,0.8949649883294432,GSM5214687,0
ZNF264,ZNF,GSM5214155,C2H2 Zinc Finger,Gene Regulation,Hep-G2,homo_sapiens,145891,GEO,0.995,0.051182938453997,0,1147,0.9076,35,56.44,56,10.19,17.5,95.5,15000,200,0.7197390638285565,0.9483443392919734,0.870720540918311,0.7749838813668601,0.8013333333333333,0.8965627498001598,0.7879383808587348,GSM5214155,0
ZNF266,ZNF,GSM2827472,C2H2 Zinc Finger,Gene Regulation,HEK293,homo_sapiens,101213,GEO,0.983,0.0098122499999975,0,312,0.4973736047275114,37,47.89,47.5,9.47,20,76.5,2973,200,0.7471028400370598,0.9306915406301438,0.8034779975422542,0.8287937743190662,0.7171717171717171,0.9559076817085772,0.7689530685920578,GSM2827472,0
ZNF267,ZNF,GSM2466511,C2H2 Zinc Finger,Gene Regulation,HEK293T,homo_sapiens,77152,GEO,0.992,0.0062317499999984,0,683,0.3943254198031268,36,50.07,47.5,9.45,21,98,1637,200,0.7234939840083561,0.9631998025377556,0.8379309500413546,0.875,0.6402439024390244,0.9506008010680908,0.7394366197183099,GSM2466511,0
ZNF273,ZNF,GSM2466513,C2H2 Zinc Finger,Gene Regulation,HEK293T,homo_sapiens,77150,GEO,0.972,0.0258917499999935,0,1595,0.742,37,61.5,60.5,11.76,21.5,98,8909,200,0.8016267610641159,0.963014576754168,0.9095735443035894,0.844542447629548,0.8597081930415263,0.9247098782904049,0.8520578420467185,GSM2466513,0
ZNF274,ZNF,GSM5214790,C2H2 Zinc Finger,Gene Regulation,Hep-G2,homo_sapiens,146235,GEO,0.984,0.1436288684427291,0,1669,0.9448,36,65.89,66.5,8,20.5,95.5,15000,200,0.8646667840897908,0.98353704978206,0.9826318305007168,0.9242819843342036,0.944,0.9322722654927192,0.934036939313984,GSM5214790,0
ZNF276,ZNF,GSM5214414,C2H2 Zinc Finger,Gene Regulation,Hep-G2,homo_sapiens,145789,GEO,0.974,0.0559244143265685,0,495,0.9334,36,62.37,63,9.63,21,95.5,15000,200,0.774340544192959,0.9631076403041124,0.939090821479287,0.8565656565656565,0.8606224627875507,0.8944052419354839,0.8585892676341546,GSM5214414,0
ZNF28,ZNF,GSM2466521,C2H2 Zinc Finger,Gene Regulation,HEK293T,homo_sapiens,77143,GEO,0.995,0.0382954999999904,0,2927,0.4652,36,56.03,55.5,11.47,21,96.5,12233,200,0.8012065652769061,0.9686438744800938,0.9063439759917056,0.8057228915662651,0.874897792313982,0.9374524425506012,0.8388867110936887,GSM2466521,0
ZNF280A,ZNF,GSM2026795,C2H2 Zinc Finger,Gene Regulation,HEK293,homo_sapiens,65073,GEO,0.946,0.0217037499999945,0,2581,0.5898,37,42.77,41,11.19,21,82.5,10373,200,0.627716223504474,0.9099711687953872,0.715911626248199,0.7206896551724138,0.6046287367405979,0.9397434714404356,0.6575773466177242,GSM2026795,0
ZNF280B,ZNF,GSM5215277,C2H2 Zinc Finger,Gene Regulation,Hep-G2,homo_sapiens,153217,GEO,0.986,0.1830063462628245,0,2080,0.9146,36,64.97,65,7.75,20,95.5,15000,200,0.8711427112530746,0.9814143692564744,0.9767330932338028,0.9209844559585492,0.948,0.9354005167958656,0.9342969776609724,GSM5215277,0
ZNF280C,ZNF,GSM2825102,C2H2 Zinc Finger,Gene Regulation,HEK293,homo_sapiens,102580,GEO,0.991,0.0084709999999978,0,122,0.4623489308955686,37,49.38,49,7.96,22,77,3137,200,0.7876275998909092,0.9613221589004358,0.8808464346349777,0.8187702265372169,0.8057324840764332,0.9564894012644104,0.812199036918138,GSM2825102,0
ZNF280D,ZNF,GSM5214076,C2H2 Zinc Finger,Gene Regulation,Hep-G2,homo_sapiens,146257,GEO,0.992,0.0655719837432272,0,524,0.8966,36,56.4,56.5,10.2,18,95.5,15000,200,0.6515476634774278,0.9212946278317152,0.806907363680909,0.776416539050536,0.676,0.8830075187969925,0.7227369921596579,GSM5214076,0
ZNF281,ZNF,GSM5213849,C2H2 Zinc Finger,Gene Regulation,Hep-G2,homo_sapiens,149785,GEO,0.994,0.116493784337642,0,7017,0.9414,34,58.1,58,10.2,22,95.5,15000,200,0.7674914281460835,0.9621283516483516,0.9029077658632272,0.8180628272251309,0.8333333333333334,0.9127272727272728,0.8256274768824307,GSM5213849,0
ZNF282,ZNF,GSM2466516,C2H2 Zinc Finger,Gene Regulation,HEK293T,homo_sapiens,77148,GEO,0.996,0.0214817499999946,0,1362,0.8422,36,67.11,68,10.02,20.5,97.5,6243,200,0.8775071148176136,0.9806461538461538,0.9712930950059548,0.9470198675496688,0.9152,0.9395017793594306,0.9308380797396256,GSM2466516,0
ZNF283,ZNF,GSM2466517,C2H2 Zinc Finger,Gene Regulation,HEK293T,homo_sapiens,77147,GEO,0.937,0.0062494999999984,0,311,0.6491228070175439,36,57.45,55,13.29,22.5,87,751,200,0.7629827613743203,0.9339267015706806,0.8576573207260008,0.8285714285714286,0.7733333333333333,0.936542669584245,0.8,GSM2466517,0
ZNF284,ZNF,GSM2466518,C2H2 Zinc Finger,Gene Regulation,HEK293T,homo_sapiens,77146,GEO,0.993,0.027641499999993,0,2611,0.2292,36,48.46,48.5,4.32,20.5,98,15000,200,0.921109857474188,0.9954193453258626,0.98394205953938,0.8960880195599022,0.9773333333333334,0.9753682685341704,0.9349489795918368,GSM2466518,0
ZNF285,ZNF,GSM2466519,C2H2 Zinc Finger,Gene Regulation,HEK293T,homo_sapiens,77145,GEO,0.926,0.0022127499999994,0,113,0.3859649122807017,36,47.7,44.25,12.13,21,96.5,160,200,0.795099935886035,0.9535353535353536,0.8716384863123996,1,0.6666666666666666,0.953125,0.8,GSM2466519,0
ZNF287,ZNF,GSM2466520,C2H2 Zinc Finger,Gene Regulation,HEK293T,homo_sapiens,77144,GEO,0.998,0.0051277499999987,0,286,0.2528089887640449,35,41.25,40,8.57,18.5,97.5,2329,200,0.4560835714684456,0.849828510908184,0.4891027352642434,0.6518518518518519,0.3776824034334764,0.9173838209982788,0.4782608695652174,GSM2466520,0
ZNF292,ZNF,GSM2423198,C2H2 Zinc Finger,Gene Regulation,HEK293,homo_sapiens,179814,GEO,0.993,0.0165716918681313,0,283,0.4024280575539568,37,46.22,45.5,8.87,21,80,2218,200,0.7551170121518751,0.9621327697454056,0.8507490639816471,0.8307692307692308,0.7297297297297297,0.9568044588945656,0.7769784172661871,GSM2423198,0
ZNF296,ZNF,GSM5214706,C2H2 Zinc Finger,Gene Regulation,Hep-G2,homo_sapiens,145330,GEO,0.988,0.0729068112731063,0,438,0.9158,36,62.49,63,8.49,20.5,95.5,15000,200,0.8005200068100483,0.9684694457603032,0.9499969831785826,0.8626582278481013,0.9086666666666666,0.9019662143450567,0.8850649350649351,GSM5214706,0
ZNF3,ZNF,GSM2825550,C2H2 Zinc Finger,Gene Regulation,Hep-G2,homo_sapiens,101783,GEO,0.993,0.023890249999994,0,1053,0.8556,36,52.15,50.5,10.25,21.5,84.5,15000,200,0.6473071219853231,0.9300143043591752,0.7921004194346872,0.6953517587939698,0.738,0.8886493341788205,0.7160413971539457,GSM2825550,0
ZNF30,ZNF,GSM5214975,C2H2 Zinc Finger,Gene Regulation,Hep-G2,homo_sapiens,145631,GEO,0.99,0.0347502479698357,0,377,0.9072,36,64.19,65.5,9,20,95.5,15000,200,0.8649865289395837,0.980614170526677,0.9743954951074264,0.9183673469387756,0.93,0.933488237002614,0.9241470685657502,GSM5214975,0
ZNF300,ZNF,GSM2827237,C2H2 Zinc Finger,Gene Regulation,HEK293,homo_sapiens,101576,GEO,0.936,0.0066824999999983,0,140,0.5543147208121827,40,48.39,48,9.11,21.5,76.5,2842,200,0.7071056729833434,0.8999606479578053,0.7723259642724616,0.8523809523809524,0.6302816901408451,0.9492915734526473,0.7246963562753036,GSM2827237,0
ZNF302,ZNF,GSM5215455,C2H2 Zinc Finger,Gene Regulation,A549,homo_sapiens,152841,GEO,0.989,0.0144078947532866,0,394,0.5514824797843666,40,47.81,42,12.19,12,82,1846,200,0.7006903687843336,0.92270692201308,0.7871468501015813,0.8064516129032258,0.6756756756756757,0.9327354260089686,0.7352941176470589,GSM5215455,0
ZNF304,ZNF,GSM2466525,C2H2 Zinc Finger,Gene Regulation,HEK293T,homo_sapiens,77140,GEO,0.997,0.0062564999999984,0,824,0.455846077947706,36,52.57,51,9.41,21,97.5,1913,200,0.7054369145825847,0.9518889626756972,0.8196185583869096,0.7823529411764706,0.6963350785340314,0.9412855377008652,0.7368421052631579,GSM2466525,0
ZNF311,ZNF,GSM2466527,C2H2 Zinc Finger,Gene Regulation,HEK293T,homo_sapiens,77139,GEO,0.996,0.0030914999999992,0,166,0.5246753246753246,36,54.74,56,15.2,21,96.5,297,200,0.7053009189406806,0.9069105691056912,0.7286316017049974,0.8333333333333334,0.6666666666666666,0.9278350515463918,0.7407407407407407,GSM2466527,0
ZNF316,ZNF,GSM2423115,C2H2 Zinc Finger,Gene Regulation,K562,homo_sapiens,100129,GEO,0.975,0.1828709999999543,0,24163,0.7824,37,40.33,39.5,9.26,17.5,78.5,15000,200,0.8756125415354991,0.9750501730103804,0.9463346049110732,0.8822006472491909,0.9086666666666666,0.966743119266055,0.8952380952380953,GSM2423115,0
ZNF317,ZNF,GSM5213938,C2H2 Zinc Finger,Gene Regulation,Hep-G2,homo_sapiens,149820,GEO,0.985,0.0834952553857996,0,2449,0.8102,36,55.54,56,11.61,21,95.5,15000,200,0.6618788494760273,0.9323173045469412,0.8022260732172609,0.7856579984239559,0.6646666666666666,0.898213816653533,0.7201155651859877,GSM5213938,0
ZNF318,ZNF,GSM5214549,C2H2 Zinc Finger,Gene Regulation,Hep-G2,homo_sapiens,145561,GEO,0.98,0.0624840495426983,0,479,0.9116,37,62.19,62.5,9.63,20.5,95.5,15000,200,0.7823657420527113,0.961654787878788,0.9309081247802796,0.8468992248062015,0.874,0.8997647058823529,0.860236220472441,GSM5214549,0
ZNF319,ZNF,GSM5214035,C2H2 Zinc Finger,Gene Regulation,K562,homo_sapiens,145936,GEO,0.993,0.0273431634095819,0,1407,0.7,40,51.32,49,10.99,19,82,6507,200,0.8077810732071936,0.967396996522388,0.9039086612726432,0.8353658536585366,0.8417818740399385,0.9482843137254902,0.8385615914307575,GSM5214035,0
ZNF320,ZNF,GSM2466529,C2H2 Zinc Finger,Gene Regulation,HEK293T,homo_sapiens,73958,GEO,0.998,0.0094279999999976,0,1289,0.5121598844209005,36,53.71,52.5,10.09,21,97.5,3993,200,0.7746704883910408,0.9620968787793792,0.883598851805434,0.7995226730310262,0.8395989974937343,0.928190198932557,0.8190709046454768,GSM2466529,0
ZNF322,ZNF,GSM2026819,C2H2 Zinc Finger,Gene Regulation,HEK293,homo_sapiens,65166,GEO,0.939,0.0050184999999987,0,606,0.7222222222222222,37,51.57,51,10.37,22,82.5,1673,200,0.7285283608326448,0.952441890412723,0.8610824025364975,0.7379679144385026,0.8263473053892215,0.9143798024149288,0.7796610169491526,GSM2026819,0
ZNF324,ZNF,GSM2423938,C2H2 Zinc Finger,Gene Regulation,HEK293,homo_sapiens,179710,GEO,0.997,0.0408631148012064,0,303,0.8866,37,55.79,56,10.95,20.5,81.5,15000,200,0.694299311010779,0.9230319103844988,0.8066535956711176,0.8217115689381933,0.6913333333333334,0.9017844396859386,0.7509051412020276,GSM2423938,0
ZNF324B,ZNF,GSM2466530,C2H2 Zinc Finger,Gene Regulation,HEK293T,homo_sapiens,77138,GEO,0.996,0.0025834999999993,0,140,0.3442028985507246,36,47.17,42.5,12.34,21,97,185,200,0.4544381907354639,0.8197674418604651,0.4434666604715268,0.75,0.3157894736842105,0.9214659685863874,0.4444444444444444,GSM2466530,0
ZNF326,ZNF,GSM5214117,C2H2 Zinc Finger,Gene Regulation,Hep-G2,homo_sapiens,145779,GEO,0.996,0.013037364162355,0,180,0.881,35,58.86,60.5,10.01,17,95.5,5040,200,0.7189733443327493,0.9386200716845878,0.8674028189930234,0.813953488372093,0.7762096774193549,0.8889508928571429,0.7946336429308566,GSM5214117,0
ZNF329,ZNF,GSM2026823,C2H2 Zinc Finger,Gene Regulation,HEK293,homo_sapiens,65060,GEO,0.993,0.0046727499999988,0,572,0.5343811394891945,37,50.31,48.5,9.72,22,79.5,1451,200,0.7470072002688994,0.9634344481894392,0.8786299287837689,0.7733333333333333,0.8,0.9331919406150584,0.7864406779661017,GSM2026823,0
ZNF331,ZNF,GSM2797677,C2H2 Zinc Finger,Gene Regulation,Hep-G2,homo_sapiens,132598,GEO,0.996,0.1117741518259097,0,2620,0.8932,34,56.4,55.5,10.61,21.5,95.5,15000,200,0.6808964477704624,0.9354238683127571,0.8320590098597969,0.8368376787216149,0.6633333333333333,0.8928242870285189,0.740052063964299,GSM2797677,0
ZNF333,ZNF,GSM5214755,C2H2 Zinc Finger,Gene Regulation,Hep-G2,homo_sapiens,145293,GEO,0.984,0.0753272029046418,0,549,0.9154,36,65.7,67,8.93,19.5,95.5,15000,200,0.8699056695913144,0.98367258834766,0.9810506334128888,0.9271523178807948,0.9333333333333332,0.9352850539291218,0.9302325581395348,GSM5214755,0
ZNF334,ZNF,GSM2466534,C2H2 Zinc Finger,Gene Regulation,HEK293T,homo_sapiens,77136,GEO,0.763,0.003928499999999,0,48,0.3528742174160501,35,49.14,48,12,21.5,96.5,1691,200,0.4036912098064159,0.8209401709401709,0.5328366302237423,0.75,0.2662721893491124,0.88871096877502,0.3930131004366812,GSM2466534,0
ZNF335,ZNF,GSM2423319,C2H2 Zinc Finger,Gene Regulation,HEK293,homo_sapiens,179643,GEO,0.994,0.236837039392571,0,6408,0.9578,36,58.81,60,10.59,21,85.5,15000,200,0.7160831569449163,0.9278317543859648,0.8609368491218883,0.8437025796661608,0.7413333333333333,0.8879245283018868,0.7892122072391767,GSM2423319,0
ZNF337,ZNF,GSM5214174,C2H2 Zinc Finger,Gene Regulation,Hep-G2,homo_sapiens,145634,GEO,0.985,0.0409735037742203,0,619,0.8802,36,59.85,61,10.75,19.5,95.5,15000,200,0.7605525856226993,0.9534864165588616,0.8747634299050936,0.8097964376590331,0.8486666666666667,0.9019571295433364,0.8287760416666666,GSM5214174,0
ZNF33A,ZNF,GSM5214619,C2H2 Zinc Finger,Gene Regulation,Hep-G2,homo_sapiens,146048,GEO,0.98,0.0322592987141511,0,188,0.92,36,57.76,58.5,10.25,20,95.5,15000,200,0.6997468104503074,0.9357513046314416,0.8658679597465736,0.8143800440205429,0.74,0.8849319971367215,0.7754104086622424,GSM5214619,0
ZNF33B,ZNF,GSM5214279,C2H2 Zinc Finger,Gene Regulation,Hep-G2,homo_sapiens,145431,GEO,0.986,0.034941347515276,0,324,0.9072,36,63.14,64.5,8.85,20,95.5,15000,200,0.7904568640033018,0.9663983050847458,0.9509959636486144,0.8992248062015504,0.8506666666666667,0.8987306843267108,0.8742720109626585,GSM5214279,0
ZNF34,ZNF,GSM5331303,C2H2 Zinc Finger,Gene Regulation,HepG2,homo_sapiens,147052,GEO,0.98,0.036091370609125,0,281,0.9158,36,60.27,61,10.62,19.5,95.5,15000,200,0.7623201575935369,0.9535400340715504,0.906963649348542,0.8615494978479197,0.8006666666666666,0.902031063321386,0.8299930891499654,GSM5331303,0
ZNF341,ZNF,GSM2423128,C2H2 Zinc Finger,Gene Regulation,HEK293,homo_sapiens,179725,GEO,0.995,0.1178337317006353,0,6116,0.9438,37,60.3,61,9.52,20,84.5,15000,200,0.7801513693753572,0.9564863091197104,0.9243078960189346,0.8624914908100749,0.8446666666666667,0.9021592442645074,0.8534860222297069,GSM2423128,0
ZNF343,ZNF,GSM5215269,C2H2 Zinc Finger,Gene Regulation,Hep-G2,homo_sapiens,152782,GEO,0.982,0.0419645894408074,0,524,0.922,36,62.09,63.5,10.07,18.5,95.5,15000,200,0.779109628913125,0.9617125,0.9309582134931615,0.8666666666666667,0.8406666666666667,0.9011415525114156,0.8534686971235195,GSM5215269,0
ZNF35,ZNF,GSM2026761,C2H2 Zinc Finger,Gene Regulation,HEK293,homo_sapiens,65180,GEO,0.979,0.0624602499999843,0,4003,0.7716,37,46.46,44.5,11.3,20,82,15000,200,0.641810085286423,0.9165542919036016,0.7671187344704753,0.762170790103751,0.6366666666666667,0.9051316677920324,0.6937885942608064,GSM2026761,0
ZNF350,ZNF,GSM5214587,C2H2 Zinc Finger,Gene Regulation,Hep-G2,homo_sapiens,145991,GEO,0.976,0.1350544011621245,0,1797,0.9604,36,61.29,61.5,7.96,20,95.5,15000,200,0.8037065634195621,0.9688719257540604,0.951998332772891,0.8789473684210526,0.8906666666666667,0.9047879616963064,0.8847682119205298,GSM5214587,0
ZNF354A,ZNF,GSM2466540,C2H2 Zinc Finger,Gene Regulation,HEK293T,homo_sapiens,73953,GEO,0.997,0.0043159999999989,0,239,0.2391138273491214,36,37.91,36.5,8.98,21,95.5,1186,200,0.7490424670341814,0.8705580530889104,0.7552014147567991,0.9487179487179488,0.6218487394957983,0.9583687340696686,0.751269035532995,GSM2466540,0
ZNF354B,ZNF,GSM5214239,C2H2 Zinc Finger,Gene Regulation,K562,homo_sapiens,145907,GEO,0.992,0.0169946773454865,0,661,0.5161775771256584,40,43.99,41.5,9.57,20,81.5,3980,200,0.5583761566251964,0.8797674179844557,0.6381545014823715,0.7096774193548387,0.4974874371859296,0.9300995024875622,0.5849335302806499,GSM5214239,0
ZNF354C,ZNF,GSM2423266,C2H2 Zinc Finger,Gene Regulation,HEK293,homo_sapiens,179759,GEO,0.996,0.0164874591401297,0,238,0.4210113680909447,38,47.33,47,8.66,20.5,77,2541,200,0.8002844995343423,0.9649098417782525,0.8806417491180565,0.8395061728395061,0.8031496062992126,0.962573591253154,0.8209255533199196,GSM2423266,0
ZNF362,ZNF,GSM5214057,C2H2 Zinc Finger,Gene Regulation,Hep-G2,homo_sapiens,145519,GEO,0.984,0.1273441935144067,0,6302,0.904,36,49.31,47.5,10.51,20,95.5,15000,200,0.6228304017131274,0.9298475742531138,0.757440984972606,0.7955390334572491,0.5706666666666667,0.9056150316801398,0.6645962732919255,GSM5214057,0
ZNF366,ZNF,GSM2423020,C2H2 Zinc Finger,Gene Regulation,HEK293,homo_sapiens,179670,GEO,0.996,0.1331886311676237,0,5237,0.559,40,46.95,46,10.05,20,82.5,15000,200,0.7548653341959333,0.9481262829420511,0.8421632494932567,0.8772378516624041,0.686,0.9594674751202794,0.7699214365881033,GSM2423020,0
ZNF367,ZNF,GSM5214265,C2H2 Zinc Finger,Gene Regulation,Hep-G2,homo_sapiens,145402,GEO,0.994,0.0339425841814169,0,584,0.9378,34,66.61,68,9.76,21,95.5,15000,200,0.8748292245468525,0.98382261208577,0.982066071222155,0.9350736278447122,0.9313333333333332,0.9376947040498442,0.9331997327989312,GSM5214265,0
ZNF37A,ZNF,GSM2026770,C2H2 Zinc Finger,Gene Regulation,HEK293,homo_sapiens,65202,GEO,0.975,0.0030224999999992,0,243,0.4884696016771488,37,49.77,49.5,10.13,22,84,418,200,0.7052909498205114,0.8907136261706899,0.758194880823634,0.8928571428571429,0.5952380952380952,0.9503722084367244,0.7142857142857143,GSM2026770,0
ZNF382,ZNF,GSM2424065,C2H2 Zinc Finger,Gene Regulation,HEK293,homo_sapiens,179343,GEO,0.995,0.0823010502298539,0,689,0.9062,40,50.79,49,13.04,13.5,84.5,15000,200,0.6357520918351408,0.91520444196636,0.7658558056666176,0.7223816355810617,0.6713333333333333,0.8985473829836292,0.695922598479613,GSM2424065,0
ZNF383,ZNF,GSM5214281,C2H2 Zinc Finger,Gene Regulation,Hep-G2,homo_sapiens,145453,GEO,0.985,0.0228195806837347,0,183,0.8954,36,60.45,61,9.45,19.5,95.5,15000,200,0.7284566885742702,0.9461534463276836,0.9028705867400842,0.8456040028591851,0.7886666666666666,0.8802247191011235,0.8161434977578476,GSM5214281,0
ZNF384,ZNF,GSM2026843,C2H2 Zinc Finger,Gene Regulation,HEK293,homo_sapiens,65106,GEO,0.978,0.2021264999999494,0,20307,0.3216,37,36.15,35.5,6.29,7,66,15000,200,0.9078316561964348,0.9939402416975928,0.975416518711763,0.9280430396772024,0.92,0.9733129555607808,0.9240040174087714,GSM2026843,0
ZNF391,ZNF,GSM2423166,C2H2 Zinc Finger,Gene Regulation,HEK293,homo_sapiens,179891,GEO,0.997,0.0453009200261751,0,317,0.8904,38,56.49,57.5,11.06,21.5,80.5,15000,200,0.7071394885805401,0.92877265418998,0.8377602021443641,0.8662092624356775,0.6733333333333333,0.9033368247792908,0.7576894223555889,GSM2423166,0
ZNF394,ZNF,GSM2423060,C2H2 Zinc Finger,Gene Regulation,HEK293,homo_sapiens,179886,GEO,0.995,0.0899050666063706,0,1511,0.8526,40,53.59,54,12.27,14,84,15000,200,0.6824466874550715,0.9229179626194892,0.8133567539099642,0.8116298116298116,0.6606666666666666,0.9131507815254436,0.7284086732818816,GSM2423060,0
ZNF397,ZNF,GSM5214787,C2H2 Zinc Finger,Gene Regulation,K562,homo_sapiens,146033,GEO,0.98,0.0167692830744302,0,466,0.657934357121349,40,51.94,50.5,12.19,21.5,79.5,3314,200,0.5831149150179741,0.8948792034975471,0.6917546573681985,0.7586206896551724,0.5317220543806647,0.902540415704388,0.6252220248667851,GSM5214787,0
ZNF398,ZNF,GSM2827460,C2H2 Zinc Finger,Gene Regulation,HEK293,homo_sapiens,101207,GEO,0.951,0.0847187499999788,0,3347,0.9344,40,58.98,59.5,10.82,21.5,85.5,15000,200,0.7762783104249478,0.9555754999212724,0.9005735739317579,0.8502080443828016,0.8173333333333334,0.9145448203697244,0.8334466349422162,GSM2827460,0
ZNF404,ZNF,GSM2827406,C2H2 Zinc Finger,Gene Regulation,HEK293,homo_sapiens,101881,GEO,0.994,0.0138638656673358,0,231,0.4565075212557227,37,45.85,44,9.28,20.5,76.5,1522,200,0.6611553652129067,0.9277193632710388,0.7646896044257203,0.7183098591549296,0.6710526315789473,0.9400399733510992,0.6938775510204082,GSM2827406,0
ZNF407,ZNF,GSM2422888,C2H2 Zinc Finger,Gene Regulation,K562,homo_sapiens,102477,GEO,0.967,0.0652539999999836,0,1067,0.8586,37,52.23,52,10.65,11,84.5,10635,200,0.5708481872400663,0.8744855940383397,0.7083900007926114,0.7397435897435898,0.5422932330827067,0.8875305623471883,0.6258134490238612,GSM2422888,0
ZNF408,ZNF,GSM5214352,C2H2 Zinc Finger,Gene Regulation,K562,homo_sapiens,145878,GEO,0.995,0.0170695854090158,0,332,0.6992057391749936,40,55.96,57.5,11.56,20.5,81.5,3897,200,0.6969177449171057,0.9369950138162058,0.8229438996901827,0.792022792022792,0.7128205128205128,0.909800097513408,0.7503373819163293,GSM5214352,0
ZNF41,ZNF,GSM5214094,C2H2 Zinc Finger,Gene Regulation,K562,homo_sapiens,146206,GEO,0.988,0.0189023760608193,0,827,0.7068,40,50,47.5,10.82,21,84.5,5756,200,0.4804895825199095,0.8651201177659315,0.6221742891608782,0.6327944572748267,0.4756944444444444,0.8775564409030544,0.5431119920713577,GSM5214094,0
ZNF410,ZNF,GSM2574773,C2H2 Zinc Finger,Gene Regulation,K562,homo_sapiens,77269,GEO,0.982,0.0219757499999945,0,114,0.8471570161711007,39,52.38,52,11.8,24.5,79,1915,200,0.7397439898047043,0.959300972927242,0.8398988590878583,0.8171428571428572,0.7447916666666666,0.931180968564146,0.779291553133515,GSM2574773,0
ZNF414,ZNF,GSM5213960,C2H2 Zinc Finger,Gene Regulation,Hep-G2,homo_sapiens,149812,GEO,0.992,0.0780780007841415,0,772,0.9408,36,61.17,62.5,10.55,20,95.5,15000,200,0.7448859040928614,0.9518931030938432,0.9084721213292344,0.83515731874145,0.814,0.8903647480497575,0.824442943956786,GSM5213960,0
ZNF416,ZNF,GSM5668028,C2H2 Zinc Finger,Gene Regulation,GM25256,homo_sapiens,164672,GEO,0.992,0.0123557903786908,0,402,0.795,36,61.03,63.5,12.81,20,85,5846,200,0.7207828219693917,0.9273106352640784,0.8434339193759249,0.8265895953757225,0.7333333333333333,0.9070646014355874,0.7771739130434783,GSM5668028,0
ZNF417,ZNF,GSM2466547,C2H2 Zinc Finger,Gene Regulation,HEK293T,homo_sapiens,77129,GEO,0.995,0.0045009999999988,0,388,0.4146341463414634,36,50.54,49.5,10.18,21,96.5,688,200,0.7636815326564281,0.9379888061084548,0.8640519670768879,0.9056603773584906,0.6956521739130435,0.9434782608695652,0.7868852459016393,GSM2466547,0
ZNF418,ZNF,GSM2466548,C2H2 Zinc Finger,Gene Regulation,HEK293T,homo_sapiens,73949,GEO,0.994,0.003939249999999,0,338,0.3997879109225875,36,45.86,44.5,8.79,21,97.5,791,200,0.5534180818382367,0.8738408890197232,0.6175825514522109,0.74,0.4683544303797468,0.9282920469361148,0.5736434108527132,GSM2466548,0
ZNF419,ZNF,GSM2466550,C2H2 Zinc Finger,Gene Regulation,HEK293T,homo_sapiens,73947,GEO,0.996,0.0040542499999989,0,218,0.3623188405797101,36,45.45,41.25,10.68,20.5,97.5,356,200,0.706643898113547,0.9362912400455062,0.7539937709670672,0.8888888888888888,0.5925925925925926,0.959375,0.7111111111111111,GSM2466550,0
ZNF423,ZNF,GSM2423537,C2H2 Zinc Finger,Gene Regulation,HEK293,homo_sapiens,179727,GEO,0.998,0.0233193407116191,0,449,0.8894,37,59.32,61,10.67,19.5,83,10176,200,0.7117003430394213,0.938024182836725,0.8565514254359572,0.8207043756670224,0.7554027504911591,0.8876010781671159,0.7867007672634271,GSM2423537,0
ZNF425,ZNF,GSM2466551,C2H2 Zinc Finger,Gene Regulation,HEK293T,homo_sapiens,77128,GEO,0.994,0.0170217499999957,0,1576,0.6246,36,49.8,48.5,10.16,21,97,6615,200,0.5776484432615572,0.8986147528644893,0.6968153135217476,0.6796610169491526,0.6057401812688822,0.8906174039863879,0.6405750798722045,GSM2466551,0
ZNF426,ZNF,GSM3402709,C2H2 Zinc Finger,Gene Regulation,HEK293T,homo_sapiens,128251,GEO,0.968,0.00747763059235,0,158,0.4626168224299065,36,47.91,42.5,13.76,9,96.5,421,200,0.6456804452382429,0.9136036377415688,0.7618320480885938,0.6153846153846154,0.7619047619047619,0.928400954653938,0.6808510638297872,GSM3402709,0
ZNF429,ZNF,GSM2466552,C2H2 Zinc Finger,Gene Regulation,HEK293T,homo_sapiens,77127,GEO,0.993,0.0258639999999935,0,2394,0.3328,36,48.16,47.5,10.25,21,98,7653,200,0.7710990834794772,0.9572357936684314,0.8618259222118442,0.7945026178010471,0.7934640522875817,0.9588073754413496,0.7939829954218444,GSM2466552,0
ZNF430,ZNF,GSM5669259,C2H2 Zinc Finger,Gene Regulation,Hep-G2,homo_sapiens,172336,GEO,0.978,0.0941360691657638,0,1471,0.9306,36,61.58,62.5,10.02,21.5,95.5,15000,200,0.7798646054946208,0.960850981727386,0.9267772243628664,0.8738612473721094,0.8313333333333334,0.902411539328375,0.8520669627605056,GSM5669259,0
ZNF431,ZNF,GSM2466554,C2H2 Zinc Finger,Gene Regulation,HEK293T,homo_sapiens,77125,GEO,0.993,0.0028854999999992,0,187,0.6120996441281139,36,53.98,53,12.54,20.5,98,470,200,0.4957112477621491,0.8537684817886766,0.5985154702062083,0.6571428571428571,0.4893617021276595,0.872791519434629,0.5609756097560976,GSM2466554,0
ZNF432,ZNF,GSM5214227,C2H2 Zinc Finger,Gene Regulation,Hep-G2,homo_sapiens,145290,GEO,0.988,0.0426304149375932,0,398,0.9036,36,62.24,63.5,9.68,20,95.5,15000,200,0.7982514784068082,0.964659522049766,0.9387864027562276,0.8720696584058941,0.868,0.9075130765572992,0.8700300701637154,GSM5214227,0
ZNF433,ZNF,GSM2466556,C2H2 Zinc Finger,Gene Regulation,HEK293T,homo_sapiens,77123,GEO,0.991,0.0047307499999988,0,514,0.3364854215918045,37,42.07,40.5,7.99,21,95.5,1180,200,0.6237315026974122,0.9021712533237632,0.7086064744632226,0.6785714285714286,0.6440677966101694,0.9325842696629212,0.6608695652173913,GSM2466556,0
ZNF436,ZNF,GSM5214832,C2H2 Zinc Finger,Gene Regulation,K562,homo_sapiens,145865,GEO,0.992,0.0163721197509,0,621,0.4483524620510922,36,48.17,45,11.28,19.5,87,2693,200,0.5814846417790729,0.9026826580386116,0.7087804499028729,0.7674418604651163,0.4907063197026022,0.9342251950947604,0.5986394557823129,GSM5214832,0
ZNF438,ZNF,GSM2423672,C2H2 Zinc Finger,Gene Regulation,HEK293,homo_sapiens,179779,GEO,0.994,0.0283844785293011,0,4089,0.2162,40,41.46,39.5,10.57,1,78,11517,200,0.8231659877716813,0.963974318377264,0.8957325883582917,0.9222689075630252,0.7621527777777778,0.9706972044459414,0.8346007604562737,GSM2423672,0
ZNF439,ZNF,GSM2466557,C2H2 Zinc Finger,Gene Regulation,HEK293T,homo_sapiens,77122,GEO,0.991,0.0027519999999993,0,175,0.4090909090909091,36,50.02,49,12.14,20.5,97.5,310,200,0.5236176332773197,0.9057629575933308,0.7095045460203006,0.7368421052631579,0.4516129032258064,0.8947368421052632,0.56,GSM2466557,0
ZNF44,ZNF,GSM5215095,C2H2 Zinc Finger,Gene Regulation,Hep-G2,homo_sapiens,153330,GEO,0.984,0.0484589247331052,0,435,0.9098,36,61.27,62,9.37,20.5,95.5,15000,200,0.7756605847513256,0.9618446674098848,0.9281884614915692,0.8609047940580689,0.85,0.8971605821999523,0.8554176450855417,GSM5215095,0
ZNF440,ZNF,GSM2466558,C2H2 Zinc Finger,Gene Regulation,HEK293T,homo_sapiens,77121,GEO,0.934,0.0091962499999977,0,652,0.5608766233766234,37,43.54,42.5,7.77,21,97.5,2373,200,0.7633423058419502,0.9491209833846592,0.8684914605243459,0.8730964467005076,0.7257383966244726,0.9415584415584416,0.7926267281105991,GSM2466558,0
ZNF441,ZNF,GSM5215741,C2H2 Zinc Finger,Gene Regulation,Hep-G2,homo_sapiens,153141,GEO,0.989,0.1246090870814157,0,4505,0.8702,36,61.74,62,10.56,20.5,95.5,15000,200,0.8032868194589181,0.9685825929110538,0.933784852934478,0.8975290697674418,0.8233333333333334,0.918620966125476,0.8588317107093185,GSM5215741,0
ZNF442,ZNF,GSM2466560,C2H2 Zinc Finger,Gene Regulation,HEK293T,homo_sapiens,77119,GEO,0.994,0.0030172499999992,0,188,0.3534883720930232,36,45.13,42.75,9.51,21,97.5,314,200,0.7543000363927836,0.8704351204351205,0.7969200839481386,0.9333333333333332,0.6363636363636364,0.96484375,0.7567567567567568,GSM2466560,0
ZNF443,ZNF,GSM2466561,C2H2 Zinc Finger,Gene Regulation,HEK293T,homo_sapiens,77118,GEO,0.973,0.0079011298615682,0,214,0.550755939524838,36,49.07,47.5,11.29,7.5,96.5,458,200,0.8068337958999264,0.9600908500973394,0.8771005111785358,0.918918918918919,0.7391304347826086,0.9665178571428572,0.8192771084337349,GSM2466561,0
ZNF444,ZNF,GSM5215013,C2H2 Zinc Finger,Gene Regulation,K562,homo_sapiens,153078,GEO,0.977,0.0161336977661877,0,482,0.695872801082544,40,50.23,47.5,11.97,20,86.5,2950,200,0.4291353076811823,0.8494998125530278,0.5961821176821913,0.7747747747747747,0.2915254237288135,0.8837555886736215,0.4236453201970443,GSM5215013,0
ZNF445,ZNF,GSM2466562,C2H2 Zinc Finger,Gene Regulation,HEK293T,homo_sapiens,77117,GEO,0.994,0.007871249999998,0,332,0.373305954825462,36,56.9,56.5,11.16,20.5,97,2308,200,0.6872889832530934,0.9411060536462466,0.7994801078336046,0.6948529411764706,0.8181818181818182,0.8926116838487973,0.7514910536779325,GSM2466562,0
ZNF446,ZNF,GSM5214566,C2H2 Zinc Finger,Gene Regulation,Hep-G2,homo_sapiens,145703,GEO,0.984,0.0501016787750808,0,778,0.9226,36,65.43,67,9.93,22,95.5,15000,200,0.8441545152292992,0.977706068162926,0.9708943090742408,0.9284225156358582,0.8906666666666667,0.9238231098430814,0.9091527730520584,GSM5214566,0
ZNF449,ZNF,GSM2026818,C2H2 Zinc Finger,Gene Regulation,HEK293,homo_sapiens,65165,GEO,0.747,0.0075839999999981,0,900,0.7291666666666666,37,52.54,52.5,9.33,21.5,81,1877,200,0.886002343110134,0.9697140474940557,0.9467765476422174,0.9585798816568049,0.8617021276595744,0.9623717217787914,0.907563025210084,GSM2026818,0
ZNF45,ZNF,GSM2466565,C2H2 Zinc Finger,Gene Regulation,HEK293T,homo_sapiens,77115,GEO,0.991,0.0025787499999993,0,175,0.3442622950819672,36,47.7,43.5,12.54,21,97.5,318,200,0.6177292747385457,0.905187074829932,0.7006494452847122,1,0.40625,0.941717791411043,0.5777777777777777,GSM2466565,0
ZNF454,ZNF,GSM2466564,C2H2 Zinc Finger,Gene Regulation,HEK293T,homo_sapiens,73946,GEO,0.997,0.0031039999999992,0,264,0.3757396449704142,36,48.39,45.5,13.63,21,97.5,558,200,0.3896950792779821,0.8298846000795862,0.5626063349037623,0.6206896551724138,0.3214285714285714,0.8819277108433735,0.4235294117647059,GSM2466564,0
ZNF460,ZNF,GSM5214269,C2H2 Zinc Finger,Gene Regulation,Hep-G2,homo_sapiens,145672,GEO,0.984,0.1121591564481966,0,3222,0.6742,36,54.83,53.5,7.98,19.5,95.5,15000,200,0.6151218273600538,0.9441373911654286,0.770282172601358,0.7934990439770554,0.5533333333333333,0.9100142189721714,0.6520031421838177,GSM5214269,0
ZNF462,ZNF,GSM5214825,C2H2 Zinc Finger,Gene Regulation,GM23338,homo_sapiens,145913,GEO,0.982,0.0357744190669117,0,1466,0.9222,40,49.49,49,6.82,20,83,15000,200,0.6145716975242792,0.9152783557152764,0.7531330983923782,0.6837444655281467,0.7206666666666667,0.8645940769117431,0.7017202207075625,GSM5214825,0
ZNF467,ZNF,GSM2026821,C2H2 Zinc Finger,Gene Regulation,HEK293,homo_sapiens,65062,GEO,0.989,0.0610649999999847,0,5647,0.9488,38,58.74,58.5,9.66,21,85.5,15000,200,0.873002162003942,0.9838354357798164,0.9588523742958288,0.9031413612565444,0.92,0.946271050521251,0.9114927344782034,GSM2026821,0
ZNF468,ZNF,GSM2466567,C2H2 Zinc Finger,Gene Regulation,HEK293T,homo_sapiens,77113,GEO,0.988,0.0271954999999932,0,1876,0.6712,36,62.62,64,12.33,21.5,96.5,7696,200,0.8929549558970228,0.9875412360300098,0.9668946202609474,0.9020356234096693,0.9378306878306878,0.9596354166666666,0.9195849546044098,GSM2466567,0
ZNF473,ZNF,GSM2827562,C2H2 Zinc Finger,Gene Regulation,HEK293,homo_sapiens,100171,GEO,0.961,0.0108452499999972,0,142,0.54,40,50.47,50,9.14,19,76.5,7152,200,0.7664793625577571,0.9472974457004268,0.8611305480681049,0.8811544991511036,0.7258741258741259,0.9405187835420392,0.7960122699386503,GSM2827562,0
ZNF479,ZNF,GSM2466568,C2H2 Zinc Finger,Gene Regulation,HEK293T,homo_sapiens,77112,GEO,0.986,0.0946429999999763,0,11626,0.5102,36,51.74,50.5,10.29,21,97.5,15000,200,0.8745834326934178,0.9879250753885408,0.9590085571303664,0.9093406593406592,0.8826666666666667,0.9645365572826712,0.8958051420838972,GSM2466568,0
ZNF48,ZNF,GSM2534006,C2H2 Zinc Finger,Gene Regulation,Hep-G2,homo_sapiens,101391,GEO,0.987,0.2098852499999475,0,5623,0.9608,34,65.32,66,8.63,21.5,97.5,15000,200,0.831431571493437,0.9714791796146676,0.9673984267248934,0.9358703312191684,0.8853333333333333,0.9154068832422,0.9099006509078452,GSM2534006,0
ZNF480,ZNF,GSM2466569,C2H2 Zinc Finger,Gene Regulation,HEK293T,homo_sapiens,77111,GEO,0.997,0.0071759999999982,0,809,0.452991452991453,36,48.88,48.5,7.96,20.5,97.5,1420,200,0.7095459909011437,0.9364237372285662,0.803733595251334,0.7669172932330827,0.7183098591549296,0.9418032786885244,0.7418181818181818,GSM2466569,0
ZNF483,ZNF,GSM5214170,C2H2 Zinc Finger,Gene Regulation,Hep-G2,homo_sapiens,146272,GEO,0.975,0.0537004248318354,0,282,0.9354,36,58.79,59,10.72,20,95.5,15000,200,0.7039505234655369,0.9392719233603536,0.8739421445152349,0.7872053872053872,0.7793333333333333,0.8838628612457369,0.783249581239531,GSM5214170,0
ZNF484,ZNF,GSM5214427,C2H2 Zinc Finger,Gene Regulation,Hep-G2,homo_sapiens,145888,GEO,0.983,0.0262276597451389,0,574,0.8886,37,62.82,64.5,10.11,19.5,95.5,13316,200,0.8032409891443236,0.9654904580326112,0.9408954586992652,0.8529829545454546,0.9016516516516516,0.9072702331961592,0.8766423357664234,GSM5214427,0
ZNF485,ZNF,GSM5215420,C2H2 Zinc Finger,Gene Regulation,Hep-G2,homo_sapiens,153112,GEO,0.986,0.1222924040974791,0,1223,0.9412,36,63.93,64,8.01,21.5,95.5,15000,200,0.8346484884838424,0.9775644948064212,0.9669433561287888,0.9156545209176788,0.9046666666666666,0.91791730474732,0.9101274312541918,GSM5215420,0
ZNF486,ZNF,GSM2466573,C2H2 Zinc Finger,Gene Regulation,HEK293T,homo_sapiens,73945,GEO,0.997,0.0032172499999991,0,162,0.3641791044776119,36,47.59,44,12.23,21,97,245,200,0.4706787243316417,0.8591228070175438,0.6904543458271073,1,0.24,0.924901185770751,0.3870967741935484,GSM2466573,0
ZNF487,ZNF,GSM2466574,C2H2 Zinc Finger,Gene Regulation,HEK293T,homo_sapiens,77107,GEO,0.929,0.0191087703869475,0,167,0.4468085106382978,36,46.83,45,9.94,7,96.5,513,200,0.7820607681707489,0.9595691622008808,0.8762152456698131,0.9411764705882352,0.6808510638297872,0.9620535714285714,0.7901234567901234,GSM2466574,0
ZNF488,ZNF,GSM2423376,C2H2 Zinc Finger,Gene Regulation,HEK293,homo_sapiens,179816,GEO,0.996,0.0217363318330781,0,364,0.5481571981266544,38,49.04,48,9.32,20.5,77,4902,200,0.7115309139744849,0.9336642566018823,0.8221428992573944,0.7849223946784922,0.7224489795918367,0.9285056765879104,0.7523910733262487,GSM2423376,0
ZNF490,ZNF,GSM2026888,C2H2 Zinc Finger,Gene Regulation,HEK293,homo_sapiens,65069,GEO,0.992,0.0448359999999887,0,8727,0.1688,37,40.22,38.5,7.71,20.5,79.5,13238,200,0.8759560142081035,0.9877847580548303,0.952020129589262,0.8858858858858859,0.8912386706948641,0.9773544487797414,0.8885542168674698,GSM2026888,0
ZNF491,ZNF,GSM2828996,C2H2 Zinc Finger,Gene Regulation,HEK293,homo_sapiens,100857,GEO,0.974,0.0047587499999988,0,115,0.5846456692913385,37,48.7,48.5,9.48,21,74.5,937,200,0.6689363869011413,0.8964133738601824,0.760327494523022,0.775,0.6595744680851063,0.9192245557350566,0.7126436781609196,GSM2828996,0
ZNF492,ZNF,GSM2466575,C2H2 Zinc Finger,Gene Regulation,HEK293T,homo_sapiens,77106,GEO,0.986,0.0029499999999992,0,123,0.4072727272727273,35,41.33,40,7.67,21,77,215,200,0.3481879826112199,0.705978705978706,0.400942032733856,0.7142857142857143,0.2272727272727272,0.8571428571428571,0.3448275862068966,GSM2466575,0
ZNF493,ZNF,GSM2827531,C2H2 Zinc Finger,Gene Regulation,HEK293,homo_sapiens,102513,GEO,0.965,0.0045477499999988,0,112,0.4995555555555555,37,47.26,47,9.01,21.5,72.5,1031,200,0.6972540484877444,0.9042390110786156,0.7493689472627039,0.8421052631578947,0.6213592233009708,0.9487951807228916,0.7150837988826816,GSM2827531,0
ZNF496,ZNF,GSM2466576,C2H2 Zinc Finger,Gene Regulation,HEK293T,homo_sapiens,77105,GEO,0.912,0.0029709999999992,0,133,0.3230240549828179,35,44.4,40.5,10.49,21,97.5,197,200,0.5351392675255467,0.9692737430167596,0.821438668027233,0.8,0.4,0.9296482412060302,0.5333333333333333,GSM2466576,0
ZNF501,ZNF,GSM5213997,C2H2 Zinc Finger,Gene Regulation,Hep-G2,homo_sapiens,149687,GEO,0.976,0.1465186734563269,0,1170,0.9532,36,62.18,63,9.28,19.5,95.5,15000,200,0.7648124077264349,0.9595342330943344,0.9358332337041324,0.8521452145214522,0.8606666666666667,0.8881425988116766,0.8563847429519071,GSM5213997,0
ZNF502,ZNF,GSM2026839,C2H2 Zinc Finger,Gene Regulation,HEK293,homo_sapiens,65217,GEO,0.993,0.0029369999999992,0,114,0.5571428571428572,37,44.46,43,8.89,21.5,73,231,200,0.697261113047375,0.8372766779333656,0.6875263417498405,1,0.5263157894736842,0.9296875,0.6896551724137931,GSM2026839,0
ZNF503,ZNF,GSM5215606,C2H2 Zinc Finger,Gene Regulation,Hep-G2,homo_sapiens,152936,GEO,0.993,0.0563464693164519,0,1149,0.9598,35,55.1,54,12.22,16.5,95.5,15000,200,0.7471693725059676,0.9578148334170432,0.8651114887883005,0.812760055478502,0.7813333333333333,0.9199785895891878,0.796736913664174,GSM5215606,0
ZNF506,ZNF,GSM2466577,C2H2 Zinc Finger,Gene Regulation,HEK293T,homo_sapiens,77104,GEO,0.994,0.0241814999999939,0,3139,0.3372,36,51.72,51,9.1,20.5,97.5,10893,200,0.856960464730283,0.9835730600966492,0.9302543334195812,0.9012707722385142,0.8466483011937558,0.9704845814977974,0.8731060606060606,GSM2466577,0
ZNF507,ZNF,GSM5215445,C2H2 Zinc Finger,Gene Regulation,K562,homo_sapiens,153028,GEO,0.97,0.0219301941917715,0,1107,0.7258907363420427,40,48.41,46,10.37,21.5,81.5,4204,200,0.6387117197645857,0.9120253414773964,0.7602887790242322,0.792332268370607,0.5904761904761905,0.9162248144220572,0.6766712141882674,GSM5215445,0
ZNF510,ZNF,GSM3634206,C2H2 Zinc Finger,Gene Regulation,HEK293,homo_sapiens,177206,GEO,0.996,0.0150685411071564,0,666,0.3437902879243661,37,40.83,39,10.17,13,75.5,4647,200,0.8233501905564617,0.96125833689424,0.8916949571500782,0.9287598944591028,0.7569892473118279,0.9706375838926176,0.8341232227488151,GSM3634206,0
ZNF511,ZNF,GSM2533962,C2H2 Zinc Finger,Gene Regulation,Hep-G2,homo_sapiens,101031,GEO,0.991,0.0406299999999898,0,343,0.9518,35,55.36,55,10.57,21.5,96,15000,200,0.7235026759805188,0.949845707734844,0.8746637121825794,0.7359033371691599,0.8526666666666667,0.8944591029023746,0.7899938233477455,GSM2533962,0
ZNF512,ZNF,GSM2423713,C2H2 Zinc Finger,Gene Regulation,K562,homo_sapiens,179803,GEO,0.997,0.0463359299986524,0,423,0.5118,38,38.73,38,8.29,16,83.5,15000,200,0.6831269993665493,0.9071947693554104,0.758654732642515,0.8342541436464088,0.604,0.9472248738579028,0.7006960556844548,GSM2423713,0
ZNF512B,ZNF,GSM5214464,C2H2 Zinc Finger,Gene Regulation,Hep-G2,homo_sapiens,146079,GEO,0.99,0.0631887769590336,0,359,0.9102,36,56.61,56.5,9.33,21,95.5,15000,200,0.7286847691927919,0.9488644779066896,0.8806268104279745,0.802,0.802,0.8929922536479914,0.802,GSM5214464,0
ZNF513,ZNF,GSM5215101,C2H2 Zinc Finger,Gene Regulation,Hep-G2,homo_sapiens,153152,GEO,0.995,0.0234647179712196,0,120,0.9104,35,61.92,62.5,9.42,21,95.5,11980,200,0.7758600358037735,0.9640187849883926,0.9375101845996702,0.8976958525345622,0.8130217028380634,0.896477132262052,0.853263250109505,GSM5215101,0
ZNF514,ZNF,GSM2828998,C2H2 Zinc Finger,Gene Regulation,HEK293,homo_sapiens,101008,GEO,0.984,0.0080714999999979,0,149,0.420747609388583,37,48.23,48,7.83,20.5,77,3321,200,0.8401396371433606,0.9605016309368932,0.8994848459637033,0.8976897689768977,0.8192771084337349,0.9684903047091412,0.8566929133858268,GSM2828998,0
ZNF516,ZNF,GSM2583862,C2H2 Zinc Finger,Gene Regulation,breast cancer cell line,homo_sapiens,77363,GEO,0.866,0.0031589999999992,0,84,0.4285714285714285,37,42.47,40,8.7,22,67.5,169,200,0.3272307408108163,0.7914086687306502,0.5909328245090392,1,0.1176470588235294,0.9112426035502958,0.2105263157894736,GSM2583862,0
ZNF518A,ZNF,GSM2423106,C2H2 Zinc Finger,Gene Regulation,HEK293,homo_sapiens,179868,GEO,0.989,0.0556293826692669,0,6473,0.39,37,45.92,43,12.6,12,79.5,15000,200,0.7608262785217532,0.9503495093529593,0.8758448552066331,0.817925194071983,0.7726666666666666,0.9412514711651628,0.7946520397668838,GSM2423106,0
ZNF518B,ZNF,GSM5374832,C2H2 Zinc Finger,Gene Regulation,K562,homo_sapiens,150888,GEO,0.987,0.0160207575879834,0,421,0.4748347737671581,40,46.07,41.5,10.55,20.5,77,1961,200,0.5768556117072848,0.8855763150330555,0.6229895897268866,0.6903225806451613,0.5459183673469388,0.930492135971588,0.6096866096866097,GSM5374832,0
ZNF519,ZNF,GSM2466578,C2H2 Zinc Finger,Gene Regulation,HEK293T,homo_sapiens,77103,GEO,0.966,0.0741462499999814,0,5559,0.8042,36,62.53,62.5,12.4,21,95.5,15000,200,0.8270956895395093,0.979784033937524,0.93947121763326,0.8561197916666666,0.8766666666666667,0.9392760993119952,0.8662714097496707,GSM2466578,0
ZNF521,ZNF,GSM2827398,C2H2 Zinc Finger,Gene Regulation,HEK293,homo_sapiens,100864,GEO,0.945,0.0098717499999975,0,135,0.3755636675971656,40,47.62,47.5,7.89,9.5,74,4520,200,0.8693557203700583,0.9766499478204234,0.92797002170751,0.9048723897911832,0.8628318584070797,0.9744986382768012,0.883352208380521,GSM2827398,0
ZNF524,ZNF,GSM2827213,C2H2 Zinc Finger,Gene Regulation,HEK293,homo_sapiens,101429,GEO,0.99,0.0282034999999929,0,204,0.8872,36,61.7,64,10.73,22,83.5,15000,200,0.7969183192389478,0.9620092537901164,0.9228756015037006,0.8427109974424553,0.8786666666666667,0.9124027834629552,0.860313315926893,GSM2827213,0
ZNF525,ZNF,GSM2466579,C2H2 Zinc Finger,Gene Regulation,HEK293T,homo_sapiens,77102,GEO,0.997,0.0046147499999988,0,389,0.3131634819532908,36,44.03,43.5,5.49,20.5,96.5,860,200,0.8170737764147443,0.9101933988651802,0.8357460031126114,0.9285714285714286,0.7558139534883721,0.9610778443113772,0.8333333333333334,GSM2466579,0
ZNF526,ZNF,GSM5215619,C2H2 Zinc Finger,Gene Regulation,Hep-G2,homo_sapiens,153237,GEO,0.981,0.0538763534124557,0,1783,0.923,36,61.46,62.5,9.81,20,95.5,15000,200,0.7807985208517382,0.9635121263395372,0.932934969554637,0.8517538054268696,0.858,0.9019079685746352,0.8548654931916306,GSM5215619,0
ZNF527,ZNF,GSM2466580,C2H2 Zinc Finger,Gene Regulation,HEK293T,homo_sapiens,77101,GEO,0.993,0.0026004999999993,0,160,0.5414364640883977,36,51.48,50,12.89,21,96.5,281,200,0.7282635757451126,0.8797235023041475,0.7759860349911087,1,0.5714285714285714,0.9344262295081968,0.7272727272727273,GSM2466580,0
ZNF528,ZNF,GSM2026811,C2H2 Zinc Finger,Gene Regulation,HEK293,homo_sapiens,65160,GEO,0.998,0.015807999999996,0,587,0.7622,38,55.09,54.5,11.37,21.5,82,15000,200,0.6651355628900157,0.922060940285205,0.8030757104549773,0.8463661453541859,0.6133333333333333,0.9001870657402459,0.7112485504445304,GSM2026811,0
ZNF529,ZNF,GSM2466582,C2H2 Zinc Finger,Gene Regulation,HEK293T,homo_sapiens,77100,GEO,0.989,0.0048042499999987,0,171,0.4589147286821705,35,44.93,41,11.22,22.5,97.5,518,200,0.5757285582557256,0.908715483234714,0.7180524100789909,0.8275862068965517,0.4615384615384615,0.9093406593406592,0.5925925925925926,GSM2466582,0
ZNF530,ZNF,GSM5213903,C2H2 Zinc Finger,Gene Regulation,Hep-G2,homo_sapiens,149760,GEO,0.985,0.0283772120737137,0,421,0.9022,36,63.65,65,8.91,19.5,95.5,13052,200,0.810319345310026,0.969324496910704,0.9538415483050816,0.8953488372093024,0.8850574712643678,0.9074975657254138,0.8901734104046243,GSM5213903,0
ZNF532,ZNF,GSM2543140,C2H2 Zinc Finger,Gene Regulation,NUT midline carcinoma,homo_sapiens,88956,GEO,0.998,0.0006712479338135,0,2,0.6666666666666666,38,36.25,39.75,9.67,22,43.5,4,200,,,,,,,,,
ZNF534,ZNF,GSM2466584,C2H2 Zinc Finger,Gene Regulation,HEK293T,homo_sapiens,77098,GEO,0.985,0.1103172499999724,0,11050,0.6486,36,55.23,54,11.74,20.5,97.5,15000,200,0.872228384737387,0.9868548094373866,0.9558237916743224,0.8813668600902643,0.9113333333333332,0.9609220907297832,0.8960996394624713,GSM2466584,0
ZNF540,ZNF,GSM2466585,C2H2 Zinc Finger,Gene Regulation,HEK293T,homo_sapiens,77097,GEO,0.994,0.0030207499999992,0,164,0.4036697247706422,36,47.88,45.25,11.66,21,97,244,200,0.4140265404221342,0.8546099290780141,0.6642768663255748,0.6666666666666666,0.3333333333333333,0.8787878787878788,0.4444444444444444,GSM2466585,0
ZNF543,ZNF,GSM5215509,C2H2 Zinc Finger,Gene Regulation,Hep-G2,homo_sapiens,153207,GEO,0.983,0.0489772824157559,0,707,0.9106,36,61.92,63.5,10.04,18,95.5,15000,200,0.7939621313163538,0.963302713047394,0.932454189957961,0.8734610123119015,0.8513333333333334,0.9085406859448554,0.8622552329507089,GSM5215509,0
ZNF544,ZNF,GSM2797684,C2H2 Zinc Finger,Gene Regulation,Hep-G2,homo_sapiens,132595,GEO,0.996,0.0586921620312107,0,559,0.948,35,58.46,59,10.67,16.5,95.5,15000,200,0.7311283714135803,0.9503216748768476,0.8920912595690793,0.7962116263879817,0.8126666666666666,0.8933453237410072,0.8043549983503794,GSM2797684,0
ZNF546,ZNF,GSM3402711,C2H2 Zinc Finger,Gene Regulation,HEK293T,homo_sapiens,128249,GEO,0.993,0.0094081172406902,0,173,0.4596622889305816,36,48.11,44,12.6,7.5,96.5,531,200,0.4653295082258543,0.9106106715358084,0.6472792470611016,0.7037037037037037,0.3584905660377358,0.918918918918919,0.475,GSM3402711,0
ZNF547,ZNF,GSM5215496,C2H2 Zinc Finger,Gene Regulation,Hep-G2,homo_sapiens,153407,GEO,0.987,0.076744325567424,0,579,0.9336,36,64.17,65.5,9.47,20.5,95.5,15000,200,0.8169196944481985,0.9706355285692044,0.9543429039505894,0.8920719520319786,0.8926666666666667,0.91128810766273,0.8923692102632456,GSM5215496,0
ZNF548,ZNF,GSM5214148,C2H2 Zinc Finger,Gene Regulation,Hep-G2,homo_sapiens,146181,GEO,0.981,0.0621849407489724,0,1131,0.9002,36,62.89,64,10.35,19.5,95.5,15000,200,0.784653928311001,0.9648784662786716,0.9316567455953204,0.9084027252081756,0.8,0.9047726758651888,0.8507621410847217,GSM5214148,0
ZNF549,ZNF,GSM5215051,C2H2 Zinc Finger,Gene Regulation,Hep-G2,homo_sapiens,153043,GEO,0.995,0.0144881770854392,0,275,0.9030013049151804,35,60.05,61.5,11.21,16.5,95.5,4591,200,0.7314334336082677,0.9320048969020012,0.8561666477346163,0.8439024390243902,0.7538126361655774,0.8989149057681325,0.7963176064441887,GSM5215051,0
ZNF550,ZNF,GSM5215298,C2H2 Zinc Finger,Gene Regulation,Hep-G2,homo_sapiens,153154,GEO,0.983,0.0437054800444009,0,260,0.8694,36,61.18,61.5,8.82,20.5,95.5,15000,200,0.7672317377411333,0.9605236861584012,0.9262342350579964,0.8467635402906208,0.8546666666666667,0.8929081389814374,0.8506967485069675,GSM5215298,0
ZNF551,ZNF,GSM5374463,C2H2 Zinc Finger,Gene Regulation,K562,homo_sapiens,150879,GEO,0.987,0.0138031413062607,0,401,0.3805612594113621,40,42.47,40,8.11,20,74.5,1454,200,0.5727969075437219,0.863062815725895,0.6867642381187944,0.8125,0.4482758620689655,0.9321912919343326,0.5777777777777777,GSM5374463,0
ZNF552,ZNF,GSM2466592,C2H2 Zinc Finger,Gene Regulation,HEK293T,homo_sapiens,77093,GEO,0.996,0.0033769999999991,0,147,0.3778501628664495,36,45.67,41.5,11.27,21,97.5,219,200,0.4306715858917114,0.8101010101010101,0.6353312392546498,0.5555555555555556,0.4545454545454545,0.8726114649681529,0.5,GSM2466592,0
ZNF554,ZNF,GSM2026822,C2H2 Zinc Finger,Gene Regulation,HEK293,homo_sapiens,65061,GEO,0.983,0.0406374999999898,0,4291,0.8718,37,52.11,51,9.58,22,83,15000,200,0.7403050609649614,0.9599567620286084,0.8708440802737062,0.8035837353549277,0.7773333333333333,0.919106116048092,0.7902405964079973,GSM2026822,0
ZNF555,ZNF,GSM2466593,C2H2 Zinc Finger,Gene Regulation,HEK293T,homo_sapiens,77092,GEO,0.969,0.0092722499999976,0,312,0.4057301293900184,36,49.31,47,13.09,21,98,925,200,0.6012014575572987,0.9022347752836828,0.6854618031169686,0.8181818181818182,0.4838709677419355,0.9396462018730488,0.6081081081081081,GSM2466593,0
ZNF556,ZNF,GSM5215682,C2H2 Zinc Finger,Gene Regulation,Hep-G2,homo_sapiens,153088,GEO,0.978,0.0997752364166242,0,1256,0.9434,37,60.3,60.5,10.45,20,95.5,15000,200,0.73962079479073,0.9537354826546004,0.901440353649136,0.7981012658227848,0.8406666666666667,0.8891977760127086,0.8188311688311688,GSM5215682,0
ZNF557,ZNF,GSM5214760,C2H2 Zinc Finger,Gene Regulation,Hep-G2,homo_sapiens,145420,GEO,0.993,0.030227515251417,0,506,0.929,35,60.01,60.5,9.82,20.5,95.5,15000,200,0.718541778496236,0.948590333955611,0.895077063407953,0.8384057971014492,0.7713333333333333,0.8799321170980059,0.8034722222222223,GSM5214760,0
ZNF558,ZNF,GSM2423492,C2H2 Zinc Finger,Gene Regulation,HEK293,homo_sapiens,179601,GEO,0.995,0.0361894819143792,0,928,0.6606,37,47.4,46.5,10.41,16.5,77,15000,200,0.602678639768883,0.8958708589480875,0.727509413458167,0.7702205882352942,0.5586666666666666,0.9020197679415556,0.6476043276661515,GSM2423492,0
ZNF560,ZNF,GSM2827456,C2H2 Zinc Finger,Gene Regulation,HEK293,homo_sapiens,101368,GEO,0.988,0.0070614999999982,0,144,0.4665683382497542,37,49.58,48,10.28,20.5,78,1905,200,0.7663481754671927,0.9471936728811032,0.8294145763903292,0.7905759162303665,0.7905759162303665,0.9565689467969598,0.7905759162303665,GSM2827456,0
ZNF561,ZNF,GSM2466596,C2H2 Zinc Finger,Gene Regulation,HEK293T,homo_sapiens,77090,GEO,0.997,0.0048799999999987,0,322,0.7185840707964601,36,62.01,65.5,14.42,20.5,98,1571,200,0.8245565093781566,0.9666952858255295,0.9225291001170802,0.9014084507042254,0.8152866242038217,0.9459119496855346,0.8561872909698997,GSM2466596,0
ZNF562,ZNF,GSM2466597,C2H2 Zinc Finger,Gene Regulation,HEK293T,homo_sapiens,77089,GEO,0.993,0.003646249999999,0,281,0.3811728395061728,36,46.1,45,8.19,21,98,550,200,0.6776795272598428,0.9427772227772228,0.7901195508932353,0.8095238095238095,0.6181818181818182,0.9431372549019608,0.7010309278350515,GSM2466597,0
ZNF563,ZNF,GSM2026838,C2H2 Zinc Finger,Gene Regulation,HEK293,homo_sapiens,65216,GEO,0.979,0.0087299999999978,0,1465,0.6092202970297029,39,52.48,52,9.52,22,83.5,3163,200,0.6303004914630355,0.92213729308666,0.7808707998826058,0.7463768115942029,0.6518987341772152,0.8886138613861386,0.6959459459459459,GSM2026838,0
ZNF564,ZNF,GSM2466598,C2H2 Zinc Finger,Gene Regulation,HEK293T,homo_sapiens,77088,GEO,0.972,0.0033894999999991,0,244,0.2753824756606398,36,46.91,45.5,8.15,20.5,97.5,644,200,0.7849860735165795,0.9490489130434784,0.8580672726618431,0.9019607843137256,0.71875,0.9612141652613828,0.8,GSM2466598,0
ZNF565,ZNF,GSM5330893,C2H2 Zinc Finger,Gene Regulation,SK-N-SH,homo_sapiens,146882,GEO,0.97,0.0140441267607288,0,328,0.8762760310330747,40,56.43,58.25,12.92,14.5,82.5,4894,200,0.6225619315756479,0.9138810753574692,0.7777962044095582,0.8062678062678063,0.5787321063394683,0.8909669717469161,0.6738095238095239,GSM5330893,0
ZNF566,ZNF,GSM2466600,C2H2 Zinc Finger,Gene Regulation,HEK293T,homo_sapiens,77086,GEO,0.994,0.0031139999999992,0,220,0.5444287729196051,36,53.98,51,12.81,21,97.5,618,200,0.5836150193063254,0.8794329793628531,0.726011197376023,0.6981132075471698,0.5967741935483871,0.8932291666666666,0.6434782608695652,GSM2466600,0
ZNF567,ZNF,GSM2466601,C2H2 Zinc Finger,Gene Regulation,HEK293T,homo_sapiens,77085,GEO,0.998,0.0055649999999986,0,510,0.2489986648865153,36,38,36,8.37,20.5,95.5,1394,200,0.5669241664030309,0.8614886960210701,0.6545166558981239,0.875,0.4028776978417266,0.9330882352941176,0.5517241379310345,GSM2466601,0
ZNF569,ZNF,GSM5213972,C2H2 Zinc Finger,Gene Regulation,Hep-G2,homo_sapiens,149766,GEO,0.983,0.0115290500768557,0,167,0.8943777934603623,36,61.18,63,10.62,20,95.5,4248,200,0.7777559388992793,0.9605084244753176,0.908100262593408,0.8222222222222222,0.8705882352941177,0.9049295774647887,0.8457142857142858,GSM5213972,0
ZNF57,ZNF,GSM5215105,C2H2 Zinc Finger,Gene Regulation,K562,homo_sapiens,152900,GEO,0.978,0.0186778113183153,0,518,0.6399138991389914,40,53.53,52.5,13.33,20,84,3241,200,0.6268991235935462,0.9072652696556204,0.7117498412277308,0.7567567567567568,0.6049382716049383,0.9110800744878956,0.6723842195540308,GSM5215105,0
ZNF570,ZNF,GSM2466602,C2H2 Zinc Finger,Gene Regulation,HEK293T,homo_sapiens,77084,GEO,0.997,0.0030007499999992,0,128,0.3183098591549296,36,40.23,38.25,10.49,20.5,96.5,274,200,0.3694741898052279,0.7802962962962963,0.4788408444796843,0.6363636363636364,0.2592592592592592,0.9133574007220217,0.3684210526315789,GSM2466602,0
ZNF571,ZNF,GSM2466603,C2H2 Zinc Finger,Gene Regulation,HEK293T,homo_sapiens,77083,GEO,0.976,0.0032829999999991,0,241,0.7373737373737373,37,60.23,62,13.95,21,97.5,614,200,0.7179773943803376,0.8910578724243321,0.7829633166383341,0.9666666666666668,0.5918367346938775,0.91796875,0.7341772151898734,GSM2466603,0
ZNF572,ZNF,GSM5215720,C2H2 Zinc Finger,Gene Regulation,Hep-G2,homo_sapiens,153311,GEO,0.984,0.0893055308976389,0,447,0.9232,36,61.03,61,7.92,22,95.5,15000,200,0.7736241162392382,0.9596583034647552,0.9325658381076224,0.8193127962085308,0.922,0.8869239013933548,0.8676286072772899,GSM5215720,0
ZNF573,ZNF,GSM2466604,C2H2 Zinc Finger,Gene Regulation,HEK293T,homo_sapiens,77082,GEO,0.956,0.0053797499999986,0,615,0.5227048371174728,36,50.31,48,12,21,97.5,1877,200,0.4996287748290804,0.8553380521308102,0.6258649140285025,0.6503496503496503,0.4946808510638298,0.8792672772689425,0.5619335347432024,GSM2466604,0
ZNF574,ZNF,GSM5214932,C2H2 Zinc Finger,Gene Regulation,Hep-G2,homo_sapiens,145954,GEO,0.964,0.3022793067563025,0,8236,0.9676,35,64,64.5,9.51,21,95.5,15000,200,0.8243620803306517,0.9752336169577548,0.9631664618411536,0.9100968188105116,0.8773333333333333,0.9158853469059738,0.8934147997284454,GSM5214932,0
ZNF576,ZNF,GSM5330937,C2H2 Zinc Finger,Gene Regulation,HepG2,homo_sapiens,146804,GEO,0.985,0.0349241619529758,0,280,0.8774,36,61.41,62,8.49,21.5,95.5,15000,200,0.7809511780246823,0.9635145554681352,0.9347967082011954,0.8635451505016722,0.8606666666666667,0.8978228599703117,0.8621035058430718,GSM5330937,0
ZNF577,ZNF,GSM3402712,C2H2 Zinc Finger,Gene Regulation,HEK293T,homo_sapiens,128248,GEO,0.993,0.0112300532114339,0,456,0.567016676961087,36,52.24,50.5,11.92,7,96.5,1617,200,0.6443208762068408,0.9396631317927614,0.7811436947928033,0.6909090909090909,0.7037037037037037,0.9098360655737704,0.6972477064220184,GSM3402712,0
ZNF578,ZNF,GSM3402713,C2H2 Zinc Finger,Gene Regulation,HEK293T,homo_sapiens,128247,GEO,0.997,0.0104596153596244,0,267,0.3726937269372694,36,43.44,40.5,9.12,9,96.5,1080,200,0.6736774001351402,0.8806455358179496,0.7154743108197892,0.9193548387096774,0.5277777777777778,0.9474178403755869,0.6705882352941176,GSM3402713,0
ZNF579,ZNF,GSM2825077,C2H2 Zinc Finger,Gene Regulation,MCF-7,homo_sapiens,100007,GEO,0.986,0.0302790519868055,0,466,0.8218,40,52.88,53,9.48,19.5,82,9624,200,0.4707075869460831,0.8669880260105937,0.6371472593788443,0.702054794520548,0.4257528556593977,0.856039603960396,0.5300581771170007,GSM2825077,0
ZNF580,ZNF,GSM2527559,C2H2 Zinc Finger,Gene Regulation,Hep-G2,homo_sapiens,101063,GEO,0.99,0.0988089999999753,0,1509,0.9596,35,59.76,60,9.26,21,96.5,15000,200,0.7395319107347239,0.950934547908232,0.9025655437298143,0.8295302013422818,0.824,0.8839605734767025,0.8267558528428094,GSM2527559,0
ZNF582,ZNF,GSM2026852,C2H2 Zinc Finger,Gene Regulation,HEK293,homo_sapiens,65080,GEO,0.996,0.0027597499999993,0,107,0.6158038147138964,37,45.25,42.5,10.58,22,78.5,314,200,0.6248809410409238,0.8632404181184669,0.7004436107750178,1,0.4285714285714285,0.9166666666666666,0.6,GSM2026852,0
ZNF583,ZNF,GSM5214241,C2H2 Zinc Finger,Gene Regulation,K562,homo_sapiens,145482,GEO,0.993,0.0287333020010638,0,562,0.7722,40,56.86,56.5,11.72,20.5,84,13202,200,0.5848241644714475,0.898498901323522,0.7414883947116458,0.7284522706209453,0.5954545454545455,0.875769866306144,0.6552730304293456,GSM5214241,0
ZNF584,ZNF,GSM2825490,C2H2 Zinc Finger,Gene Regulation,K-562,homo_sapiens,179983,GEO,0.988,0.0426059537865132,0,1047,0.9324,38,53.6,51.5,10.9,17,95,15000,200,0.6782935962010305,0.9317665440196236,0.7997198863508044,0.7432795698924731,0.7373333333333333,0.8998838859502,0.7402945113788487,GSM2825490,0
ZNF585A,ZNF,GSM2466607,C2H2 Zinc Finger,Gene Regulation,HEK293T,homo_sapiens,77081,GEO,0.996,0.0097462499999975,0,540,0.5402,36,44.71,44,9.03,21,96.5,5359,200,0.4983827495308079,0.8631223890567205,0.6317830599669914,0.6675461741424802,0.4720149253731343,0.8841359773371105,0.5530054644808743,GSM2466607,0
ZNF586,ZNF,GSM2026882,C2H2 Zinc Finger,Gene Regulation,HEK293,homo_sapiens,65196,GEO,0.994,0.0226862499999943,0,3048,0.2423702950152594,37,52.92,54,5.17,21.5,77.5,3881,200,0.929620828245932,0.9815334177549544,0.9723529948325912,0.9552631578947368,0.9355670103092784,0.9755102040816328,0.9453125,GSM2026882,0
ZNF587,ZNF,GSM2466608,C2H2 Zinc Finger,Gene Regulation,HEK293T,homo_sapiens,77080,GEO,0.996,0.0043212499999989,0,340,0.4271137026239067,36,50.45,49.5,10.99,21,98,593,200,0.5113278283307156,0.8671186440677966,0.5969624144838804,0.5862068965517241,0.576271186440678,0.8801955990220048,0.5811965811965812,GSM2466608,0
ZNF589,ZNF,GSM2563966,C2H2 Zinc Finger,Gene Regulation,BG01V,homo_sapiens,81219,GEO,0.995,8.643019940303834e-05,0,3,0.8,37,35.12,39.25,9.1,21.5,40.5,4,200,,,,,,,,,
ZNF592,ZNF,GSM2825585,C2H2 Zinc Finger,Gene Regulation,K562,homo_sapiens,102283,GEO,0.897,0.123942249999969,0,1282,0.9186,40,53.8,52.5,11.05,21.5,86.5,15000,200,0.5522957104021717,0.8831244768252984,0.6992101643879862,0.7026800670016751,0.5593333333333333,0.872217331153314,0.6228656273199703,GSM2825585,0
ZNF595,ZNF,GSM2026826,C2H2 Zinc Finger,Gene Regulation,HEK293,homo_sapiens,65065,GEO,0.939,0.003868999999999,0,199,0.3983286908077994,37,39.14,36.5,9.34,22,70.5,317,200,0.6169526972391244,0.8248697916666667,0.6598804563728508,0.75,0.5625,0.9375,0.6428571428571429,GSM2026826,0
ZNF596,ZNF,GSM2026841,C2H2 Zinc Finger,Gene Regulation,HEK293,homo_sapiens,65104,GEO,0.983,0.0027624999999993,0,121,0.7507163323782235,37,49.01,49,8.31,22,77,649,200,0.6520097670271857,0.8839261097325612,0.786743828489985,1,0.4769230769230769,0.9011627906976744,0.6458333333333334,GSM2026841,0
ZNF597,ZNF,GSM5215728,C2H2 Zinc Finger,Gene Regulation,Hep-G2,homo_sapiens,152810,GEO,0.995,0.0138733072036253,0,143,0.8967326496541855,35,61.68,63.5,10.8,18,95.5,4186,200,0.8141645516339338,0.9693698268420252,0.9286192386571136,0.9151193633952256,0.8233890214797136,0.922001471670346,0.8668341708542714,GSM5215728,0
ZNF605,ZNF,GSM6372180,C2H2 Zinc Finger,Gene Regulation,Hep-G2,homo_sapiens,163555,GEO,0.983,0.1105287740516931,0,1078,0.9438,36,61.68,62,9,21.5,95.5,15000,200,0.7856372712146422,0.9624254021075984,0.943885910135548,0.868,0.868,0.8985655737704918,0.868,GSM6372180,0
ZNF607,ZNF,GSM5214323,C2H2 Zinc Finger,Gene Regulation,Hep-G2,homo_sapiens,145894,GEO,0.983,0.0944249207666154,0,1126,0.9484,36,62.19,63,10.1,21.5,95.5,15000,200,0.7709461721570225,0.9571252408477842,0.9283554107778196,0.9003021148036254,0.7946666666666666,0.8969072164948454,0.8441926345609065,GSM5214323,0
ZNF608,ZNF,GSM5214477,C2H2 Zinc Finger,Gene Regulation,Hep-G2,homo_sapiens,145622,GEO,0.99,0.0679332179046352,0,646,0.9398,36,64.7,66,9.56,21,95.5,15000,200,0.8299347625037765,0.9747456271864068,0.9631701877308496,0.9183391003460208,0.8846666666666667,0.9168808911739504,0.901188455008489,GSM5214477,0
ZNF609,ZNF,GSM5213896,C2H2 Zinc Finger,Gene Regulation,Hep-G2,homo_sapiens,149767,GEO,0.984,0.1012482139352175,0,3426,0.9554,36,53.76,52,11.6,20.5,95.5,15000,200,0.6850633034883051,0.9458858499217782,0.8244298694585758,0.810702875399361,0.6766666666666666,0.9059773407995833,0.7376453488372093,GSM5213896,0
ZNF610,ZNF,GSM2423864,C2H2 Zinc Finger,Gene Regulation,HEK293,homo_sapiens,179454,GEO,0.997,0.0397322443838447,0,917,0.8386,36,57.35,58,11.27,20,84,15000,200,0.7026811939448567,0.9251759276582476,0.8424737917634735,0.8332003192338387,0.696,0.9028487947406866,0.758445332364693,GSM2423864,0
ZNF611,ZNF,GSM2466611,C2H2 Zinc Finger,Gene Regulation,HEK293T,homo_sapiens,77078,GEO,0.99,0.0186114999999953,0,1597,0.4154844914642943,36,63.92,68,10.77,21,97,4050,200,0.8246072349471093,0.9700514782925608,0.9266546243611358,0.9202279202279202,0.7975308641975308,0.9458394879369768,0.8544973544973545,GSM2466611,0
ZNF613,ZNF,GSM2466612,C2H2 Zinc Finger,Gene Regulation,HEK293T,homo_sapiens,77077,GEO,0.997,0.003877749999999,0,186,0.6418835192069393,37,48.09,46.5,11.35,21,96.5,718,200,0.5270224122860344,0.8460587550901687,0.6488956305174702,0.6666666666666666,0.5277777777777778,0.8832599118942731,0.5891472868217055,GSM2466612,0
ZNF614,ZNF,GSM2466613,C2H2 Zinc Finger,Gene Regulation,HEK293T,homo_sapiens,77076,GEO,0.997,0.0035742499999991,0,165,0.4411764705882353,36,44.13,41.5,10.13,21,97.5,371,200,0.4621656503982499,0.8446831110586569,0.5974275997893481,0.7,0.3783783783783784,0.8909774436090225,0.4912280701754385,GSM2466613,0
ZNF615,ZNF,GSM5214514,C2H2 Zinc Finger,Gene Regulation,Hep-G2,homo_sapiens,145996,GEO,0.987,0.0366766476426887,0,279,0.9072,36,59.53,60.5,9.82,20.5,95.5,15000,200,0.7187833213603196,0.949710747025551,0.8934332105352558,0.8894472361809045,0.708,0.8840992273281821,0.7884187082405345,GSM5214514,0
ZNF616,ZNF,GSM5215705,C2H2 Zinc Finger,Gene Regulation,Hep-G2,homo_sapiens,153240,GEO,0.987,0.0518075059866788,0,909,0.9192,36,65.41,66.5,9.97,19,95.5,15000,200,0.8338112505747659,0.9768540970564836,0.966989912975659,0.8826142131979695,0.9273333333333332,0.9182197496522948,0.9044213263979194,GSM5215705,0
ZNF618,ZNF,GSM2111484,C2H2 Zinc Finger,Gene Regulation,HEK293T,homo_sapiens,76567,GEO,0.977,0.0044992499999988,0,34,0.6565484311050478,37,63.84,64.5,10.43,18.5,87.5,2804,200,0.7897388983785112,0.96860947282177,0.9412069307526106,0.921161825726141,0.7900355871886121,0.908235294117647,0.8505747126436781,GSM2111484,0
ZNF619,ZNF,GSM5215625,C2H2 Zinc Finger,Gene Regulation,Hep-G2,homo_sapiens,152834,GEO,0.984,0.0672396013749865,0,377,0.9196,36,61.55,61.5,8.38,19.5,95.5,15000,200,0.792983998116489,0.9664487510766582,0.9458790509669432,0.8301549463647199,0.9286666666666666,0.8974358974358975,0.8766519823788547,GSM5215625,0
ZNF620,ZNF,GSM2466617,C2H2 Zinc Finger,Gene Regulation,HEK293T,homo_sapiens,77072,GEO,0.997,0.0024147499999993,0,132,0.3101045296167247,36,43.28,40.5,9.9,21,96.5,198,200,0.677344378064993,0.806198347107438,0.7208973993413476,0.9166666666666666,0.55,0.9290780141843972,0.6875,GSM2466617,0
ZNF621,ZNF,GSM2466618,C2H2 Zinc Finger,Gene Regulation,HEK293T,homo_sapiens,77071,GEO,1,0.00026237282206,0,1,1,36,23.5,23.5,0,23.5,23.5,1,200,,,,,,,,,
ZNF624,ZNF,GSM5214027,C2H2 Zinc Finger,Gene Regulation,A549,homo_sapiens,145742,GEO,0.987,0.0237090611312719,0,1095,0.6384,40,49.97,47.5,11.93,20,82,7511,200,0.5235959417874377,0.8693289984325826,0.6219061445316086,0.6649572649572649,0.5179760319573902,0.8870445344129555,0.5823353293413174,GSM5214027,0
ZNF626,ZNF,GSM2466619,C2H2 Zinc Finger,Gene Regulation,HEK293T,homo_sapiens,77070,GEO,0.992,0.0024424999999993,0,259,0.358695652173913,36,46.79,44.5,10.36,21,96,451,200,0.2818507401395428,0.8022875816993463,0.3985556398137465,0.5714285714285714,0.1777777777777777,0.9050772626931568,0.2711864406779661,GSM2466619,0
ZNF627,ZNF,GSM2466620,C2H2 Zinc Finger,Gene Regulation,HEK293T,homo_sapiens,77069,GEO,0.997,0.0047359999999988,0,571,0.1652569941444372,36,40.23,38.5,6.77,21.5,95.5,1433,200,0.8076422393288307,0.935047305635541,0.8525855744220847,0.9801980198019802,0.6923076923076923,0.9654913728432108,0.8114754098360656,GSM2466620,0
ZNF629,ZNF,GSM5215117,C2H2 Zinc Finger,Gene Regulation,Hep-G2,homo_sapiens,153394,GEO,0.993,0.1060939489633259,0,7859,0.6522,35,50.17,49.25,8.74,21,95.5,15000,200,0.8045399513142533,0.9701098018211034,0.9159457886067806,0.8716461203770849,0.8013333333333333,0.9470338983050848,0.8350121569989579,GSM5215117,0
ZNF639,ZNF,GSM2574764,C2H2 Zinc Finger,Gene Regulation,K562,homo_sapiens,74670,GEO,0.996,0.0259892499999935,0,1132,0.9176,38,58.69,59,10.44,21.5,95.5,15000,200,0.7715449834396299,0.9568117355627808,0.8950178461187891,0.8707533234859675,0.786,0.9145711333103684,0.826208829712684,GSM2574764,0
ZNF641,ZNF,GSM2423698,C2H2 Zinc Finger,Gene Regulation,HEK293,homo_sapiens,179651,GEO,0.997,0.0156472514418519,0,226,0.7242,37,50.57,50,9.88,19,77,5071,200,0.6597774870427944,0.9206635108481264,0.7866765587859661,0.8426966292134831,0.591715976331361,0.9125374127036914,0.6952491309385863,GSM2423698,0
ZNF644,ZNF,GSM2534180,C2H2 Zinc Finger,Gene Regulation,Hep-G2,homo_sapiens,102279,GEO,0.993,0.0591419999999852,0,3757,0.9308,35,49.65,49,7.3,21.5,81,15000,200,0.6853232885213587,0.9400944300995944,0.8236585109958776,0.7293606455617628,0.7833333333333333,0.8900606761051719,0.7553841208614593,GSM2534180,0
ZNF646,ZNF,GSM5668508,C2H2 Zinc Finger,Gene Regulation,Hep-G2,homo_sapiens,164730,GEO,0.986,0.0766816421471518,0,1770,0.9016,36,55.02,53.5,10.43,21,95.5,15000,200,0.7097736089615004,0.95245197328476,0.8568575440858193,0.8162650602409639,0.7226666666666667,0.9055793991416308,0.7666195190947667,GSM5668508,0
ZNF649,ZNF,GSM2466622,C2H2 Zinc Finger,Gene Regulation,HEK293T,homo_sapiens,77068,GEO,0.966,0.011956249999997,0,2275,0.3763829306841273,36,56.23,55,7.64,21,95.5,4301,200,0.9276314077539424,0.9877069185730364,0.9757144607852248,0.9545454545454546,0.927906976744186,0.9779638607315998,0.9410377358490566,GSM2466622,0
ZNF652,ZNF,GSM2534082,C2H2 Zinc Finger,Gene Regulation,Hep-G2,homo_sapiens,100486,GEO,0.985,0.111950749999972,0,5936,0.8814,35,48.68,47.5,9.71,21.5,85,15000,200,0.7197900409097095,0.9499069813176008,0.8420608601388389,0.775151924375422,0.7653333333333333,0.917270531400966,0.7702113384770212,GSM2534082,0
ZNF654,ZNF,GSM2423581,C2H2 Zinc Finger,Gene Regulation,HEK293,homo_sapiens,179865,GEO,0.988,0.0896980217391297,0,15602,0.9568,37,48.12,47.5,9.72,20.5,77,15000,200,0.8910877255274694,0.9846396351298736,0.9649202066271578,0.909933774834437,0.916,0.9650340317629788,0.9129568106312292,GSM2423581,0
ZNF655,ZNF,GSM5374626,C2H2 Zinc Finger,Gene Regulation,K562,homo_sapiens,150885,GEO,0.994,0.0180893280088945,0,459,0.3730620155038759,40,44.77,40,11.26,18.5,81.5,2054,200,0.5848677766245254,0.8902113473884338,0.6285955013513547,0.688622754491018,0.5609756097560976,0.931665062560154,0.6182795698924731,GSM5374626,0
ZNF658,ZNF,GSM2828881,C2H2 Zinc Finger,Gene Regulation,HEK293,homo_sapiens,101891,GEO,0.996,0.0183843726828109,0,238,0.4186558942343004,37,48.72,48,8.73,20.5,79,2715,200,0.775839128731693,0.9682310962445694,0.8917508071665786,0.8828828828828829,0.7205882352941176,0.9588543767648244,0.7935222672064778,GSM2828881,0
ZNF660,ZNF,GSM5215022,C2H2 Zinc Finger,Gene Regulation,Hep-G2,homo_sapiens,153428,GEO,0.985,0.0219693941714705,0,315,0.8946,36,62.84,64.5,8.84,20,95.5,11015,200,0.8053965809898037,0.9683663434752764,0.956031928159036,0.8614200171086399,0.913793103448276,0.904496469713861,0.8868339938353148,GSM5215022,0
ZNF662,ZNF,GSM2827532,C2H2 Zinc Finger,Gene Regulation,HEK293,homo_sapiens,102510,GEO,0.994,0.0202177986252986,0,329,0.54,40,49.13,48.5,9.65,20,96.5,5209,200,0.7200517565958634,0.93662759646373,0.7970463794523125,0.837772397094431,0.6641074856046065,0.9508828901968744,0.7408993576017131,GSM2827532,0
ZNF664,ZNF,GSM2423889,C2H2 Zinc Finger,Gene Regulation,HEK293,homo_sapiens,179756,GEO,0.997,0.0412954799559073,0,1115,0.654,37,42.1,41,8.72,15,76.5,15000,200,0.685586053837728,0.9276767478075568,0.8141093823626894,0.8694817658349329,0.604,0.9242266971143864,0.7128245476003147,GSM2423889,0
ZNF667,ZNF,GSM2466624,C2H2 Zinc Finger,Gene Regulation,HEK293T,homo_sapiens,73935,GEO,0.996,0.0034599999999991,0,170,0.4213649851632047,36,44.72,42,9.83,21,98,253,200,0.4879500364742666,0.890625,0.6376303784972905,0.75,0.375,0.90625,0.5,GSM2466624,0
ZNF669,ZNF,GSM2466625,C2H2 Zinc Finger,Gene Regulation,HEK293T,homo_sapiens,73934,GEO,0.994,0.0032779999999991,0,253,0.2810707456978967,36,52.02,53,9.57,21,97,430,200,0.6947241337812345,0.9392960022482962,0.7737104608367188,0.7837837837837838,0.6744186046511628,0.9411764705882352,0.725,GSM2466625,0
ZNF670,ZNF,GSM2825542,C2H2 Zinc Finger,Gene Regulation,HEK293,homo_sapiens,101799,GEO,0.988,0.0082819999999979,0,154,0.4012663237039968,37,48.09,48,7.74,22,73.5,2424,200,0.8404119799086317,0.9686631791805874,0.9064371228803068,0.8820960698689956,0.8347107438016529,0.9684260131950988,0.8577494692144374,GSM2825542,0
ZNF671,ZNF,GSM2466626,C2H2 Zinc Finger,Gene Regulation,HEK293T,homo_sapiens,77066,GEO,0.992,0.0246889999999938,0,950,0.5821452072822988,36,50.86,49,10.4,21,95.5,4363,200,0.8078965171461245,0.9603298264858396,0.8912513937195471,0.875,0.8027522935779816,0.9485627836611196,0.8373205741626795,GSM2466626,0
ZNF674,ZNF,GSM5215097,C2H2 Zinc Finger,Gene Regulation,Hep-G2,homo_sapiens,152975,GEO,0.986,0.0263594103591919,0,417,0.9182,36,65.58,67,9.71,20,95.5,12641,200,0.8426407918668902,0.9776297721207784,0.971462986431016,0.9362416107382552,0.8829113924050633,0.9225181598062954,0.9087947882736156,GSM5215097,0
ZNF675,ZNF,GSM2466628,C2H2 Zinc Finger,Gene Regulation,HEK293T,homo_sapiens,77064,GEO,0.953,0.0219124999999945,0,2940,0.337,37,54.99,54.5,8.44,21,95.5,5331,200,0.86769671347632,0.9760930027838928,0.9454454010159076,0.9094488188976378,0.8667917448405253,0.965648854961832,0.8876080691642652,GSM2466628,0
ZNF678,ZNF,GSM5215333,C2H2 Zinc Finger,Gene Regulation,Hep-G2,homo_sapiens,153245,GEO,0.982,0.0373726789621663,0,391,0.901,36,65.45,67,9.55,21,95.5,15000,200,0.8447651369386175,0.977521078682369,0.966641587731378,0.9216087252897068,0.9013333333333332,0.9238343469446858,0.9113582743511964,GSM5215333,0
ZNF680,ZNF,GSM2466630,C2H2 Zinc Finger,Gene Regulation,HEK293T,homo_sapiens,73932,GEO,0.995,0.0297662499999925,0,3291,0.3834,36,44.27,44.5,7.22,21.5,96.5,14528,200,0.8279253327017526,0.9786059216952702,0.9158447169207348,0.8440492476060192,0.8492773571920165,0.9666093971763652,0.846655231560892,GSM2466630,0
ZNF681,ZNF,GSM2466631,C2H2 Zinc Finger,Gene Regulation,HEK293T,homo_sapiens,77063,GEO,0.97,0.0044544999999988,0,336,0.5332390381895332,36,51.46,49,11.26,20.5,95.5,631,200,0.6484518897003686,0.905377478784681,0.7906630486912338,0.7166666666666667,0.6825396825396826,0.9127358490566038,0.6991869918699187,GSM2466631,0
ZNF682,ZNF,GSM2466633,C2H2 Zinc Finger,Gene Regulation,HEK293T,homo_sapiens,77061,GEO,0.994,0.0130169999999967,0,1116,0.682685162249195,36,57.46,57,10.64,20.5,95.5,3918,200,0.7543333708656152,0.952348482620714,0.8864055206747735,0.8172323759791122,0.798469387755102,0.9162921348314608,0.807741935483871,GSM2466633,0
ZNF684,ZNF,GSM2466634,C2H2 Zinc Finger,Gene Regulation,HEK293T,homo_sapiens,77060,GEO,0.993,0.0030207499999992,0,368,0.4246231155778894,36,49.04,48,9.63,20.5,95.5,713,200,0.6984020877491423,0.8911101014690292,0.7802700105951617,0.9318181818181818,0.5774647887323944,0.9255079006772008,0.7130434782608696,GSM2466634,0
ZNF687,ZNF,GSM5215692,C2H2 Zinc Finger,Gene Regulation,Hep-G2,homo_sapiens,152926,GEO,0.955,0.589515635883289,0,15014,0.9738,36,66.48,66.5,7.95,21,95.5,15000,200,0.884799138907905,0.9841420634920636,0.9847979189703236,0.9340232858990944,0.9626666666666668,0.9427536231884058,0.948128693368352,GSM5215692,0
ZNF69,ZNF,GSM2466636,C2H2 Zinc Finger,Gene Regulation,HEK293T,homo_sapiens,77058,GEO,0.995,0.0021077499999994,0,157,0.388704318936877,36,45.18,42.5,10.09,21,95.5,219,200,0.6503466919052723,0.905813953488372,0.7150489469381214,1,0.45,0.9427083333333334,0.6206896551724138,GSM2466636,0
ZNF691,ZNF,GSM5214837,C2H2 Zinc Finger,Gene Regulation,Hep-G2,homo_sapiens,145769,GEO,0.977,0.1214624984535721,0,3354,0.9498,36,62.67,63,9.37,21.5,95.5,15000,200,0.802773445739133,0.9697762043592948,0.9455118561969716,0.8990182328190743,0.8546666666666667,0.9072032812099462,0.8762816131237184,GSM5214837,0
ZNF692,ZNF,GSM2423464,C2H2 Zinc Finger,Gene Regulation,HEK293,homo_sapiens,179755,GEO,0.997,0.0920048676330679,0,2037,0.934,37,57.9,59,11.35,21,84.5,15000,200,0.6995520313272258,0.9325661063814304,0.8450359967512263,0.7369682444577591,0.82,0.8834073343200132,0.7762701167560745,GSM2423464,0
ZNF695,ZNF,GSM2466635,C2H2 Zinc Finger,Gene Regulation,HEK293T,homo_sapiens,77059,GEO,0.997,0.0130692499999967,0,532,0.842,36,52.48,52,8.93,21.5,96,8564,200,0.6070583572540698,0.8968477550915113,0.7660215887796294,0.7362045760430687,0.6382730455075846,0.8728004022121669,0.68375,GSM2466635,0
ZNF696,ZNF,GSM5214437,C2H2 Zinc Finger,Gene Regulation,K562,homo_sapiens,146147,GEO,0.973,0.0133718350508836,0,340,0.4256505576208178,39,42.9,40.5,8.11,20,74.5,1070,200,0.621749409776856,0.860471952480386,0.6882457787996524,0.8666666666666667,0.4859813084112149,0.9387755102040816,0.6227544910179641,GSM5214437,0
ZNF697,ZNF,GSM5214050,C2H2 Zinc Finger,Gene Regulation,Hep-G2,homo_sapiens,145573,GEO,0.992,0.0687541127083735,0,1395,0.9396,34,62.9,63.5,9.38,21,95.5,15000,200,0.8237091002135313,0.9748182474375632,0.9617993818454972,0.898110661268556,0.8873333333333333,0.9159884484116566,0.8926894701542589,GSM5214050,0
ZNF699,ZNF,GSM6372198,C2H2 Zinc Finger,Gene Regulation,K-562,homo_sapiens,163671,GEO,0.985,0.0147444636114466,0,331,0.2610088070456365,36,41.92,39.5,7.66,20.5,75.5,1240,200,0.6698517424800629,0.9096570028583096,0.7290870413707675,0.8295454545454546,0.5887096774193549,0.9426585577758472,0.6886792452830188,GSM6372198,0
ZNF7,ZNF,GSM5214321,C2H2 Zinc Finger,Gene Regulation,K562,homo_sapiens,145297,GEO,0.988,0.1232362271848575,0,2261,0.9194,36,62.02,62.5,9.62,21.5,95.5,15000,200,0.7569509916962552,0.9564677361853832,0.9225744181430542,0.8225602027883396,0.8653333333333333,0.8880371660859466,0.843404808317089,GSM5214321,0
ZNF70,ZNF,GSM5330849,C2H2 Zinc Finger,Gene Regulation,SK-N-SH,homo_sapiens,147044,GEO,0.974,0.0290938436418842,0,1941,0.7652,40,53.57,53,12.51,15.5,83,15000,200,0.5590051073700402,0.8699447943872586,0.6937499397532425,0.7312894499549143,0.5406666666666666,0.8767636409039831,0.6216941356841702,GSM5330849,0
ZNF700,ZNF,GSM5215466,C2H2 Zinc Finger,Gene Regulation,K562,homo_sapiens,152905,GEO,0.973,0.0146359903056715,0,525,0.5936413313462494,40,45.08,43.5,8.4,21.5,75,2006,200,0.3342785228461387,0.8173858934433618,0.4271839878747977,0.5925925925925926,0.2388059701492537,0.9027196652719666,0.3404255319148936,GSM5215466,0
ZNF701,ZNF,GSM2938898,C2H2 Zinc Finger,Gene Regulation,MCF-7,homo_sapiens,85793,GEO,0.995,0.0160922750335132,0,990,0.8452,37,54.51,55,10.61,16.5,89.5,7932,200,0.6293650591517481,0.9142450156860809,0.7850937059031537,0.6909975669099757,0.7162673392181589,0.8812592959841349,0.7034055727554179,GSM2938898,0
ZNF704,ZNF,GSM4634555,C2H2 Zinc Finger,Gene Regulation,MDA-MB-231,homo_sapiens,165743,GEO,0.994,0.0032666216816568,0,59,0.7150537634408602,33,41.8,39.5,9.34,17.5,72,183,200,0.6876711178063684,0.9313517338995048,0.7517359059641956,1,0.5,0.9485714285714286,0.6666666666666666,GSM4634555,0
ZNF705G,ZNF,GSM2466638,C2H2 Zinc Finger,Gene Regulation,HEK293T,homo_sapiens,77056,GEO,0.997,0.0024144999999993,0,134,0.3505535055350554,36,42.85,40.5,9.29,21,95.5,185,200,0.7344121619171008,0.8850796716562047,0.7794807901824039,1,0.5789473684210527,0.9375,0.7333333333333333,GSM2466638,0
ZNF707,ZNF,GSM2424049,C2H2 Zinc Finger,Gene Regulation,HEK293,homo_sapiens,179387,GEO,0.996,0.0220014206877162,0,565,0.3722,38,47.45,47,8.39,20.5,76,5208,200,0.8001572831615613,0.954781105472678,0.867655154177349,0.8622881355932204,0.781190019193858,0.9626226769680518,0.8197381671701913,GSM2424049,0
ZNF708,ZNF,GSM2466640,C2H2 Zinc Finger,Gene Regulation,HEK293T,homo_sapiens,73930,GEO,0.993,0.0041639999999989,0,446,0.5732519422863485,36,55.49,54.5,12.46,20.5,98,1654,200,0.5969937995575708,0.9008710046721744,0.7443169031946282,0.7238805970149254,0.5987654320987654,0.89375,0.6554054054054054,GSM2466640,0
ZNF709,ZNF,GSM5215570,C2H2 Zinc Finger,Gene Regulation,Hep-G2,homo_sapiens,153080,GEO,0.984,0.0784861169927512,0,1317,0.9198,36,64.19,65.5,10.14,21.5,95.5,15000,200,0.8099867082870092,0.9672208385222084,0.9407372633393676,0.8847957133288681,0.8806666666666667,0.9102072141212586,0.8827263615101905,GSM5215570,0
ZNF71,ZNF,GSM2423047,C2H2 Zinc Finger,Gene Regulation,HEK293,homo_sapiens,179425,GEO,0.996,0.055850074462916,0,303,0.8702,40,60.23,62,10.74,21,88,15000,200,0.7695452209868977,0.9532914413254356,0.9067637493037684,0.8503827418232429,0.8146666666666667,0.9084153817573845,0.8321416411304052,GSM2423047,0
ZNF710,ZNF,GSM5215732,C2H2 Zinc Finger,Gene Regulation,Hep-G2,homo_sapiens,152808,GEO,0.982,0.1186585898357077,0,2431,0.9474,36,57.52,57,10.72,21.5,95.5,15000,200,0.6811233947657933,0.9320657172526332,0.8414050703393536,0.7948529411764705,0.7206666666666667,0.8835502168835502,0.7559440559440559,GSM5215732,0
ZNF711,ZNF,GSM2741765,C2H2 Zinc Finger,Gene Regulation,MCF-7,homo_sapiens,84930,GEO,0.991,0.0137179999999965,0,169,0.8974,40,66.29,69.5,12.03,9.5,87,5670,200,0.7765685381457275,0.9396459739027506,0.9129272249611076,0.9221052631578948,0.7724867724867724,0.9015421115065244,0.8406909788867563,GSM2741765,0
ZNF713,ZNF,GSM5214817,C2H2 Zinc Finger,Gene Regulation,Hep-G2,homo_sapiens,146234,GEO,0.985,0.0225263411650323,0,202,0.889,36,60.36,61,9.64,21,95.5,12103,200,0.7415821601211866,0.9515903230173378,0.903732329059564,0.8152610441767069,0.8388429752066116,0.8855373013735524,0.8268839103869654,GSM5214817,0
ZNF714,ZNF,GSM2466641,C2H2 Zinc Finger,Gene Regulation,HEK293T,homo_sapiens,77055,GEO,0.969,0.0033292499999991,0,350,0.7228315054835494,36,56.33,57,11.91,20.5,95.5,896,200,0.7572097629138298,0.9514603174603176,0.8859880787202159,0.8333333333333334,0.7777777777777778,0.9227272727272728,0.8045977011494253,GSM2466641,0
ZNF716,ZNF,GSM2466642,C2H2 Zinc Finger,Gene Regulation,HEK293T,homo_sapiens,77054,GEO,0.997,0.0044542499999988,0,304,0.4879393521709166,36,42.92,41.5,8.93,21,96,1365,200,0.519616055148339,0.8361369704476006,0.6069608874361423,0.6868686868686869,0.4963503649635036,0.883177570093458,0.576271186440678,GSM2466642,0
ZNF720,ZNF,GSM5215681,C2H2 Zinc Finger,Gene Regulation,Hep-G2,homo_sapiens,153232,GEO,0.994,0.0169340467915593,0,188,0.8784,35,59.51,60,9.28,21.5,95.5,9065,200,0.7344326299006689,0.952657577685474,0.9026224630550636,0.8356481481481481,0.7960308710033076,0.8869685447632216,0.8153585544889893,GSM5215681,0
ZNF724,ZNF,GSM3402714,C2H2 Zinc Finger,Gene Regulation,HEK293T,homo_sapiens,128246,GEO,0.996,0.0104505267642519,0,303,0.5378868729989328,36,40.79,39,11.6,7.5,96.5,935,200,0.5143515600264804,0.8505842861109008,0.5853227038856648,0.9090909090909092,0.3191489361702128,0.928495197438634,0.4724409448818897,GSM3402714,0
ZNF729,ZNF,GSM3402715,C2H2 Zinc Finger,Gene Regulation,HEK293T,homo_sapiens,128245,GEO,0.996,0.0104992210255341,0,171,0.4251968503937008,36,45.19,42,10.77,7,96.5,506,200,0.6932009250930935,0.9341574967169316,0.7599078538394439,0.9333333333333332,0.5490196078431373,0.9483471074380164,0.691358024691358,GSM3402715,0
ZNF730,ZNF,GSM2466643,C2H2 Zinc Finger,Gene Regulation,HEK293T,homo_sapiens,77053,GEO,0.991,0.0043914999999989,0,517,0.4622823984526112,36,50.68,48.5,12.35,21,95.5,1438,200,0.3760277209400514,0.8078321540880503,0.5047473368098776,0.7674418604651163,0.2291666666666666,0.8780241935483871,0.3529411764705882,GSM2466643,0
ZNF736,ZNF,GSM2466644,C2H2 Zinc Finger,Gene Regulation,HEK293T,homo_sapiens,77052,GEO,0.988,0.0220409396595284,0,967,0.4111610006414368,36,51.16,51.5,6.04,23.5,81.5,1533,200,0.7480731039565219,0.9008524001794528,0.822693479135948,0.9043478260869564,0.6797385620915033,0.9330357142857144,0.7761194029850746,GSM2466644,0
ZNF737,ZNF,GSM5214797,C2H2 Zinc Finger,Gene Regulation,Hep-G2,homo_sapiens,145805,GEO,0.986,0.0823023835133124,0,589,0.878,36,61.62,61.5,8.69,20,95.5,15000,200,0.7600251548325355,0.96453671263511,0.9363350057494256,0.8326898326898327,0.8626666666666667,0.8885967009323452,0.8474132285527177,GSM5214797,0
ZNF74,ZNF,GSM2466647,C2H2 Zinc Finger,Gene Regulation,HEK293T,homo_sapiens,77049,GEO,0.996,0.0025214999999993,0,185,0.3655462184873949,36,44.6,41,10.74,21.5,95.5,363,200,0.6765449125436008,0.8845950797170309,0.7161531316743321,0.9,0.5454545454545454,0.946875,0.6792452830188679,GSM2466647,0
ZNF740,ZNF,GSM5214131,C2H2 Zinc Finger,Gene Regulation,Hep-G2,homo_sapiens,145493,GEO,0.994,0.0446184738654542,0,1223,0.9286,35,60.91,61.5,9.31,20.5,95.5,15000,200,0.8015262691410758,0.9651073864972948,0.9306131847793272,0.8636065573770492,0.878,0.9097831102907245,0.8707438016528926,GSM5214131,0
ZNF746,ZNF,GSM3402720,C2H2 Zinc Finger,Gene Regulation,HEK293T,homo_sapiens,128196,GEO,0.991,0.0092482761415364,0,116,0.6020408163265306,35,50.04,42.5,16.03,17,95.5,484,200,0.6906401938035179,0.9020928899082568,0.717083888700816,0.875,0.5833333333333334,0.950413223140496,0.7,GSM3402720,0
ZNF747,ZNF,GSM2827587,C2H2 Zinc Finger,Gene Regulation,HEK293,homo_sapiens,101721,GEO,0.986,0.0084004999999979,0,143,0.4696228044917938,37,49.97,49,8.45,22,76.5,3344,200,0.7798223496452095,0.951041661759094,0.8616264078402808,0.8955223880597015,0.718562874251497,0.9575799721835884,0.7973421926910299,GSM2827587,0
ZNF749,ZNF,GSM2466646,C2H2 Zinc Finger,Gene Regulation,HEK293T,homo_sapiens,77050,GEO,0.986,0.0035197499999991,0,250,0.42,36,51.21,49.5,11.13,21,95.5,463,200,0.6110385224571795,0.9258084480891228,0.7674896492004953,0.9130434782608696,0.4565217391304347,0.9174311926605504,0.6086956521739131,GSM2466646,0
ZNF750,ZNF,GSM1387027,C2H2 Zinc Finger,Gene Regulation,keratinocyte,homo_sapiens,48799,GEO,0.949,0.1068164999999733,0,10893,0.9662,38,49.06,48,9,21.5,80,15000,200,0.7461431930247787,0.960030754272848,0.8670834239665315,0.8170212765957446,0.768,0.9243823309208884,0.7917525773195876,GSM1387027,0
ZNF75A,ZNF,GSM2574809,C2H2 Zinc Finger,Gene Regulation,MCF-7,homo_sapiens,77257,GEO,0.991,0.0212142499999947,0,1932,0.940132513014671,37,58.87,60.5,10.02,20.5,84,4140,200,0.7800964502528264,0.952897272704036,0.9295207218172512,0.8695652173913043,0.821256038647343,0.9080206033848418,0.84472049689441,GSM2574809,0
ZNF75D,ZNF,GSM2466648,C2H2 Zinc Finger,Gene Regulation,HEK293T,homo_sapiens,77048,GEO,0.984,0.0409037499999897,0,3344,0.4928,37,47.46,47,8.49,21.5,95.5,7754,200,0.9005942378154691,0.9876127227899903,0.9643684641019212,0.9132653061224488,0.922680412371134,0.971326164874552,0.917948717948718,GSM2466648,0
ZNF76,ZNF,GSM959052,C2H2 Zinc Finger,Gene Regulation,HEK293,homo_sapiens,36764,GEO,0.97,0.0467052499999883,0,2220,0.6828,38,52.82,52,7.72,32,83.5,15000,200,0.7928140790876841,0.9750972117558402,0.916786605741329,0.8729121278140886,0.8013333333333333,0.9305229142185664,0.8355926312130691,GSM959052,0
ZNF761,ZNF,GSM5215642,C2H2 Zinc Finger,Gene Regulation,Hep-G2,homo_sapiens,153017,GEO,0.982,0.0426730000334789,0,646,0.8598,36,60.8,62,10.75,19.5,95.5,15000,200,0.7651146384927296,0.9576506761695904,0.9122056360178344,0.8371467025572006,0.8293333333333334,0.9032634032634032,0.8332217012726055,GSM5215642,0
ZNF763,ZNF,GSM3402716,C2H2 Zinc Finger,Gene Regulation,HEK293T,homo_sapiens,128244,GEO,0.992,0.0072190433635445,0,150,0.4199066874027994,36,52.18,49.5,13.13,7,96,641,200,0.698963035992171,0.9280968468468468,0.7609697112632491,0.902439024390244,0.578125,0.9499192245557352,0.7047619047619048,GSM3402716,0
ZNF764,ZNF,GSM2466650,C2H2 Zinc Finger,Gene Regulation,HEK293T,homo_sapiens,77046,GEO,0.997,0.0022107499999994,0,151,0.4318181818181818,36,47.39,44,12.14,20.5,95.5,218,200,0.5278123334418899,0.8503937007874016,0.5316397661516896,0.6875,0.5,0.8926174496644296,0.5789473684210527,GSM2466650,0
ZNF765,ZNF,GSM2466651,C2H2 Zinc Finger,Gene Regulation,HEK293T,homo_sapiens,77045,GEO,0.992,0.0115022499999971,0,2363,0.4676,36,56.14,55,8.53,21.5,95.5,4849,200,0.8103449369753691,0.9613758645572664,0.9095799317140554,0.8800904977375565,0.8020618556701031,0.9491120218579236,0.8392664509169363,GSM2466651,0
ZNF766,ZNF,GSM2825565,C2H2 Zinc Finger,Gene Regulation,K562,homo_sapiens,179987,GEO,0.997,0.0888815736358726,0,3256,0.9342,38,52.7,50,11.18,17,96.5,15000,200,0.6868534158143451,0.9382935160078016,0.8022350849869493,0.794891640866873,0.6846666666666666,0.913247913483014,0.7356733524355301,GSM2825565,0
ZNF768,ZNF,GSM5215173,C2H2 Zinc Finger,Gene Regulation,Hep-G2,homo_sapiens,152931,GEO,0.989,0.3664664115237271,0,11346,0.8404,34,65.31,65.5,8.46,22,95.5,15000,200,0.8631504933612222,0.9814116991643452,0.9719219853784152,0.9047013977128336,0.9493333333333334,0.9314112291350533,0.9264801561483408,GSM5215173,0
ZNF77,ZNF,GSM5214626,C2H2 Zinc Finger,Gene Regulation,K562,homo_sapiens,145908,GEO,0.994,0.0177171261301497,0,322,0.4539959704499664,40,47.65,41.5,13.05,18.5,81,1483,200,0.6298816818048293,0.9223736865968816,0.7289435053678361,0.7295081967213115,0.6013513513513513,0.9394338380513496,0.6592592592592592,GSM5214626,0
ZNF770,ZNF,GSM5214799,C2H2 Zinc Finger,Gene Regulation,Hep-G2,homo_sapiens,145661,GEO,0.98,0.167334681365949,0,6724,0.73,36,54.85,52.5,9.1,21.5,95.5,15000,200,0.7053292961789711,0.9514565390335856,0.7886816732183374,0.7910673732021196,0.6966666666666667,0.9343629343629344,0.7408720311946119,GSM5214799,0
ZNF772,ZNF,GSM5214161,C2H2 Zinc Finger,Gene Regulation,Hep-G2,homo_sapiens,146233,GEO,0.989,0.0985230099463368,0,1644,0.945,36,64.24,65.5,9.87,22,95.5,15000,200,0.8460919024671681,0.9754207149404216,0.9617181410568916,0.9054232804232804,0.9126666666666666,0.9255839217816404,0.9090305444887118,GSM5214161,0
ZNF773,ZNF,GSM5214043,C2H2 Zinc Finger,Gene Regulation,Hep-G2,homo_sapiens,146142,GEO,0.992,0.0504694926610172,0,613,0.9446,34,66.55,68,9.68,21.5,95.5,15000,200,0.8771831747557944,0.9851515499425948,0.9838430161321442,0.944672131147541,0.922,0.9389265885256016,0.9331983805668016,GSM5214043,0
ZNF774,ZNF,GSM2026816,C2H2 Zinc Finger,Gene Regulation,HEK293,homo_sapiens,65161,GEO,0.993,0.0019887499999995,0,72,0.5905172413793104,37,45.82,42.75,10.4,21.5,75.5,182,200,0.4007094794035653,0.8166666666666668,0.6689053828731866,0.5714285714285714,0.4,0.859375,0.4705882352941176,GSM2026816,0
ZNF775,ZNF,GSM5214683,C2H2 Zinc Finger,Gene Regulation,Hep-G2,homo_sapiens,145648,GEO,0.978,0.0143685460047445,0,314,0.8976,37,57.93,59,10.96,18.5,95.5,5630,200,0.6644198623661564,0.9219870643004726,0.8209164871712865,0.7841584158415842,0.7033747779751333,0.8788410886742757,0.7415730337078652,GSM5214683,0
ZNF776,ZNF,GSM5213864,C2H2 Zinc Finger,Gene Regulation,Hep-G2,homo_sapiens,149713,GEO,0.98,0.0664448936359442,0,685,0.9286,36,67.29,68.5,9.23,21.5,95.5,15000,200,0.8783517248353018,0.9854541984732824,0.9848121163528548,0.948122866894198,0.926,0.9391276041666666,0.9369308600337268,GSM5213864,0
ZNF777,ZNF,GSM5214377,C2H2 Zinc Finger,Gene Regulation,Hep-G2,homo_sapiens,146250,GEO,0.993,0.0946534555513653,0,2814,0.9566,35,66.47,68,9.48,20.5,95.5,15000,200,0.8773845922151191,0.9835970961887476,0.9821384401933057,0.9313531353135314,0.9406666666666668,0.938788455439264,0.9359867330016584,GSM5214377,0
ZNF778,ZNF,GSM5214896,C2H2 Zinc Finger,Gene Regulation,Hep-G2,homo_sapiens,145435,GEO,0.986,0.0234709210314469,0,328,0.8892,36,62.22,64,9.13,19.5,95.5,11677,200,0.7988146796029221,0.9651981239940866,0.94623619840553,0.8838427947598253,0.8664383561643836,0.9052148245326336,0.8750540423692175,GSM5214896,0
ZNF780A,ZNF,GSM5369886,C2H2 Zinc Finger,Gene Regulation,K562,homo_sapiens,149661,GEO,0.989,0.018078337713752,0,320,0.6332323996971991,40,53.49,53,14.06,20.5,83,2636,200,0.6538388535963828,0.9150255896751224,0.7355271022348383,0.7446808510638298,0.6628787878787878,0.9154370034052214,0.7014028056112225,GSM5369886,0
ZNF781,ZNF,GSM2423965,C2H2 Zinc Finger,Gene Regulation,HEK293,homo_sapiens,179624,GEO,0.994,0.0292270435944398,0,4994,0.1958,37,39.19,38,8.54,13.5,74.5,8426,200,0.8767191431454723,0.9786884934756822,0.932951850260365,0.9473684210526316,0.8327402135231317,0.9784250269687162,0.8863636363636364,GSM2423965,0
ZNF782,ZNF,GSM5215308,C2H2 Zinc Finger,Gene Regulation,Hep-G2,homo_sapiens,153057,GEO,0.986,0.0652997951418039,0,476,0.9318,36,61.62,62.5,9.26,21.5,95.5,15000,200,0.8092110856283862,0.9653274946921444,0.9376244686422164,0.8827077747989276,0.878,0.9107676969092722,0.8803475935828877,GSM5215308,0
ZNF783,ZNF,GSM2466659,C2H2 Zinc Finger,Gene Regulation,HEK293T,homo_sapiens,77039,GEO,0.984,0.0178617499999955,0,1034,0.9300734735241956,37,74.27,76,8.23,21.5,95.5,3863,200,0.952073136193029,0.9967403869842896,0.9988049235013758,0.9917808219178084,0.981029810298103,0.98046875,0.9863760217983653,GSM2466659,0
ZNF784,ZNF,GSM5214453,C2H2 Zinc Finger,Gene Regulation,Hep-G2,homo_sapiens,145749,GEO,0.986,0.0746354779844041,0,843,0.9344,36,63.51,65,10.82,20,95.5,15000,200,0.7985331981281958,0.9652271241830066,0.9364980898552812,0.879286694101509,0.8546666666666667,0.9095500459136824,0.8668018931710615,GSM5214453,0
ZNF785,ZNF,GSM5213943,C2H2 Zinc Finger,Gene Regulation,K562,homo_sapiens,149873,GEO,0.991,0.0161483196755091,0,297,0.305156382079459,40,42.44,39.75,9.39,18.5,82,1178,200,0.6082313461305934,0.8776868627832977,0.6590486585231458,0.7682926829268293,0.5338983050847458,0.93631669535284,0.63,GSM5213943,0
ZNF786,ZNF,GSM5213826,C2H2 Zinc Finger,Gene Regulation,Hep-G2,homo_sapiens,149702,GEO,0.982,0.0340190478284401,0,263,0.9056,36,60.39,61,9.62,20.5,95.5,15000,200,0.7476840280294188,0.9533073214485928,0.9159257810359964,0.8513323983169705,0.8093333333333333,0.8886653252850436,0.8298017771701982,GSM5213826,0
ZNF789,ZNF,GSM2466662,C2H2 Zinc Finger,Gene Regulation,HEK293T,homo_sapiens,77036,GEO,0.996,0.0032659999999991,0,305,0.2995824634655532,36,48.43,47.5,8.97,21.5,95.5,856,200,0.4375363382400167,0.8416717666258671,0.5708565759767764,0.725,0.3372093023255814,0.8745387453874539,0.4603174603174603,GSM2466662,0
ZNF79,ZNF,GSM2466669,C2H2 Zinc Finger,Gene Regulation,HEK293T,homo_sapiens,77030,GEO,0.996,0.0125773334013265,0,138,0.4942574257425742,37,44.93,43,9.98,7,95.5,2520,200,0.4348581765194567,0.7622655122655122,0.5255300505187981,0.7872340425531915,0.2936507936507936,0.8830478440637921,0.4277456647398844,GSM2466669,0
ZNF790,ZNF,GSM2466663,C2H2 Zinc Finger,Gene Regulation,HEK293T,homo_sapiens,77035,GEO,0.995,0.0021839999999994,0,130,0.4361702127659574,36,47.23,45.5,10.79,20.5,93.5,212,200,0.5472813793767886,0.8291090629800307,0.5696942522913779,1,0.3333333333333333,0.903448275862069,0.5,GSM2466663,0
ZNF791,ZNF,GSM2828913,C2H2 Zinc Finger,Gene Regulation,HEK293,homo_sapiens,100623,GEO,0.973,0.011860499999997,0,395,0.492,37,48.63,48,9.7,20.5,79,5173,200,0.7072034795004317,0.9451916504052644,0.8168634308181282,0.8208232445520581,0.655705996131528,0.9499304589707928,0.7290322580645161,GSM2828913,0
ZNF792,ZNF,GSM2533985,C2H2 Zinc Finger,Gene Regulation,Hep-G2,homo_sapiens,100892,GEO,0.994,0.0590204999999852,0,1524,0.944,35,56.18,55.5,10.56,21.5,95,15000,200,0.7340486716767408,0.956585658753297,0.8761353093255556,0.8652312599681021,0.7233333333333334,0.907331006029832,0.7879448075526507,GSM2533985,0
ZNF793,ZNF,GSM2466666,C2H2 Zinc Finger,Gene Regulation,HEK293T,homo_sapiens,77033,GEO,0.995,0.0455557499999886,0,5440,0.4228,36,48.94,49,9.87,21.5,95.5,15000,200,0.8573368928717207,0.9845213543518628,0.9398556927330136,0.8861016949152543,0.8713333333333333,0.9636711281070746,0.878655462184874,GSM2466666,0
ZNF799,ZNF,GSM2466668,C2H2 Zinc Finger,Gene Regulation,HEK293T,homo_sapiens,77031,GEO,0.994,0.0040019999999989,0,436,0.3663594470046083,36,45.96,44.5,8.01,21,95.5,777,200,0.4019426290718607,0.8318977549148623,0.5029756070206173,0.6875,0.282051282051282,0.9084604715672676,0.4,GSM2466668,0
ZNF8,ZNF,GSM5331012,C2H2 Zinc Finger,Gene Regulation,SK-N-SH,homo_sapiens,146551,GEO,0.977,0.0376796199580915,0,2517,0.3444,40,43.51,39,12.07,19.5,85,15000,200,0.6818559061305388,0.9330388737129648,0.7659613746083953,0.7719021310181531,0.652,0.9485960575521328,0.7069027827972534,GSM5331012,0
ZNF800,ZNF,GSM5213813,C2H2 Zinc Finger,Gene Regulation,Hep-G2,homo_sapiens,149686,GEO,0.994,0.0630749145737572,0,981,0.955,35,63.39,65,9.86,17.5,95.5,15000,200,0.8262537340469818,0.9733121093182148,0.9613079473933572,0.8957915831663327,0.894,0.9169522805167414,0.8948948948948949,GSM5213813,0
ZNF805,ZNF,GSM2466671,C2H2 Zinc Finger,Gene Regulation,HEK293T,homo_sapiens,77028,GEO,0.993,0.0044429999999988,0,217,0.4034021871202916,36,50.64,50,11.18,21.5,95.5,705,200,0.7269545633435897,0.9348422805201818,0.7581815903437122,0.7761194029850746,0.7323943661971831,0.951219512195122,0.7536231884057971,GSM2466671,0
ZNF808,ZNF,GSM2466672,C2H2 Zinc Finger,Gene Regulation,HEK293T,homo_sapiens,77027,GEO,0.989,0.0205619999999948,0,1984,0.4649859943977591,36,46.19,46.5,6.73,21.5,95.5,3465,200,0.6805393030844682,0.9233278900990788,0.8076381834947226,0.7327327327327328,0.7031700288184438,0.9340885684860968,0.7176470588235294,GSM2466672,0
ZNF81,ZNF,GSM2466674,C2H2 Zinc Finger,Gene Regulation,HEK293T,homo_sapiens,77026,GEO,0.988,0.0034392499999991,0,371,0.2060723514211886,36,41.14,39,8.14,21,95.5,1427,200,0.8134722742460109,0.9510600422575046,0.8536503552019001,0.9375,0.7342657342657343,0.967948717948718,0.8235294117647058,GSM2466674,0
ZNF816,ZNF,GSM6372196,C2H2 Zinc Finger,Gene Regulation,Hep-G2,homo_sapiens,163574,GEO,0.987,0.0637251566499267,0,760,0.9376,36,58.9,59.5,11.54,19.5,95.5,15000,200,0.7629642700751977,0.9580727448357852,0.8956345887496616,0.8140900195694716,0.832,0.9102906782492484,0.8229475766567754,GSM6372196,0
ZNF823,ZNF,GSM2466675,C2H2 Zinc Finger,Gene Regulation,HEK293T,homo_sapiens,77025,GEO,0.891,0.0164974999999958,0,1551,0.3679221111965155,36,45.84,45,7.64,21,96,3787,200,0.722892899152688,0.941426870188488,0.8147470610953252,0.7958579881656804,0.7097625329815304,0.947980238302819,0.7503486750348675,GSM2466675,0
ZNF83,ZNF,GSM5214276,C2H2 Zinc Finger,Gene Regulation,Hep-G2,homo_sapiens,145831,GEO,0.983,0.066716910009407,0,530,0.926,36,63.72,64.5,8.87,20.5,95.5,15000,200,0.8167443583251818,0.9750927605409706,0.9622619368193543,0.8970390309555855,0.8886666666666667,0.9109874826147428,0.8928332217012726,GSM5214276,0
ZNF837,ZNF,GSM2423882,C2H2 Zinc Finger,Gene Regulation,HEK293,homo_sapiens,179778,GEO,0.997,0.0217105264803242,0,362,0.5464,37,51.78,50.5,10.97,20,77.5,7371,200,0.7340891073527671,0.9449675307155802,0.841632649403398,0.8557046979865772,0.6919945725915875,0.9359394187474416,0.7651912978244562,GSM2423882,0
ZNF84,ZNF,GSM2466677,C2H2 Zinc Finger,Gene Regulation,HEK293T,homo_sapiens,73925,GEO,0.996,0.0229829999999942,0,3414,0.1962,36,38.04,36,8.06,20.5,98,11006,200,0.8709674882653569,0.9825183060062468,0.9347134680972752,0.8809738503155996,0.8873751135331517,0.9762962962962964,0.8841628959276018,GSM2466677,0
ZNF846,ZNF,GSM2466676,C2H2 Zinc Finger,Gene Regulation,HEK293T,homo_sapiens,77024,GEO,0.993,0.0031707499999992,0,167,0.8174715909090909,37,67.28,71.5,13.01,21,95.5,1318,200,0.8291855395717257,0.970888661899898,0.9468546153698332,0.9553571428571428,0.8106060606060606,0.924812030075188,0.8770491803278688,GSM2466676,0
ZNF85,ZNF,GSM2026800,C2H2 Zinc Finger,Gene Regulation,HEK293,homo_sapiens,65184,GEO,0.994,0.0070182499999982,0,563,0.5987078248384781,37,42.79,41,9.72,21.5,74,1326,200,0.5829247092597815,0.8652067669172934,0.680460691275569,0.7,0.5789473684210527,0.904608788853162,0.6337448559670782,GSM2026800,0
ZNF850,ZNF,GSM5669572,C2H2 Zinc Finger,Gene Regulation,Hep-G2,homo_sapiens,172400,GEO,0.987,0.0276088608562507,0,335,0.8906,36,63.45,65,9.47,19.5,95.5,15000,200,0.8129602094416064,0.969267171042872,0.955686593836264,0.914001421464108,0.8573333333333333,0.9105951427808914,0.8847609219126247,GSM5669572,0
ZNF860,ZNF,GSM2466679,C2H2 Zinc Finger,Gene Regulation,HEK293T,homo_sapiens,77023,GEO,0.986,0.0024524999999993,0,162,0.714548802946593,36,59,61.5,13.96,21,95.5,464,200,0.7291762635597034,0.909375,0.8542313519108404,0.7948717948717948,0.775,0.9114583333333334,0.7848101265822784,GSM2466679,0
ZNF865,ZNF,GSM5669886,C2H2 Zinc Finger,Gene Regulation,Hep-G2,homo_sapiens,172014,GEO,0.979,0.189308385149002,0,13199,0.8272,36,50.84,49.5,9.76,21.5,95.5,15000,200,0.8605862156023328,0.9823381599243668,0.9523674466545464,0.8957055214723927,0.876,0.9586534943285766,0.8857431749241659,GSM5669886,0
ZNF879,ZNF,GSM2466680,C2H2 Zinc Finger,Gene Regulation,HEK293T,homo_sapiens,77022,GEO,0.993,0.0035524999999991,0,322,0.2224253503960999,36,39.45,37.5,8.88,20.5,95.5,1525,200,0.3478196622473481,0.8060970649716711,0.4154959847479533,0.673469387755102,0.2156862745098039,0.911400651465798,0.3267326732673267,GSM2466680,0
ZNF880,ZNF,GSM2466681,C2H2 Zinc Finger,Gene Regulation,HEK293T,homo_sapiens,77021,GEO,0.987,0.0021542499999994,0,179,0.4282296650717703,36,47.37,46.5,10.08,21,95.5,324,200,0.4713628407871356,0.9063795853269536,0.6965359693972417,0.75,0.3636363636363636,0.8878923766816144,0.4897959183673469,GSM2466681,0
ZNF883,ZNF,GSM5331233,C2H2 Zinc Finger,Gene Regulation,HepG2,homo_sapiens,146671,GEO,0.984,0.1371615084017828,0,1192,0.9404,36,65.92,66.5,8.23,21,95.5,15000,200,0.8493833865683337,0.9819978084593468,0.9811727664971208,0.9459649122807018,0.8986666666666666,0.9241972856669975,0.9217094017094016,GSM5331233,0
ZNF891,ZNF,GSM5213974,C2H2 Zinc Finger,Gene Regulation,Hep-G2,homo_sapiens,149732,GEO,0.98,0.1599469712818198,0,1605,0.943,36,64.51,64.5,7.8,19.5,95.5,15000,200,0.8429506354664386,0.9747982619491,0.9649382237252512,0.8754512635379061,0.97,0.9189971070395372,0.920303605313093,GSM5213974,0
ZNF90,ZNF,GSM2466684,C2H2 Zinc Finger,Gene Regulation,HEK293T,homo_sapiens,77019,GEO,0.868,0.0016762499999995,0,150,0.2572347266881029,37,51.62,54,10.34,22,97.5,247,200,0.8613973647824799,0.952780487804878,0.8509740514524191,0.9130434782608696,0.84,0.9739130434782608,0.875,GSM2466684,0
ZNF92,ZNF,GSM1463921,C2H2 Zinc Finger,Gene Regulation,pigment cell,homo_sapiens,49482,GEO,0.98,0.0444687499999888,0,7317,0.5856,38,44.59,44,11.02,21,95.5,15000,200,0.720340735521853,0.9491297345801456,0.8135982683079612,0.8287841191066998,0.668,0.9548539959016392,0.7397563676633444,GSM1463921,0
ZNF93,ZNF,GSM2466685,C2H2 Zinc Finger,Gene Regulation,HEK293T,homo_sapiens,77018,GEO,0.991,0.0133832499999966,0,2048,0.427,37,54,53.5,8.65,21,90,4898,200,0.8009576840975043,0.961942758260774,0.9079530061487736,0.956043956043956,0.710204081632653,0.9543616406701328,0.8149882903981265,GSM2466685,0
ZSCAN12,Unknown/Other,GSM5669608,Unknown/Other,Gene Regulation,Hep-G2,homo_sapiens,172294,GEO,0.989,0.0269022765751958,0,328,0.934,34,62.7,64.5,10.3,21.5,95.5,15000,200,0.8042861938120744,0.9632539387172808,0.937572957857388,0.8931564245810056,0.8526666666666667,0.9106759016001912,0.8724420190995907,GSM5669608,0
ZSCAN16,Unknown/Other,GSM2026868,Unknown/Other,Gene Regulation,HEK293,homo_sapiens,65086,GEO,0.986,0.1185142499999703,0,11835,0.405,38,32,31,7.93,12,69.5,15000,200,0.8676378198043823,0.979914072404564,0.9508286808460736,0.928156748911466,0.8526666666666667,0.9627863705081986,0.8888116747741487,GSM2026868,0
ZSCAN18,Unknown/Other,GSM2828531,Unknown/Other,Gene Regulation,HEK293,homo_sapiens,100360,GEO,0.981,0.0128854999999967,0,185,0.6904,37,52.63,52,10.43,21.5,78.5,7249,200,0.7473130439899108,0.9442177210809148,0.851694877997517,0.8267477203647416,0.7503448275862069,0.9315862708719852,0.7866955892986262,GSM2828531,0
ZSCAN2,Unknown/Other,GSM2574782,Unknown/Other,Gene Regulation,Hep-G2,homo_sapiens,77266,GEO,0.99,0.0173742499999956,0,279,0.935738444193912,36,48,46.5,9.03,22,81.5,1736,200,0.5640113234364437,0.8742095754290876,0.7140666549821961,0.8018867924528302,0.4885057471264368,0.8793859649122807,0.6071428571428571,GSM2574782,0
ZSCAN20,Unknown/Other,GSM2423936,Unknown/Other,Gene Regulation,HEK293,homo_sapiens,179657,GEO,0.998,0.0369768431565789,0,1384,0.865,37,48.15,47,9.61,20,79.5,15000,200,0.6583004106064092,0.9305982869379016,0.7999929880723831,0.7293388429752066,0.706,0.9019400352733686,0.717479674796748,GSM2423936,0
ZSCAN21,Unknown/Other,GSM2825590,Unknown/Other,Gene Regulation,HEK293,homo_sapiens,102352,GEO,0.997,0.0494300307334651,0,398,0.8472,37,52.68,51.5,10.83,19.5,82.5,15000,200,0.6297572370565959,0.9081851464435148,0.7553842905274584,0.7592592592592593,0.6286666666666667,0.895507813,0.687819110138585,GSM2825590,0
ZSCAN22,Unknown/Other,GSM2026754,Unknown/Other,Gene Regulation,HEK293,homo_sapiens,65154,GEO,0.996,0.0331264999999917,0,641,0.7332,30,63.25,65.5,10.96,20.5,85,8228,200,0.7851322401548917,0.9612661408241862,0.9311197865645428,0.871501272264631,0.8323207776427703,0.9078287697647512,0.8514605344934743,GSM2026754,0
ZSCAN23,Unknown/Other,GSM2423872,Unknown/Other,Gene Regulation,HEK293,homo_sapiens,179631,GEO,0.997,0.0300313618335535,0,288,0.7612,37,52.64,52,10.63,20.5,81,14010,200,0.6632927354299245,0.9083094922876108,0.77320695466777,0.8170731707317073,0.6216987865810135,0.9109774066797642,0.7061207944872314,GSM2423872,0
ZSCAN26,Unknown/Other,GSM2827159,Unknown/Other,Gene Regulation,HEK293,homo_sapiens,100668,GEO,0.967,0.011793749999997,0,150,0.591,40,52.29,51,10.53,20.5,78.5,6540,200,0.8039605213964541,0.956227218840882,0.8809581404125587,0.8779661016949153,0.7920489296636085,0.9485275921801536,0.8327974276527331,GSM2827159,0
ZSCAN29,Unknown/Other,GSM5214069,Unknown/Other,Gene Regulation,Hep-G2,homo_sapiens,145349,GEO,0.984,0.0409302018775439,0,446,0.9238,36,57.99,58,10.39,20,95.5,15000,200,0.7049364823310607,0.9429747351263243,0.8696303344126944,0.7420306965761512,0.838,0.8783542039355993,0.7871008140262993,GSM5214069,0
ZSCAN30,Unknown/Other,GSM5214362,Unknown/Other,Gene Regulation,Hep-G2,homo_sapiens,145613,GEO,0.988,0.03810683543594,0,318,0.8958,36,61.49,62.5,9.6,20,95.5,15000,200,0.7798276182392729,0.9588078994614004,0.9302359286052024,0.8991097922848664,0.808,0.9010501750291716,0.851123595505618,GSM5214362,0
ZSCAN31,Unknown/Other,GSM5214630,Unknown/Other,Gene Regulation,Hep-G2,homo_sapiens,146136,GEO,0.982,0.0828298083460543,0,1548,0.9424,36,63.43,64.5,9.98,22,95.5,15000,200,0.806259481238759,0.9700223552894212,0.951880821463582,0.8891928864569083,0.8666666666666667,0.9096129837702872,0.8777852802160703,GSM5214630,0
ZSCAN32,Unknown/Other,GSM5214783,Unknown/Other,Gene Regulation,K562,homo_sapiens,145678,GEO,0.982,0.0202012289762868,0,705,0.7357960248945995,40,50.78,48,12.61,21,81.5,4973,200,0.6445830154319133,0.9186825248651412,0.7656641807131217,0.7915567282321899,0.6036217303822937,0.9148936170212766,0.684931506849315,GSM5214783,0
ZSCAN4,Unknown/Other,GSM2825466,Unknown/Other,Gene Regulation,HEK293,homo_sapiens,102204,GEO,0.981,0.0734042499999816,0,4858,0.6856,38,48.46,48,8.33,22,77.5,15000,200,0.8645822811238387,0.9741125298900049,0.9414568977212904,0.9150141643059492,0.8613333333333333,0.9612750885478158,0.8873626373626373,GSM2825466,0
ZSCAN5A,Unknown/Other,GSM2423368,Unknown/Other,Gene Regulation,HEK293,homo_sapiens,179649,GEO,0.997,0.030097759429829,0,304,0.7744,37,57.84,58.5,11.27,19,81.5,15000,200,0.7417292181336089,0.9444812885455962,0.8619406498859322,0.8519660755589823,0.7366666666666667,0.9169378802886656,0.7901322845906328,GSM2423368,0
ZSCAN5C,Unknown/Other,GSM2828682,Unknown/Other,Gene Regulation,HEK293,homo_sapiens,100595,GEO,0.994,0.0400432499999899,0,666,0.7834,37,50.95,49,10.41,21.5,82,15000,200,0.5808905993001804,0.8926490312264863,0.7139403414728204,0.7595884003741815,0.5413333333333333,0.88996273870517,0.6321525885558583,GSM2828682,0
ZSCAN9,Unknown/Other,GSM2534346,Unknown/Other,Gene Regulation,Hep-G2,homo_sapiens,102567,GEO,0.989,0.0688017499999828,0,1567,0.9556,34,56.03,55.5,11.14,21.5,95.5,15000,200,0.7391320838386282,0.953552869691566,0.8667507173569063,0.8048780487804879,0.792,0.9083549717427828,0.7983870967741935,GSM2534346,0
ZXDC,Unknown/Other,GSM5214920,Unknown/Other,Gene Regulation,Hep-G2,homo_sapiens,145736,GEO,0.988,0.094218312590905,0,1020,0.9378,36,64.26,65,9.44,20.5,95.5,15000,200,0.808730442765336,0.9714956467661692,0.9575983840239448,0.8931710615280595,0.8806666666666667,0.9075192096597146,0.886874790198053,GSM5214920,0
Zbtb1,Unknown/Other,GSM2424170,Unknown/Other,Gene Regulation,HEK293,homo_sapiens,179401,GEO,0.996,0.0195291876377597,0,276,0.6888,37,52.16,50.5,11.77,21,80,6212,200,0.6489572134942825,0.9134485306205716,0.7712765515440946,0.7220338983050848,0.6859903381642513,0.9073069971598244,0.70355078447564,GSM2424170,0
Zbtb12,Unknown/Other,GSM5330759,Unknown/Other,Gene Regulation,K-562,homo_sapiens,146598,GEO,0.993,0.028755028465076,0,1611,0.8446,40,57.35,58.5,11.97,20,85,7404,200,0.693440417701323,0.9288597710585976,0.8262181738583446,0.825944170771757,0.6797297297297298,0.9056915039868024,0.7457375833951075,GSM5330759,0
Zbtb21,Unknown/Other,GSM2797657,Unknown/Other,Gene Regulation,Hep-G2,homo_sapiens,132604,GEO,0.995,0.0540481010373162,0,1857,0.9396,34,54.45,53.5,10.27,21,95.5,15000,200,0.7565000966451961,0.954455941591138,0.8748344315336706,0.8145650708024275,0.8053333333333333,0.91656856974691,0.8099228964130071,GSM2797657,0
Zbtb7a,Unknown/Other,GSM2771543,Unknown/Other,Gene Regulation,HUDEP-2,homo_sapiens,82594,GEO,0.926,0.1660384999999585,0,3044,0.9632,34,61.44,63,11.91,21,97.5,15000,200,0.7646661182876178,0.9538652677158797,0.896828648809604,0.8232588699080158,0.8353333333333334,0.9062329638379066,0.8292521508934481,GSM2771543,0
Zbtb7b,Unknown/Other,GSM5214739,Unknown/Other,Gene Regulation,Hep-G2,homo_sapiens,145748,GEO,0.993,0.0896446345454803,0,1756,0.9574,35,59.73,60.5,10.17,20.5,95.5,15000,200,0.7194876474432162,0.9423826632449388,0.8776859726048284,0.8567026194144838,0.7413333333333333,0.8853604953065708,0.7948534667619729,GSM5214739,0
Zfp3,Zfp,GSM6372573,C2H2 Zinc Finger,Gene Regulation,SK-N-SH,homo_sapiens,163684,GEO,0.992,0.0185130059075871,0,319,0.8376,40,60.25,63,11.76,20,82,9522,200,0.7189500891718987,0.9456897534739488,0.886623354635938,0.7985074626865671,0.7867647058823529,0.8912621359223301,0.7925925925925926,GSM6372573,0
Zfp42,Zfp,GSM2026848,C2H2 Zinc Finger,Gene Regulation,HEK293,homo_sapiens,65099,GEO,0.993,0.0029742499999992,0,72,0.7040498442367601,37,47.83,44.25,11.77,20.5,75,258,200,0.7580479260735725,0.9221961244862008,0.8704597071725769,0.8636363636363636,0.7307692307692307,0.9363057324840764,0.7916666666666666,GSM2026848,0
Zfp62,Zfp,GSM5214642,C2H2 Zinc Finger,Gene Regulation,Hep-G2,homo_sapiens,145307,GEO,0.995,0.0174272306387473,0,119,0.9092,34,60.94,62,9.64,18,95.5,7947,200,0.7577376354036615,0.9527968269266412,0.9193983340376078,0.8717598908594816,0.8037735849056604,0.892334194659776,0.8363874345549738,GSM5214642,0
Zfpm2,Zfp,GSM5370544,C2H2 Zinc Finger,Gene Regulation,K-562,homo_sapiens,148078,GEO,0.993,0.0180751146139886,0,316,0.443103448275862,40,47.61,41,12.55,20.5,82,1732,200,0.6838977317270313,0.9197639752458288,0.6876668591193414,0.7702702702702703,0.6589595375722543,0.94712905059693,0.7102803738317757,GSM5370544,0
Zhx1,Unknown/Other,GSM2424107,Unknown/Other,Gene Regulation,HeLa-S3,homo_sapiens,102129,GEO,0.995,0.0043999999999989,0,105,0.947318311647096,38,57.17,58.5,10.3,21,97.5,3053,200,0.7622769968689846,0.953773967444824,0.9096982087062307,0.8681318681318682,0.7770491803278688,0.9098786828422876,0.8200692041522492,GSM2424107,0
Zic2,Unknown/Other,GSM2828565,Unknown/Other,Gene Regulation,HEK293,homo_sapiens,101319,GEO,0.977,0.1624004999999594,0,9714,0.9176,37,58.97,59,9.14,22,85.5,15000,200,0.7715714847248991,0.9590972855591748,0.9135609053205144,0.8697806086341118,0.8193333333333334,0.9004376367614879,0.8438036388602815,GSM2828565,0
